#
# There is insufficient memory for the Java Runtime Environment to continue.
# Native memory allocation (malloc) failed to allocate 1308760 bytes. Error detail: Chunk::new
# Possible reasons:
#   The system is out of physical RAM or swap space
#   This process is running with CompressedOops enabled, and the Java Heap may be blocking the growth of the native heap
# Possible solutions:
#   Reduce memory load on the system
#   Increase physical memory or swap space
#   Check if swap backing store is full
#   Decrease Java heap size (-Xmx/-Xms)
#   Decrease number of Java threads
#   Decrease Java thread stack sizes (-Xss)
#   Set larger code cache with -XX:ReservedCodeCacheSize=
#   JVM is running with Unscaled Compressed Oops mode in which the Java heap is
#     placed in the first 4GB address space. The Java Heap base address is the
#     maximum limit for the native heap growth. Please use -XX:HeapBaseMinAddress
#     to set the Java Heap base and to place the Java Heap above 4GB virtual address.
# This output file may be truncated or incomplete.
#
#  Out of Memory Error (arena.cpp:186), pid=16876, tid=2912
#
# JRE version: OpenJDK Runtime Environment (25.0.2) (build 25.0.2+-15348964-b329.117)
# Java VM: OpenJDK 64-Bit Server VM (25.0.2+-15348964-b329.117, mixed mode, tiered, compressed oops, compressed class ptrs, g1 gc, windows-amd64)
# No core dump will be written. Minidumps are not enabled by default on client versions of Windows
#

---------------  S U M M A R Y ------------

Command Line: --add-opens=java.base/java.lang=ALL-UNNAMED --add-opens=java.base/java.lang.invoke=ALL-UNNAMED --add-opens=java.base/java.util=ALL-UNNAMED --add-opens=java.prefs/java.util.prefs=ALL-UNNAMED --add-exports=jdk.compiler/com.sun.tools.javac.api=ALL-UNNAMED --add-exports=jdk.compiler/com.sun.tools.javac.util=ALL-UNNAMED --add-opens=java.base/java.nio.charset=ALL-UNNAMED --add-opens=java.base/java.net=ALL-UNNAMED --add-opens=java.base/java.util.concurrent=ALL-UNNAMED --add-opens=java.base/java.util.concurrent.atomic=ALL-UNNAMED --add-opens=java.xml/javax.xml.namespace=ALL-UNNAMED --add-opens=java.base/java.time=ALL-UNNAMED --enable-native-access=ALL-UNNAMED -Xmx2048m -Dfile.encoding=UTF-8 -Duser.country=ID -Duser.language=en -Duser.variant -javaagent:U:\Android-SDK\wrapper\dists\gradle-9.5.0-bin\bvnork1r7n8i6kp5cnkibsc9q\gradle-9.5.0\lib\agents\gradle-instrumentation-agent-9.5.0.jar org.gradle.launcher.daemon.bootstrap.GradleDaemon 9.5.0

Host: AMD Ryzen 3 3250U with Radeon Graphics         , 4 cores, 5G,  Windows 11 , 64 bit Build 22621 (10.0.22621.457)
Time: Mon Aug 24 14:31:36 2026 SE Asia Standard Time elapsed time: 16419.685975 seconds (0d 4h 33m 39s)

---------------  T H R E A D  ---------------

Current thread (0x000001d479e31430):  JavaThread "C2 CompilerThread0" daemon [_thread_in_native, id=2912, stack(0x0000007ad8900000,0x0000007ad8a00000) (1024K)]


Current CompileTask:
C2:16419686 55502       4       java.util.zip.ZipFile$Source::getEntryPos (199 bytes)

Stack: [0x0000007ad8900000,0x0000007ad8a00000]
Native frames: (J=compiled Java code, j=interpreted, Vv=VM code, C=native code)
V  [jvm.dll+0x7bd439]  (no source info available)
V  [jvm.dll+0x78763d]  (no source info available)
V  [jvm.dll+0xa0c885]  (no source info available)
V  [jvm.dll+0xa0ef04]  (no source info available)
V  [jvm.dll+0xa0f603]  (no source info available)
V  [jvm.dll+0x309bf6]  (no source info available)
V  [jvm.dll+0x10ea69]  (no source info available)
V  [jvm.dll+0x10ed92]  (no source info available)
V  [jvm.dll+0x1a9837]  (no source info available)
V  [jvm.dll+0x3bec92]  (no source info available)
V  [jvm.dll+0x7c2cb7]  (no source info available)
V  [jvm.dll+0x2ce046]  (no source info available)
V  [jvm.dll+0x2cd221]  (no source info available)
V  [jvm.dll+0x242ffa]  (no source info available)
V  [jvm.dll+0x2dcc05]  (no source info available)
V  [jvm.dll+0x2dae06]  (no source info available)
V  [jvm.dll+0x49b59e]  (no source info available)
V  [jvm.dll+0x9ab9c8]  (no source info available)
V  [jvm.dll+0x7bb985]  (no source info available)
C  [ucrtbase.dll+0x29363]  (no source info available)
C  [KERNEL32.DLL+0x1244d]  (no source info available)
C  [ntdll.dll+0x5df78]  (no source info available)

Lock stack of current Java thread (top to bottom):


---------------  P R O C E S S  ---------------

Threads class SMR info:
_java_thread_list=0x000001d419e93e60, length=84, elements={
0x000001d46f99a810, 0x000001d479dff080, 0x000001d479e18bb0, 0x000001d479e1a780,
0x000001d479e241c0, 0x000001d479e24d80, 0x000001d479e27950, 0x000001d479e2c520,
0x000001d479e31430, 0x000001d479e38080, 0x000001d47e2f6940, 0x000001d41009b370,
0x000001d47e3bb570, 0x000001d40f0c2c90, 0x000001d40f8c98f0, 0x000001d40f8ca0c0,
0x000001d40f8c71e0, 0x000001d410481990, 0x000001d4104809f0, 0x000001d410484870,
0x000001d4104867b0, 0x000001d410485810, 0x000001d4104811c0, 0x000001d410482930,
0x000001d410d5c600, 0x000001d41145d3d0, 0x000001d4189d7f50, 0x000001d4189e0bf0,
0x000001d4189df480, 0x000001d4189e3300, 0x000001d4189e5240, 0x000001d479e5d940,
0x000001d4135e8260, 0x000001d4189decb0, 0x000001d41145cc00, 0x000001d41817afe0,
0x000001d418177930, 0x000001d411459d20, 0x000001d4135ef790, 0x000001d41817a810,
0x000001d4189e2b30, 0x000001d418d2c920, 0x000001d41a443da0, 0x000001d41a44e1b0,
0x000001d418d307a0, 0x000001d41a447450, 0x000001d4114585b0, 0x000001d41a44ab00,
0x000001d41a441e60, 0x000001d4181759f0, 0x000001d4189dbdd0, 0x000001d4189e0420,
0x000001d40f8c3b30, 0x000001d418d2e860, 0x000001d41a449b60, 0x000001d41145b490,
0x000001d40f8c4ad0, 0x000001d410d57fb0, 0x000001d410d5cdd0, 0x000001d418178100,
0x000001d4182c04d0, 0x000001d41902fac0, 0x000001d4182bddc0, 0x000001d419033170,
0x000001d4182b7830, 0x000001d41a449390, 0x000001d4135ea970, 0x000001d41902cbe0,
0x000001d4202d3180, 0x000001d419028590, 0x000001d41a445510, 0x000001d4202ca4e0,
0x000001d4202cacb0, 0x000001d419029530, 0x000001d41902e350, 0x000001d4182bd5f0,
0x000001d4182ba710, 0x000001d4182bed60, 0x000001d4182bfd00, 0x000001d4202c85a0,
0x000001d4202cf300, 0x000001d4202c7dd0, 0x000001d4202cfad0, 0x000001d4202d02a0
}

Java Threads: ( => current thread )
  0x000001d46f99a810 JavaThread "main"                              [_thread_blocked, id=3964, stack(0x0000007ad7a00000,0x0000007ad7b00000) (1024K)]
  0x000001d479dff080 JavaThread "Common-Cleaner"             daemon [_thread_blocked, id=16468, stack(0x0000007ad8200000,0x0000007ad8300000) (1024K)]
  0x000001d479e18bb0 JavaThread "Reference Handler"          daemon [_thread_blocked, id=13328, stack(0x0000007ad8300000,0x0000007ad8400000) (1024K)]
  0x000001d479e1a780 JavaThread "Finalizer"                  daemon [_thread_blocked, id=3680, stack(0x0000007ad8400000,0x0000007ad8500000) (1024K)]
  0x000001d479e241c0 JavaThread "Signal Dispatcher"          daemon [_thread_blocked, id=16848, stack(0x0000007ad8500000,0x0000007ad8600000) (1024K)]
  0x000001d479e24d80 JavaThread "Attach Listener"            daemon [_thread_blocked, id=3880, stack(0x0000007ad8600000,0x0000007ad8700000) (1024K)]
  0x000001d479e27950 JavaThread "Service Thread"             daemon [_thread_blocked, id=17160, stack(0x0000007ad8700000,0x0000007ad8800000) (1024K)]
  0x000001d479e2c520 JavaThread "Monitor Deflation Thread"   daemon [_thread_blocked, id=11132, stack(0x0000007ad8800000,0x0000007ad8900000) (1024K)]
=>0x000001d479e31430 JavaThread "C2 CompilerThread0"         daemon [_thread_in_native, id=2912, stack(0x0000007ad8900000,0x0000007ad8a00000) (1024K)]
  0x000001d479e38080 JavaThread "C1 CompilerThread0"         daemon [_thread_blocked, id=2656, stack(0x0000007ad8a00000,0x0000007ad8b00000) (1024K)]
  0x000001d47e2f6940 JavaThread "Notification Thread"        daemon [_thread_blocked, id=4940, stack(0x0000007ad8b00000,0x0000007ad8c00000) (1024K)]
  0x000001d41009b370 JavaThread "Daemon health stats"               [_thread_blocked, id=16896, stack(0x0000007ad8f00000,0x0000007ad9000000) (1024K)]
  0x000001d47e3bb570 JavaThread "Incoming local TCP Connector on port 6703"        [_thread_in_native, id=8392, stack(0x0000007ad9000000,0x0000007ad9100000) (1024K)]
  0x000001d40f0c2c90 JavaThread "Daemon periodic checks"            [_thread_blocked, id=13756, stack(0x0000007ad9100000,0x0000007ad9200000) (1024K)]
  0x000001d40f8c98f0 JavaThread "Cache worker for journal cache (U:\Android-SDK\caches\journal-1)"        [_thread_blocked, id=8940, stack(0x0000007ad9900000,0x0000007ad9a00000) (1024K)]
  0x000001d40f8ca0c0 JavaThread "File lock request listener"        [_thread_in_native, id=9608, stack(0x0000007ad9a00000,0x0000007ad9b00000) (1024K)]
  0x000001d40f8c71e0 JavaThread "Cache worker for file hash cache (U:\Android-SDK\caches\9.5.0\fileHashes)"        [_thread_blocked, id=3148, stack(0x0000007ad9b00000,0x0000007ad9c00000) (1024K)]
  0x000001d410481990 JavaThread "File watcher server"        daemon [_thread_in_native, id=16388, stack(0x0000007ad9e00000,0x0000007ad9f00000) (1024K)]
  0x000001d4104809f0 JavaThread "File watcher consumer"      daemon [_thread_blocked, id=15596, stack(0x0000007ad9f00000,0x0000007ada000000) (1024K)]
  0x000001d410484870 JavaThread "jar transforms"                    [_thread_blocked, id=6024, stack(0x0000007ada000000,0x0000007ada100000) (1024K)]
  0x000001d4104867b0 JavaThread "jar transforms Thread 2"           [_thread_blocked, id=10556, stack(0x0000007ada100000,0x0000007ada200000) (1024K)]
  0x000001d410485810 JavaThread "jar transforms Thread 3"           [_thread_blocked, id=12152, stack(0x0000007ada200000,0x0000007ada300000) (1024K)]
  0x000001d4104811c0 JavaThread "jar transforms Thread 4"           [_thread_blocked, id=16024, stack(0x0000007ada300000,0x0000007ada400000) (1024K)]
  0x000001d410482930 JavaThread "Cache worker for file content cache (U:\Android-SDK\caches\9.5.0\fileContent)"        [_thread_blocked, id=6280, stack(0x0000007ada400000,0x0000007ada500000) (1024K)]
  0x000001d410d5c600 JavaThread "Memory manager"                    [_thread_blocked, id=5432, stack(0x0000007adac00000,0x0000007adad00000) (1024K)]
  0x000001d41145d3d0 JavaThread "pool-3-thread-1"                   [_thread_blocked, id=5900, stack(0x0000007adad00000,0x0000007adae00000) (1024K)]
  0x000001d4189d7f50 JavaThread "pool-5-thread-1"                   [_thread_blocked, id=6864, stack(0x0000007adb200000,0x0000007adb300000) (1024K)]
  0x000001d4189e0bf0 JavaThread "RMI Scheduler(0)"           daemon [_thread_blocked, id=16224, stack(0x0000007adb700000,0x0000007adb800000) (1024K)]
  0x000001d4189df480 JavaThread "RMI GC Daemon"              daemon [_thread_blocked, id=13272, stack(0x0000007adb900000,0x0000007adba00000) (1024K)]
  0x000001d4189e3300 JavaThread "RMI TCP Accept-0"           daemon [_thread_in_native, id=8500, stack(0x0000007adba00000,0x0000007adbb00000) (1024K)]
  0x000001d4189e5240 JavaThread "RMI Reaper"                        [_thread_blocked, id=16956, stack(0x0000007adbb00000,0x0000007adbc00000) (1024K)]
  0x000001d479e5d940 JavaThread "pool-7-thread-1"                   [_thread_blocked, id=5924, stack(0x0000007adb100000,0x0000007adb200000) (1024K)]
  0x000001d4135e8260 JavaThread "pool-9-thread-1"                   [_thread_blocked, id=12476, stack(0x0000007adb000000,0x0000007adb100000) (1024K)]
  0x000001d4189decb0 JavaThread "pool-12-thread-1"                  [_thread_blocked, id=15704, stack(0x0000007adaa00000,0x0000007adab00000) (1024K)]
  0x000001d41145cc00 JavaThread "pool-14-thread-1"                  [_thread_blocked, id=16368, stack(0x0000007adbc00000,0x0000007adbd00000) (1024K)]
  0x000001d41817afe0 JavaThread "pool-17-thread-1"                  [_thread_blocked, id=16028, stack(0x0000007adae00000,0x0000007adaf00000) (1024K)]
  0x000001d418177930 JavaThread "pool-19-thread-1"                  [_thread_blocked, id=1064, stack(0x0000007adb800000,0x0000007adb900000) (1024K)]
  0x000001d411459d20 JavaThread "pool-22-thread-1"                  [_thread_blocked, id=13216, stack(0x0000007adaf00000,0x0000007adb000000) (1024K)]
  0x000001d4135ef790 JavaThread "pool-24-thread-1"                  [_thread_blocked, id=5480, stack(0x0000007adbd00000,0x0000007adbe00000) (1024K)]
  0x000001d41817a810 JavaThread "pool-26-thread-1"                  [_thread_blocked, id=12420, stack(0x0000007adbe00000,0x0000007adbf00000) (1024K)]
  0x000001d4189e2b30 JavaThread "pool-30-thread-1"                  [_thread_blocked, id=3272, stack(0x0000007adb400000,0x0000007adb500000) (1024K)]
  0x000001d418d2c920 JavaThread "pool-32-thread-1"                  [_thread_blocked, id=6164, stack(0x0000007adbf00000,0x0000007adc000000) (1024K)]
  0x000001d41a443da0 JavaThread "pool-35-thread-1"                  [_thread_blocked, id=16720, stack(0x0000007adc200000,0x0000007adc300000) (1024K)]
  0x000001d41a44e1b0 JavaThread "pool-38-thread-1"                  [_thread_blocked, id=9404, stack(0x0000007adc000000,0x0000007adc100000) (1024K)]
  0x000001d418d307a0 JavaThread "pool-40-thread-1"                  [_thread_blocked, id=8904, stack(0x0000007adc100000,0x0000007adc200000) (1024K)]
  0x000001d41a447450 JavaThread "pool-42-thread-1"                  [_thread_blocked, id=10316, stack(0x0000007adc400000,0x0000007adc500000) (1024K)]
  0x000001d4114585b0 JavaThread "pool-45-thread-1"                  [_thread_blocked, id=17168, stack(0x0000007adc300000,0x0000007adc400000) (1024K)]
  0x000001d41a44ab00 JavaThread "pool-47-thread-1"                  [_thread_blocked, id=12160, stack(0x0000007adc600000,0x0000007adc700000) (1024K)]
  0x000001d41a441e60 JavaThread "pool-49-thread-1"                  [_thread_blocked, id=8972, stack(0x0000007adc500000,0x0000007adc600000) (1024K)]
  0x000001d4181759f0 JavaThread "pool-51-thread-1"                  [_thread_blocked, id=16888, stack(0x0000007adc700000,0x0000007adc800000) (1024K)]
  0x000001d4189dbdd0 JavaThread "pool-54-thread-1"                  [_thread_blocked, id=7532, stack(0x0000007adc900000,0x0000007adca00000) (1024K)]
  0x000001d4189e0420 JavaThread "pool-57-thread-1"                  [_thread_blocked, id=2172, stack(0x0000007adc800000,0x0000007adc900000) (1024K)]
  0x000001d40f8c3b30 JavaThread "pool-59-thread-1"                  [_thread_blocked, id=13724, stack(0x0000007adca00000,0x0000007adcb00000) (1024K)]
  0x000001d418d2e860 JavaThread "pool-61-thread-1"                  [_thread_blocked, id=17620, stack(0x0000007adcb00000,0x0000007adcc00000) (1024K)]
  0x000001d41a449b60 JavaThread "pool-64-thread-1"                  [_thread_blocked, id=3544, stack(0x0000007add100000,0x0000007add200000) (1024K)]
  0x000001d41145b490 JavaThread "pool-66-thread-1"                  [_thread_blocked, id=12320, stack(0x0000007adcd00000,0x0000007adce00000) (1024K)]
  0x000001d40f8c4ad0 JavaThread "pool-69-thread-1"                  [_thread_blocked, id=16656, stack(0x0000007adcc00000,0x0000007adcd00000) (1024K)]
  0x000001d410d57fb0 JavaThread "pool-72-thread-1"                  [_thread_blocked, id=17464, stack(0x0000007add000000,0x0000007add100000) (1024K)]
  0x000001d410d5cdd0 JavaThread "pool-74-thread-1"                  [_thread_blocked, id=18676, stack(0x0000007add300000,0x0000007add400000) (1024K)]
  0x000001d418178100 JavaThread "pool-76-thread-1"                  [_thread_blocked, id=18660, stack(0x0000007adce00000,0x0000007adcf00000) (1024K)]
  0x000001d4182c04d0 JavaThread "pool-79-thread-1"                  [_thread_blocked, id=3096, stack(0x0000007add200000,0x0000007add300000) (1024K)]
  0x000001d41902fac0 JavaThread "pool-81-thread-1"                  [_thread_blocked, id=15676, stack(0x0000007add400000,0x0000007add500000) (1024K)]
  0x000001d4182bddc0 JavaThread "pool-83-thread-1"                  [_thread_blocked, id=1040, stack(0x0000007add500000,0x0000007add600000) (1024K)]
  0x000001d419033170 JavaThread "pool-85-thread-1"                  [_thread_blocked, id=5532, stack(0x0000007adcf00000,0x0000007add000000) (1024K)]
  0x000001d4182b7830 JavaThread "pool-89-thread-1"                  [_thread_blocked, id=2304, stack(0x0000007adb300000,0x0000007adb400000) (1024K)]
  0x000001d41a449390 JavaThread "pool-91-thread-1"                  [_thread_blocked, id=15776, stack(0x0000007add700000,0x0000007add800000) (1024K)]
  0x000001d4135ea970 JavaThread "pool-93-thread-1"                  [_thread_blocked, id=7804, stack(0x0000007addb00000,0x0000007addc00000) (1024K)]
  0x000001d41902cbe0 JavaThread "pool-97-thread-1"                  [_thread_blocked, id=13548, stack(0x0000007ada900000,0x0000007adaa00000) (1024K)]
  0x000001d4202d3180 JavaThread "pool-99-thread-1"                  [_thread_blocked, id=14184, stack(0x0000007adda00000,0x0000007addb00000) (1024K)]
  0x000001d419028590 JavaThread "pool-102-thread-1"                 [_thread_blocked, id=12664, stack(0x0000007addc00000,0x0000007addd00000) (1024K)]
  0x000001d41a445510 JavaThread "pool-104-thread-1"                 [_thread_blocked, id=17812, stack(0x0000007addd00000,0x0000007adde00000) (1024K)]
  0x000001d4202ca4e0 JavaThread "Daemon Thread 35"                  [_thread_blocked, id=18112, stack(0x0000007ad7700000,0x0000007ad7800000) (1024K)]
  0x000001d4202cacb0 JavaThread "Daemon worker Thread 31"           [_thread_in_Java, id=3580, stack(0x0000007ad9200000,0x0000007ad9300000) (1024K)]
  0x000001d419029530 JavaThread "pool-107-thread-1"                 [_thread_blocked, id=17956, stack(0x0000007add900000,0x0000007adda00000) (1024K)]
  0x000001d41902e350 JavaThread "RMI TCP Connection(174)-127.0.0.1" daemon [_thread_in_native, id=3540, stack(0x0000007ade000000,0x0000007ade100000) (1024K)]
  0x000001d4182bd5f0 JavaThread "VFS cleanup Thread 33"             [_thread_blocked, id=17404, stack(0x0000007ad9300000,0x0000007ad9400000) (1024K)]
  0x000001d4182ba710 JavaThread "Handler for socket connection from /127.0.0.1:6703 to /127.0.0.1:3537"        [_thread_in_native, id=18236, stack(0x0000007ad7800000,0x0000007ad7900000) (1024K)]
  0x000001d4182bed60 JavaThread "Cancel handler"                    [_thread_blocked, id=10548, stack(0x0000007ad7900000,0x0000007ad7a00000) (1024K)]
  0x000001d4182bfd00 JavaThread "Asynchronous log dispatcher for DefaultDaemonConnection: socket connection from /127.0.0.1:6703 to /127.0.0.1:3537"        [_thread_blocked, id=8880, stack(0x0000007ad9400000,0x0000007ad9500000) (1024K)]
  0x000001d4202c85a0 JavaThread "Stdin handler"                     [_thread_blocked, id=9728, stack(0x0000007ad9500000,0x0000007ad9600000) (1024K)]
  0x000001d4202cf300 JavaThread "Daemon client event forwarder"        [_thread_blocked, id=2784, stack(0x0000007ad9600000,0x0000007ad9700000) (1024K)]
  0x000001d4202c7dd0 JavaThread "Cache worker for file hash cache (U:\AbsensiKaryawan\.gradle\9.5.0\fileHashes)"        [_thread_blocked, id=12264, stack(0x0000007ad9700000,0x0000007ad9800000) (1024K)]
  0x000001d4202cfad0 JavaThread "Cache worker for checksums cache (U:\AbsensiKaryawan\.gradle\9.5.0\checksums)"        [_thread_blocked, id=19052, stack(0x0000007ad9800000,0x0000007ad9900000) (1024K)]
  0x000001d4202d02a0 JavaThread "Cache worker for Build Output Cleanup Cache (U:\AbsensiKaryawan\.gradle\buildOutputCleanup)"        [_thread_blocked, id=19088, stack(0x0000007ad9c00000,0x0000007ad9d00000) (1024K)]
Total: 84

Other Threads:
  0x000001d479dd74b0 VMThread "VM Thread"                           [id=14764, stack(0x0000007ad8100000,0x0000007ad8200000) (1024K)]
  0x000001d479d96070 WatcherThread "VM Periodic Task Thread"        [id=15748, stack(0x0000007ad8000000,0x0000007ad8100000) (1024K)]
  0x000001d471badd80 WorkerThread "GC Thread#0"                     [id=12392, stack(0x0000007ad7b00000,0x0000007ad7c00000) (1024K)]
  0x000001d47f1df640 WorkerThread "GC Thread#1"                     [id=15900, stack(0x0000007ad8c00000,0x0000007ad8d00000) (1024K)]
  0x000001d47f2675f0 WorkerThread "GC Thread#2"                     [id=17088, stack(0x0000007ad8d00000,0x0000007ad8e00000) (1024K)]
  0x000001d47f26ba30 WorkerThread "GC Thread#3"                     [id=1852, stack(0x0000007ad8e00000,0x0000007ad8f00000) (1024K)]
  0x000001d471bc7ee0 ConcurrentGCThread "G1 Main Marker"            [id=15768, stack(0x0000007ad7c00000,0x0000007ad7d00000) (1024K)]
  0x000001d471bc8c90 WorkerThread "G1 Conc#0"                       [id=8608, stack(0x0000007ad7d00000,0x0000007ad7e00000) (1024K)]
  0x000001d471bfa9f0 ConcurrentGCThread "G1 Refine#0"               [id=8504, stack(0x0000007ad7e00000,0x0000007ad7f00000) (1024K)]
  0x000001d471bfb770 ConcurrentGCThread "G1 Service"                [id=3760, stack(0x0000007ad7f00000,0x0000007ad8000000) (1024K)]
Total: 10

Threads with active compile tasks:
C2 CompilerThread0  16420024 55502       4       java.util.zip.ZipFile$Source::getEntryPos (199 bytes)
Total: 1

VM state: not at safepoint (normal execution)

VM Mutex/Monitor currently owned by a thread: None

Heap address: 0x0000000080000000, size: 2048 MB, Compressed Oops mode: 32-bit

CDS archive(s) not mapped
Compressed class space mapped at: 0x000000002f000000-0x000000006f000000, reserved size: 1073741824
UseCompressedClassPointers 1, UseCompactObjectHeaders 0
Narrow klass pointer bits 32, Max shift 3
Narrow klass base: 0x0000000000000000, Narrow klass shift: 0
Encoding Range: [0x0000000000000000 - 0x0000000100000000), (4294967296 bytes)
Klass Range:    [0x000000002f000000 - 0x000000006f000000), (1073741824 bytes)
Klass ID Range:  [788529152 - 1862270969) (1073741817)
No protection zone.

GC Precious Log:
 CardTable entry size: 512
 Card Set container configuration: InlinePtr #cards 5 size 8 Array Of Cards #cards 10 size 36 Howl #buckets 4 coarsen threshold 1843 Howl Bitmap #cards 512 size 80 coarsen threshold 460 Card regions per heap region 1 cards per card region 2048
 CPUs: 4 total, 4 available
 Memory: 6020M
 Large Page Support: Disabled
 NUMA Support: Disabled
 Compressed Oops: Enabled (32-bit)
 Heap Region Size: 1M
 Heap Min Capacity: 8M
 Heap Initial Capacity: 96M
 Heap Max Capacity: 2G
 Pre-touch: Disabled
 Parallel Workers: 4
 Concurrent Workers: 1
 Concurrent Refinement Workers: 4
 Periodic GC: Disabled

Heap:
 garbage-first heap   total reserved 2097152K, committed 556032K, used 236422K [0x0000000080000000, 0x0000000100000000)
  region size 1024K, 26 young (26624K), 2 survivors (2048K)

Heap Regions: E=young(eden), S=young(survivor), O=old, HS=humongous(starts), HC=humongous(continues), CS=collection set, F=free, TAMS=top-at-mark-start, PB=parsable bottom
|   0|0x0000000080000000, 0x0000000080100000, 0x0000000080100000|100%|HS|  |TAMS 0x0000000080000000| PB 0x0000000080000000| Complete |  0
|   1|0x0000000080100000, 0x0000000080200000, 0x0000000080200000|100%|HC|  |TAMS 0x0000000080100000| PB 0x0000000080100000| Complete |  0
|   2|0x0000000080200000, 0x0000000080300000, 0x0000000080300000|100%|HC|  |TAMS 0x0000000080200000| PB 0x0000000080200000| Complete |  0
|   3|0x0000000080300000, 0x0000000080400000, 0x0000000080400000|100%|HC|  |TAMS 0x0000000080300000| PB 0x0000000080300000| Complete |  0
|   4|0x0000000080400000, 0x0000000080500000, 0x0000000080500000|100%| O|  |TAMS 0x0000000080400000| PB 0x0000000080400000| Untracked |  0
|   5|0x0000000080500000, 0x00000000805ffff0, 0x0000000080600000| 99%| O|  |TAMS 0x0000000080500000| PB 0x0000000080500000| Untracked |  0
|   6|0x0000000080600000, 0x0000000080700000, 0x0000000080700000|100%| O|  |TAMS 0x0000000080600000| PB 0x0000000080600000| Untracked |  0
|   7|0x0000000080700000, 0x00000000807fffe8, 0x0000000080800000| 99%| O|  |TAMS 0x0000000080700000| PB 0x0000000080700000| Untracked |  0
|   8|0x0000000080800000, 0x0000000080900000, 0x0000000080900000|100%|HS|  |TAMS 0x0000000080800000| PB 0x0000000080800000| Complete |  0
|   9|0x0000000080900000, 0x0000000080a00000, 0x0000000080a00000|100%| O|  |TAMS 0x0000000080900000| PB 0x0000000080900000| Untracked |  0
|  10|0x0000000080a00000, 0x0000000080affe30, 0x0000000080b00000| 99%| O|  |TAMS 0x0000000080a00000| PB 0x0000000080a00000| Untracked |  0
|  11|0x0000000080b00000, 0x0000000080c00000, 0x0000000080c00000|100%| O|  |TAMS 0x0000000080b00000| PB 0x0000000080b00000| Untracked |  0
|  12|0x0000000080c00000, 0x0000000080d00000, 0x0000000080d00000|100%| O|  |TAMS 0x0000000080c00000| PB 0x0000000080c00000| Untracked |  0
|  13|0x0000000080d00000, 0x0000000080dffff0, 0x0000000080e00000| 99%| O|  |TAMS 0x0000000080d00000| PB 0x0000000080d00000| Untracked |  0
|  14|0x0000000080e00000, 0x0000000080f00000, 0x0000000080f00000|100%| O|  |TAMS 0x0000000080e00000| PB 0x0000000080e00000| Untracked |  0
|  15|0x0000000080f00000, 0x0000000080ffa768, 0x0000000081000000| 97%| O|  |TAMS 0x0000000080f00000| PB 0x0000000080f00000| Untracked |  0
|  16|0x0000000081000000, 0x0000000081100000, 0x0000000081100000|100%| O|  |TAMS 0x0000000081000000| PB 0x0000000081000000| Untracked |  0
|  17|0x0000000081100000, 0x00000000811fffb0, 0x0000000081200000| 99%| O|  |TAMS 0x0000000081100000| PB 0x0000000081100000| Untracked |  0
|  18|0x0000000081200000, 0x00000000812fffe8, 0x0000000081300000| 99%| O|  |TAMS 0x0000000081200000| PB 0x0000000081200000| Untracked |  0
|  19|0x0000000081300000, 0x0000000081400000, 0x0000000081400000|100%| O|  |TAMS 0x0000000081300000| PB 0x0000000081300000| Untracked |  0
|  20|0x0000000081400000, 0x0000000081500000, 0x0000000081500000|100%|HS|  |TAMS 0x0000000081400000| PB 0x0000000081400000| Complete |  0
|  21|0x0000000081500000, 0x00000000815ffaa8, 0x0000000081600000| 99%| O|  |TAMS 0x0000000081500000| PB 0x0000000081500000| Untracked |  0
|  22|0x0000000081600000, 0x00000000816fffd8, 0x0000000081700000| 99%| O|  |TAMS 0x0000000081600000| PB 0x0000000081600000| Untracked |  0
|  23|0x0000000081700000, 0x0000000081800000, 0x0000000081800000|100%|HS|  |TAMS 0x0000000081700000| PB 0x0000000081700000| Complete |  0
|  24|0x0000000081800000, 0x0000000081900000, 0x0000000081900000|100%|HC|  |TAMS 0x0000000081800000| PB 0x0000000081800000| Complete |  0
|  25|0x0000000081900000, 0x0000000081a00000, 0x0000000081a00000|100%|HC|  |TAMS 0x0000000081900000| PB 0x0000000081900000| Complete |  0
|  26|0x0000000081a00000, 0x0000000081b00000, 0x0000000081b00000|100%|HC|  |TAMS 0x0000000081a00000| PB 0x0000000081a00000| Complete |  0
|  27|0x0000000081b00000, 0x0000000081c00000, 0x0000000081c00000|100%|HC|  |TAMS 0x0000000081b00000| PB 0x0000000081b00000| Complete |  0
|  28|0x0000000081c00000, 0x0000000081d00000, 0x0000000081d00000|100%|HC|  |TAMS 0x0000000081c00000| PB 0x0000000081c00000| Complete |  0
|  29|0x0000000081d00000, 0x0000000081e00000, 0x0000000081e00000|100%|HS|  |TAMS 0x0000000081d00000| PB 0x0000000081d00000| Complete |  0
|  30|0x0000000081e00000, 0x0000000081efec30, 0x0000000081f00000| 99%| O|  |TAMS 0x0000000081e00000| PB 0x0000000081e00000| Untracked |  0
|  31|0x0000000081f00000, 0x0000000081ffffe8, 0x0000000082000000| 99%| O|  |TAMS 0x0000000081f00000| PB 0x0000000081f00000| Untracked |  0
|  32|0x0000000082000000, 0x0000000082100000, 0x0000000082100000|100%| O|  |TAMS 0x0000000082000000| PB 0x0000000082000000| Untracked |  0
|  33|0x0000000082100000, 0x0000000082200000, 0x0000000082200000|100%| O|  |TAMS 0x0000000082100000| PB 0x0000000082100000| Untracked |  0
|  34|0x0000000082200000, 0x00000000822fffa8, 0x0000000082300000| 99%| O|  |TAMS 0x0000000082200000| PB 0x0000000082200000| Untracked |  0
|  35|0x0000000082300000, 0x00000000823e70a8, 0x0000000082400000| 90%| O|  |TAMS 0x0000000082300000| PB 0x0000000082300000| Untracked |  0
|  36|0x0000000082400000, 0x0000000082500000, 0x0000000082500000|100%|HS|  |TAMS 0x0000000082400000| PB 0x0000000082400000| Complete |  0
|  37|0x0000000082500000, 0x0000000082600000, 0x0000000082600000|100%|HS|  |TAMS 0x0000000082500000| PB 0x0000000082500000| Complete |  0
|  38|0x0000000082600000, 0x0000000082700000, 0x0000000082700000|100%|HC|  |TAMS 0x0000000082600000| PB 0x0000000082600000| Complete |  0
|  39|0x0000000082700000, 0x0000000082800000, 0x0000000082800000|100%|HC|  |TAMS 0x0000000082700000| PB 0x0000000082700000| Complete |  0
|  40|0x0000000082800000, 0x0000000082900000, 0x0000000082900000|100%|HC|  |TAMS 0x0000000082800000| PB 0x0000000082800000| Complete |  0
|  41|0x0000000082900000, 0x0000000082a00000, 0x0000000082a00000|100%|HC|  |TAMS 0x0000000082900000| PB 0x0000000082900000| Complete |  0
|  42|0x0000000082a00000, 0x0000000082b00000, 0x0000000082b00000|100%|HC|  |TAMS 0x0000000082a00000| PB 0x0000000082a00000| Complete |  0
|  43|0x0000000082b00000, 0x0000000082c00000, 0x0000000082c00000|100%|HS|  |TAMS 0x0000000082b00000| PB 0x0000000082b00000| Complete |  0
|  44|0x0000000082c00000, 0x0000000082d00000, 0x0000000082d00000|100%|HS|  |TAMS 0x0000000082c00000| PB 0x0000000082c00000| Complete |  0
|  45|0x0000000082d00000, 0x0000000082dffff8, 0x0000000082e00000| 99%| O|  |TAMS 0x0000000082d00000| PB 0x0000000082d00000| Untracked |  0
|  46|0x0000000082e00000, 0x0000000082effff8, 0x0000000082f00000| 99%| O|  |TAMS 0x0000000082e00000| PB 0x0000000082e00000| Untracked |  0
|  47|0x0000000082f00000, 0x0000000083000000, 0x0000000083000000|100%| O|  |TAMS 0x0000000082f00000| PB 0x0000000082f00000| Untracked |  0
|  48|0x0000000083000000, 0x0000000083100000, 0x0000000083100000|100%| O|  |TAMS 0x0000000083000000| PB 0x0000000083000000| Untracked |  0
|  49|0x0000000083100000, 0x00000000831fffe0, 0x0000000083200000| 99%| O|  |TAMS 0x0000000083100000| PB 0x0000000083100000| Untracked |  0
|  50|0x0000000083200000, 0x0000000083300000, 0x0000000083300000|100%|HS|  |TAMS 0x0000000083200000| PB 0x0000000083200000| Complete |  0
|  51|0x0000000083300000, 0x00000000833fffe8, 0x0000000083400000| 99%| O|  |TAMS 0x0000000083300000| PB 0x0000000083300000| Untracked |  0
|  52|0x0000000083400000, 0x00000000834e2000, 0x0000000083500000| 88%| O|  |TAMS 0x0000000083400000| PB 0x0000000083400000| Untracked |  0
|  53|0x0000000083500000, 0x00000000835fffe8, 0x0000000083600000| 99%| O|  |TAMS 0x0000000083500000| PB 0x0000000083500000| Untracked |  0
|  54|0x0000000083600000, 0x0000000083700000, 0x0000000083700000|100%| O|  |TAMS 0x0000000083600000| PB 0x0000000083600000| Untracked |  0
|  55|0x0000000083700000, 0x0000000083800000, 0x0000000083800000|100%| O|  |TAMS 0x0000000083700000| PB 0x0000000083700000| Untracked |  0
|  56|0x0000000083800000, 0x00000000838fff00, 0x0000000083900000| 99%| O|  |TAMS 0x0000000083800000| PB 0x0000000083800000| Untracked |  0
|  57|0x0000000083900000, 0x0000000083a00000, 0x0000000083a00000|100%| O|  |TAMS 0x0000000083900000| PB 0x0000000083900000| Untracked |  0
|  58|0x0000000083a00000, 0x0000000083affff8, 0x0000000083b00000| 99%| O|  |TAMS 0x0000000083a00000| PB 0x0000000083a00000| Untracked |  0
|  59|0x0000000083b00000, 0x0000000083bfff78, 0x0000000083c00000| 99%| O|  |TAMS 0x0000000083b00000| PB 0x0000000083b00000| Untracked |  0
|  60|0x0000000083c00000, 0x0000000083cf5d00, 0x0000000083d00000| 96%| O|  |TAMS 0x0000000083c00000| PB 0x0000000083c00000| Untracked |  0
|  61|0x0000000083d00000, 0x0000000083e00000, 0x0000000083e00000|100%| O|  |TAMS 0x0000000083d00000| PB 0x0000000083d00000| Untracked |  0
|  62|0x0000000083e00000, 0x0000000083f00000, 0x0000000083f00000|100%|HS|  |TAMS 0x0000000083e00000| PB 0x0000000083e00000| Complete |  0
|  63|0x0000000083f00000, 0x0000000084000000, 0x0000000084000000|100%|HS|  |TAMS 0x0000000083f00000| PB 0x0000000083f00000| Complete |  0
|  64|0x0000000084000000, 0x0000000084100000, 0x0000000084100000|100%|HC|  |TAMS 0x0000000084000000| PB 0x0000000084000000| Complete |  0
|  65|0x0000000084100000, 0x00000000841fffe0, 0x0000000084200000| 99%| O|  |TAMS 0x0000000084100000| PB 0x0000000084100000| Untracked |  0
|  66|0x0000000084200000, 0x00000000842ffff0, 0x0000000084300000| 99%| O|  |TAMS 0x0000000084200000| PB 0x0000000084200000| Untracked |  0
|  67|0x0000000084300000, 0x00000000843ffff0, 0x0000000084400000| 99%| O|  |TAMS 0x0000000084300000| PB 0x0000000084300000| Untracked |  0
|  68|0x0000000084400000, 0x00000000844ffff8, 0x0000000084500000| 99%| O|  |TAMS 0x0000000084400000| PB 0x0000000084400000| Untracked |  0
|  69|0x0000000084500000, 0x0000000084600000, 0x0000000084600000|100%|HS|  |TAMS 0x0000000084500000| PB 0x0000000084500000| Complete |  0
|  70|0x0000000084600000, 0x0000000084700000, 0x0000000084700000|100%|HS|  |TAMS 0x0000000084600000| PB 0x0000000084600000| Complete |  0
|  71|0x0000000084700000, 0x00000000847ed338, 0x0000000084800000| 92%| O|  |TAMS 0x0000000084700000| PB 0x0000000084700000| Untracked |  0
|  72|0x0000000084800000, 0x00000000848fffc8, 0x0000000084900000| 99%| O|  |TAMS 0x0000000084800000| PB 0x0000000084800000| Untracked |  0
|  73|0x0000000084900000, 0x00000000849fffe8, 0x0000000084a00000| 99%| O|  |TAMS 0x0000000084900000| PB 0x0000000084900000| Untracked |  0
|  74|0x0000000084a00000, 0x0000000084b00000, 0x0000000084b00000|100%|HS|  |TAMS 0x0000000084a00000| PB 0x0000000084a00000| Complete |  0
|  75|0x0000000084b00000, 0x0000000084c00000, 0x0000000084c00000|100%|HS|  |TAMS 0x0000000084b00000| PB 0x0000000084b00000| Complete |  0
|  76|0x0000000084c00000, 0x0000000084d00000, 0x0000000084d00000|100%|HS|  |TAMS 0x0000000084c00000| PB 0x0000000084c00000| Complete |  0
|  77|0x0000000084d00000, 0x0000000084e00000, 0x0000000084e00000|100%| O|  |TAMS 0x0000000084d00000| PB 0x0000000084d00000| Untracked |  0
|  78|0x0000000084e00000, 0x0000000084f00000, 0x0000000084f00000|100%| O|  |TAMS 0x0000000084e00000| PB 0x0000000084e00000| Untracked |  0
|  79|0x0000000084f00000, 0x0000000085000000, 0x0000000085000000|100%|HS|  |TAMS 0x0000000084f00000| PB 0x0000000084f00000| Complete |  0
|  80|0x0000000085000000, 0x0000000085100000, 0x0000000085100000|100%|HC|  |TAMS 0x0000000085000000| PB 0x0000000085000000| Complete |  0
|  81|0x0000000085100000, 0x0000000085200000, 0x0000000085200000|100%| O|  |TAMS 0x0000000085100000| PB 0x0000000085100000| Untracked |  0
|  82|0x0000000085200000, 0x00000000852fffd8, 0x0000000085300000| 99%| O|  |TAMS 0x0000000085200000| PB 0x0000000085200000| Untracked |  0
|  83|0x0000000085300000, 0x00000000853fffd8, 0x0000000085400000| 99%| O|  |TAMS 0x0000000085300000| PB 0x0000000085300000| Untracked |  0
|  84|0x0000000085400000, 0x00000000854ffff8, 0x0000000085500000| 99%| O|  |TAMS 0x0000000085400000| PB 0x0000000085400000| Untracked |  0
|  85|0x0000000085500000, 0x00000000855ffff0, 0x0000000085600000| 99%| O|  |TAMS 0x0000000085500000| PB 0x0000000085500000| Untracked |  0
|  86|0x0000000085600000, 0x00000000856f9a38, 0x0000000085700000| 97%| O|  |TAMS 0x0000000085600000| PB 0x0000000085600000| Untracked |  0
|  87|0x0000000085700000, 0x00000000857ffff0, 0x0000000085800000| 99%| O|  |TAMS 0x0000000085700000| PB 0x0000000085700000| Untracked |  0
|  88|0x0000000085800000, 0x0000000085900000, 0x0000000085900000|100%|HS|  |TAMS 0x0000000085800000| PB 0x0000000085800000| Complete |  0
|  89|0x0000000085900000, 0x0000000085a00000, 0x0000000085a00000|100%| O|  |TAMS 0x0000000085900000| PB 0x0000000085900000| Untracked |  0
|  90|0x0000000085a00000, 0x0000000085b00000, 0x0000000085b00000|100%| O|  |TAMS 0x0000000085a00000| PB 0x0000000085a00000| Untracked |  0
|  91|0x0000000085b00000, 0x0000000085bfffe0, 0x0000000085c00000| 99%| O|  |TAMS 0x0000000085b00000| PB 0x0000000085b00000| Untracked |  0
|  92|0x0000000085c00000, 0x0000000085cfffe8, 0x0000000085d00000| 99%| O|  |TAMS 0x0000000085c00000| PB 0x0000000085c00000| Untracked |  0
|  93|0x0000000085d00000, 0x0000000085dfffd8, 0x0000000085e00000| 99%| O|  |TAMS 0x0000000085d00000| PB 0x0000000085d00000| Untracked |  0
|  94|0x0000000085e00000, 0x0000000085efce50, 0x0000000085f00000| 98%| O|  |TAMS 0x0000000085e00000| PB 0x0000000085e00000| Untracked |  0
|  95|0x0000000085f00000, 0x0000000085ffffe8, 0x0000000086000000| 99%| O|  |TAMS 0x0000000085f00000| PB 0x0000000085f00000| Untracked |  0
|  96|0x0000000086000000, 0x00000000860ffff0, 0x0000000086100000| 99%| O|  |TAMS 0x0000000086000000| PB 0x0000000086000000| Untracked |  0
|  97|0x0000000086100000, 0x00000000861fc6e0, 0x0000000086200000| 98%| O|  |TAMS 0x0000000086100000| PB 0x0000000086100000| Untracked |  0
|  98|0x0000000086200000, 0x00000000862fffe8, 0x0000000086300000| 99%| O|  |TAMS 0x0000000086200000| PB 0x0000000086200000| Untracked |  0
|  99|0x0000000086300000, 0x00000000863fffe8, 0x0000000086400000| 99%| O|  |TAMS 0x0000000086300000| PB 0x0000000086300000| Untracked |  0
| 100|0x0000000086400000, 0x0000000086500000, 0x0000000086500000|100%| O|  |TAMS 0x0000000086400000| PB 0x0000000086400000| Untracked |  0
| 101|0x0000000086500000, 0x00000000865ffff0, 0x0000000086600000| 99%| O|  |TAMS 0x0000000086500000| PB 0x0000000086500000| Untracked |  0
| 102|0x0000000086600000, 0x00000000866ffff8, 0x0000000086700000| 99%| O|  |TAMS 0x0000000086600000| PB 0x0000000086600000| Untracked |  0
| 103|0x0000000086700000, 0x0000000086800000, 0x0000000086800000|100%| O|  |TAMS 0x0000000086700000| PB 0x0000000086700000| Untracked |  0
| 104|0x0000000086800000, 0x00000000868f4d48, 0x0000000086900000| 95%| O|  |TAMS 0x0000000086800000| PB 0x0000000086800000| Untracked |  0
| 105|0x0000000086900000, 0x0000000086a00000, 0x0000000086a00000|100%| O|  |TAMS 0x0000000086900000| PB 0x0000000086900000| Untracked |  0
| 106|0x0000000086a00000, 0x0000000086affff0, 0x0000000086b00000| 99%| O|  |TAMS 0x0000000086a00000| PB 0x0000000086a00000| Untracked |  0
| 107|0x0000000086b00000, 0x0000000086bf8868, 0x0000000086c00000| 97%| O|  |TAMS 0x0000000086b00000| PB 0x0000000086b00000| Untracked |  0
| 108|0x0000000086c00000, 0x0000000086d00000, 0x0000000086d00000|100%| O|  |TAMS 0x0000000086c00000| PB 0x0000000086c00000| Untracked |  0
| 109|0x0000000086d00000, 0x0000000086e00000, 0x0000000086e00000|100%| O|  |TAMS 0x0000000086d00000| PB 0x0000000086d00000| Untracked |  0
| 110|0x0000000086e00000, 0x0000000086effff8, 0x0000000086f00000| 99%| O|  |TAMS 0x0000000086e00000| PB 0x0000000086e00000| Untracked |  0
| 111|0x0000000086f00000, 0x0000000086fddf10, 0x0000000087000000| 86%| O|  |TAMS 0x0000000086f00000| PB 0x0000000086f00000| Untracked |  0
| 112|0x0000000087000000, 0x0000000087100000, 0x0000000087100000|100%| O|  |TAMS 0x0000000087000000| PB 0x0000000087000000| Untracked |  0
| 113|0x0000000087100000, 0x0000000087200000, 0x0000000087200000|100%| O|  |TAMS 0x0000000087100000| PB 0x0000000087100000| Untracked |  0
| 114|0x0000000087200000, 0x00000000872fffc0, 0x0000000087300000| 99%| O|  |TAMS 0x0000000087200000| PB 0x0000000087200000| Untracked |  0
| 115|0x0000000087300000, 0x00000000873ffff8, 0x0000000087400000| 99%| O|  |TAMS 0x0000000087300000| PB 0x0000000087300000| Untracked |  0
| 116|0x0000000087400000, 0x00000000874fffc8, 0x0000000087500000| 99%| O|  |TAMS 0x0000000087400000| PB 0x0000000087400000| Untracked |  0
| 117|0x0000000087500000, 0x00000000875fffe0, 0x0000000087600000| 99%| O|  |TAMS 0x0000000087500000| PB 0x0000000087500000| Untracked |  0
| 118|0x0000000087600000, 0x00000000876ffff8, 0x0000000087700000| 99%| O|  |TAMS 0x0000000087600000| PB 0x0000000087600000| Untracked |  0
| 119|0x0000000087700000, 0x0000000087800000, 0x0000000087800000|100%| O|  |TAMS 0x0000000087700000| PB 0x0000000087700000| Untracked |  0
| 120|0x0000000087800000, 0x00000000878fffa0, 0x0000000087900000| 99%| O|  |TAMS 0x0000000087800000| PB 0x0000000087800000| Untracked |  0
| 121|0x0000000087900000, 0x0000000087a00000, 0x0000000087a00000|100%| O|  |TAMS 0x0000000087900000| PB 0x0000000087900000| Untracked |  0
| 122|0x0000000087a00000, 0x0000000087affff8, 0x0000000087b00000| 99%| O|  |TAMS 0x0000000087a00000| PB 0x0000000087a00000| Untracked |  0
| 123|0x0000000087b00000, 0x0000000087bffff8, 0x0000000087c00000| 99%| O|  |TAMS 0x0000000087b00000| PB 0x0000000087b00000| Untracked |  0
| 124|0x0000000087c00000, 0x0000000087d00000, 0x0000000087d00000|100%| O|  |TAMS 0x0000000087c00000| PB 0x0000000087c00000| Untracked |  0
| 125|0x0000000087d00000, 0x0000000087e00000, 0x0000000087e00000|100%| O|  |TAMS 0x0000000087d00000| PB 0x0000000087d00000| Untracked |  0
| 126|0x0000000087e00000, 0x0000000087eea290, 0x0000000087f00000| 91%| O|  |TAMS 0x0000000087e00000| PB 0x0000000087e00000| Untracked |  0
| 127|0x0000000087f00000, 0x0000000087fffff8, 0x0000000088000000| 99%| O|  |TAMS 0x0000000087f00000| PB 0x0000000087f00000| Untracked |  0
| 128|0x0000000088000000, 0x00000000880ffff8, 0x0000000088100000| 99%| O|  |TAMS 0x0000000088000000| PB 0x0000000088000000| Untracked |  0
| 129|0x0000000088100000, 0x0000000088200000, 0x0000000088200000|100%| O|  |TAMS 0x0000000088100000| PB 0x0000000088100000| Untracked |  0
| 130|0x0000000088200000, 0x0000000088300000, 0x0000000088300000|100%| O|  |TAMS 0x0000000088200000| PB 0x0000000088200000| Untracked |  0
| 131|0x0000000088300000, 0x00000000883ffff8, 0x0000000088400000| 99%| O|  |TAMS 0x0000000088300000| PB 0x0000000088300000| Untracked |  0
| 132|0x0000000088400000, 0x00000000884fffc8, 0x0000000088500000| 99%| O|  |TAMS 0x0000000088400000| PB 0x0000000088400000| Untracked |  0
| 133|0x0000000088500000, 0x0000000088600000, 0x0000000088600000|100%| O|  |TAMS 0x0000000088500000| PB 0x0000000088500000| Untracked |  0
| 134|0x0000000088600000, 0x00000000886fffe8, 0x0000000088700000| 99%| O|  |TAMS 0x0000000088600000| PB 0x0000000088600000| Untracked |  0
| 135|0x0000000088700000, 0x00000000887e3d80, 0x0000000088800000| 89%| O|  |TAMS 0x0000000088700000| PB 0x0000000088700000| Untracked |  0
| 136|0x0000000088800000, 0x0000000088900000, 0x0000000088900000|100%| O|  |TAMS 0x0000000088800000| PB 0x0000000088800000| Untracked |  0
| 137|0x0000000088900000, 0x0000000088a00000, 0x0000000088a00000|100%| O|  |TAMS 0x0000000088900000| PB 0x0000000088900000| Untracked |  0
| 138|0x0000000088a00000, 0x0000000088b00000, 0x0000000088b00000|100%| O|  |TAMS 0x0000000088a00000| PB 0x0000000088a00000| Untracked |  0
| 139|0x0000000088b00000, 0x0000000088b859a8, 0x0000000088c00000| 52%| O|  |TAMS 0x0000000088b00000| PB 0x0000000088b00000| Untracked |  0
| 140|0x0000000088c00000, 0x0000000088cfffe8, 0x0000000088d00000| 99%| O|  |TAMS 0x0000000088c00000| PB 0x0000000088c00000| Untracked |  0
| 141|0x0000000088d00000, 0x0000000088db5768, 0x0000000088e00000| 70%| O|  |TAMS 0x0000000088d00000| PB 0x0000000088d00000| Untracked |  0
| 142|0x0000000088e00000, 0x0000000088efb500, 0x0000000088f00000| 98%| O|  |TAMS 0x0000000088e00000| PB 0x0000000088e00000| Untracked |  0
| 143|0x0000000088f00000, 0x0000000089000000, 0x0000000089000000|100%| O|  |TAMS 0x0000000088f00000| PB 0x0000000088f00000| Untracked |  0
| 144|0x0000000089000000, 0x0000000089100000, 0x0000000089100000|100%| O|  |TAMS 0x0000000089000000| PB 0x0000000089000000| Untracked |  0
| 145|0x0000000089100000, 0x00000000891dc9b0, 0x0000000089200000| 86%| O|  |TAMS 0x0000000089100000| PB 0x0000000089100000| Untracked |  0
| 146|0x0000000089200000, 0x0000000089300000, 0x0000000089300000|100%| O|  |TAMS 0x0000000089200000| PB 0x0000000089200000| Untracked |  0
| 147|0x0000000089300000, 0x00000000893cc680, 0x0000000089400000| 79%| O|  |TAMS 0x0000000089300000| PB 0x0000000089300000| Untracked |  0
| 148|0x0000000089400000, 0x0000000089500000, 0x0000000089500000|100%| O|  |TAMS 0x0000000089400000| PB 0x0000000089400000| Untracked |  0
| 149|0x0000000089500000, 0x0000000089600000, 0x0000000089600000|100%| O|  |TAMS 0x0000000089500000| PB 0x0000000089500000| Untracked |  0
| 150|0x0000000089600000, 0x0000000089700000, 0x0000000089700000|100%| O|  |TAMS 0x0000000089600000| PB 0x0000000089600000| Untracked |  0
| 151|0x0000000089700000, 0x0000000089800000, 0x0000000089800000|100%| O|  |TAMS 0x0000000089700000| PB 0x0000000089700000| Untracked |  0
| 152|0x0000000089800000, 0x00000000898ffff8, 0x0000000089900000| 99%| O|  |TAMS 0x0000000089800000| PB 0x0000000089800000| Untracked |  0
| 153|0x0000000089900000, 0x0000000089a00000, 0x0000000089a00000|100%| O|  |TAMS 0x0000000089900000| PB 0x0000000089900000| Untracked |  0
| 154|0x0000000089a00000, 0x0000000089b00000, 0x0000000089b00000|100%| O|  |TAMS 0x0000000089a00000| PB 0x0000000089a00000| Untracked |  0
| 155|0x0000000089b00000, 0x0000000089c00000, 0x0000000089c00000|100%| O|  |TAMS 0x0000000089b00000| PB 0x0000000089b00000| Untracked |  0
| 156|0x0000000089c00000, 0x0000000089d00000, 0x0000000089d00000|100%| O|  |TAMS 0x0000000089c00000| PB 0x0000000089c00000| Untracked |  0
| 157|0x0000000089d00000, 0x0000000089e00000, 0x0000000089e00000|100%| O|  |TAMS 0x0000000089d00000| PB 0x0000000089d00000| Untracked |  0
| 158|0x0000000089e00000, 0x0000000089f00000, 0x0000000089f00000|100%| O|  |TAMS 0x0000000089e00000| PB 0x0000000089e00000| Untracked |  0
| 159|0x0000000089f00000, 0x000000008a000000, 0x000000008a000000|100%| O|  |TAMS 0x0000000089f00000| PB 0x0000000089f00000| Untracked |  0
| 160|0x000000008a000000, 0x000000008a100000, 0x000000008a100000|100%| O|  |TAMS 0x000000008a000000| PB 0x000000008a000000| Untracked |  0
| 161|0x000000008a100000, 0x000000008a100000, 0x000000008a200000|  0%| F|  |TAMS 0x000000008a100000| PB 0x000000008a100000| Untracked |  0
| 162|0x000000008a200000, 0x000000008a200000, 0x000000008a300000|  0%| F|  |TAMS 0x000000008a200000| PB 0x000000008a200000| Untracked |  0
| 163|0x000000008a300000, 0x000000008a400000, 0x000000008a400000|100%| O|  |TAMS 0x000000008a300000| PB 0x000000008a300000| Untracked |  0
| 164|0x000000008a400000, 0x000000008a400000, 0x000000008a500000|  0%| F|  |TAMS 0x000000008a400000| PB 0x000000008a400000| Untracked |  0
| 165|0x000000008a500000, 0x000000008a500000, 0x000000008a600000|  0%| F|  |TAMS 0x000000008a500000| PB 0x000000008a500000| Untracked |  0
| 166|0x000000008a600000, 0x000000008a700000, 0x000000008a700000|100%| O|  |TAMS 0x000000008a600000| PB 0x000000008a600000| Untracked |  0
| 167|0x000000008a700000, 0x000000008a800000, 0x000000008a800000|100%| O|  |TAMS 0x000000008a700000| PB 0x000000008a700000| Untracked |  0
| 168|0x000000008a800000, 0x000000008a900000, 0x000000008a900000|100%| O|  |TAMS 0x000000008a800000| PB 0x000000008a800000| Untracked |  0
| 169|0x000000008a900000, 0x000000008a900000, 0x000000008aa00000|  0%| F|  |TAMS 0x000000008a900000| PB 0x000000008a900000| Untracked |  0
| 170|0x000000008aa00000, 0x000000008ab00000, 0x000000008ab00000|100%| O|  |TAMS 0x000000008aa00000| PB 0x000000008aa00000| Untracked |  0
| 171|0x000000008ab00000, 0x000000008ab00000, 0x000000008ac00000|  0%| F|  |TAMS 0x000000008ab00000| PB 0x000000008ab00000| Untracked |  0
| 172|0x000000008ac00000, 0x000000008ad00000, 0x000000008ad00000|100%| O|Cm|TAMS 0x000000008ac00000| PB 0x000000008ac00000| Complete |  0
| 173|0x000000008ad00000, 0x000000008ae00000, 0x000000008ae00000|100%| O|  |TAMS 0x000000008ad00000| PB 0x000000008ad00000| Untracked |  0
| 174|0x000000008ae00000, 0x000000008af00000, 0x000000008af00000|100%| O|  |TAMS 0x000000008ae00000| PB 0x000000008ae00000| Untracked |  0
| 175|0x000000008af00000, 0x000000008b000000, 0x000000008b000000|100%| O|  |TAMS 0x000000008af00000| PB 0x000000008af00000| Untracked |  0
| 176|0x000000008b000000, 0x000000008b100000, 0x000000008b100000|100%| O|  |TAMS 0x000000008b000000| PB 0x000000008b000000| Untracked |  0
| 177|0x000000008b100000, 0x000000008b200000, 0x000000008b200000|100%| O|  |TAMS 0x000000008b100000| PB 0x000000008b100000| Untracked |  0
| 178|0x000000008b200000, 0x000000008b300000, 0x000000008b300000|100%| O|  |TAMS 0x000000008b200000| PB 0x000000008b200000| Untracked |  0
| 179|0x000000008b300000, 0x000000008b400000, 0x000000008b400000|100%| O|  |TAMS 0x000000008b300000| PB 0x000000008b300000| Untracked |  0
| 180|0x000000008b400000, 0x000000008b500000, 0x000000008b500000|100%| O|  |TAMS 0x000000008b400000| PB 0x000000008b400000| Untracked |  0
| 181|0x000000008b500000, 0x000000008b600000, 0x000000008b600000|100%| O|  |TAMS 0x000000008b500000| PB 0x000000008b500000| Untracked |  0
| 182|0x000000008b600000, 0x000000008b700000, 0x000000008b700000|100%| O|  |TAMS 0x000000008b600000| PB 0x000000008b600000| Untracked |  0
| 183|0x000000008b700000, 0x000000008b800000, 0x000000008b800000|100%| O|  |TAMS 0x000000008b700000| PB 0x000000008b700000| Untracked |  0
| 184|0x000000008b800000, 0x000000008b900000, 0x000000008b900000|100%| O|  |TAMS 0x000000008b800000| PB 0x000000008b800000| Untracked |  0
| 185|0x000000008b900000, 0x000000008ba00000, 0x000000008ba00000|100%| O|  |TAMS 0x000000008b900000| PB 0x000000008b900000| Untracked |  0
| 186|0x000000008ba00000, 0x000000008bb00000, 0x000000008bb00000|100%| O|  |TAMS 0x000000008ba00000| PB 0x000000008ba00000| Untracked |  0
| 187|0x000000008bb00000, 0x000000008bc00000, 0x000000008bc00000|100%| O|  |TAMS 0x000000008bb00000| PB 0x000000008bb00000| Untracked |  0
| 188|0x000000008bc00000, 0x000000008bd00000, 0x000000008bd00000|100%| O|  |TAMS 0x000000008bc00000| PB 0x000000008bc00000| Untracked |  0
| 189|0x000000008bd00000, 0x000000008be00000, 0x000000008be00000|100%| O|  |TAMS 0x000000008bd00000| PB 0x000000008bd00000| Untracked |  0
| 190|0x000000008be00000, 0x000000008bf00000, 0x000000008bf00000|100%| O|Cm|TAMS 0x000000008be00000| PB 0x000000008be00000| Complete |  0
| 191|0x000000008bf00000, 0x000000008c000000, 0x000000008c000000|100%| O|  |TAMS 0x000000008bf00000| PB 0x000000008bf00000| Untracked |  0
| 192|0x000000008c000000, 0x000000008c100000, 0x000000008c100000|100%| O|  |TAMS 0x000000008c000000| PB 0x000000008c000000| Untracked |  0
| 193|0x000000008c100000, 0x000000008c200000, 0x000000008c200000|100%| O|  |TAMS 0x000000008c100000| PB 0x000000008c100000| Untracked |  0
| 194|0x000000008c200000, 0x000000008c300000, 0x000000008c300000|100%| O|  |TAMS 0x000000008c200000| PB 0x000000008c200000| Untracked |  0
| 195|0x000000008c300000, 0x000000008c400000, 0x000000008c400000|100%| O|  |TAMS 0x000000008c300000| PB 0x000000008c300000| Untracked |  0
| 196|0x000000008c400000, 0x000000008c500000, 0x000000008c500000|100%| O|  |TAMS 0x000000008c400000| PB 0x000000008c400000| Untracked |  0
| 197|0x000000008c500000, 0x000000008c600000, 0x000000008c600000|100%| O|  |TAMS 0x000000008c500000| PB 0x000000008c500000| Untracked |  0
| 198|0x000000008c600000, 0x000000008c700000, 0x000000008c700000|100%| O|  |TAMS 0x000000008c600000| PB 0x000000008c600000| Untracked |  0
| 199|0x000000008c700000, 0x000000008c800000, 0x000000008c800000|100%| O|  |TAMS 0x000000008c700000| PB 0x000000008c700000| Untracked |  0
| 200|0x000000008c800000, 0x000000008c900000, 0x000000008c900000|100%| O|  |TAMS 0x000000008c800000| PB 0x000000008c800000| Untracked |  0
| 201|0x000000008c900000, 0x000000008ca00000, 0x000000008ca00000|100%| O|  |TAMS 0x000000008c900000| PB 0x000000008c900000| Untracked |  0
| 202|0x000000008ca00000, 0x000000008cb00000, 0x000000008cb00000|100%| O|  |TAMS 0x000000008ca00000| PB 0x000000008ca00000| Untracked |  0
| 203|0x000000008cb00000, 0x000000008cb00000, 0x000000008cc00000|  0%| F|  |TAMS 0x000000008cb00000| PB 0x000000008cb00000| Untracked |  0
| 204|0x000000008cc00000, 0x000000008cd00000, 0x000000008cd00000|100%| O|  |TAMS 0x000000008cc00000| PB 0x000000008cc00000| Untracked |  0
| 205|0x000000008cd00000, 0x000000008cd00000, 0x000000008ce00000|  0%| F|  |TAMS 0x000000008cd00000| PB 0x000000008cd00000| Untracked |  0
| 206|0x000000008ce00000, 0x000000008ce00000, 0x000000008cf00000|  0%| F|  |TAMS 0x000000008ce00000| PB 0x000000008ce00000| Untracked |  0
| 207|0x000000008cf00000, 0x000000008d000000, 0x000000008d000000|100%| O|  |TAMS 0x000000008cf00000| PB 0x000000008cf00000| Untracked |  0
| 208|0x000000008d000000, 0x000000008d000000, 0x000000008d100000|  0%| F|  |TAMS 0x000000008d000000| PB 0x000000008d000000| Untracked |  0
| 209|0x000000008d100000, 0x000000008d100000, 0x000000008d200000|  0%| F|  |TAMS 0x000000008d100000| PB 0x000000008d100000| Untracked |  0
| 210|0x000000008d200000, 0x000000008d200000, 0x000000008d300000|  0%| F|  |TAMS 0x000000008d200000| PB 0x000000008d200000| Untracked |  0
| 211|0x000000008d300000, 0x000000008d300000, 0x000000008d400000|  0%| F|  |TAMS 0x000000008d300000| PB 0x000000008d300000| Untracked |  0
| 212|0x000000008d400000, 0x000000008d400000, 0x000000008d500000|  0%| F|  |TAMS 0x000000008d400000| PB 0x000000008d400000| Untracked |  0
| 213|0x000000008d500000, 0x000000008d500000, 0x000000008d600000|  0%| F|  |TAMS 0x000000008d500000| PB 0x000000008d500000| Untracked |  0
| 214|0x000000008d600000, 0x000000008d600000, 0x000000008d700000|  0%| F|  |TAMS 0x000000008d600000| PB 0x000000008d600000| Untracked |  0
| 215|0x000000008d700000, 0x000000008d700000, 0x000000008d800000|  0%| F|  |TAMS 0x000000008d700000| PB 0x000000008d700000| Untracked |  0
| 216|0x000000008d800000, 0x000000008d800000, 0x000000008d900000|  0%| F|  |TAMS 0x000000008d800000| PB 0x000000008d800000| Untracked |  0
| 217|0x000000008d900000, 0x000000008d900000, 0x000000008da00000|  0%| F|  |TAMS 0x000000008d900000| PB 0x000000008d900000| Untracked |  0
| 218|0x000000008da00000, 0x000000008da00000, 0x000000008db00000|  0%| F|  |TAMS 0x000000008da00000| PB 0x000000008da00000| Untracked |  0
| 219|0x000000008db00000, 0x000000008db00000, 0x000000008dc00000|  0%| F|  |TAMS 0x000000008db00000| PB 0x000000008db00000| Untracked |  0
| 220|0x000000008dc00000, 0x000000008dc00000, 0x000000008dd00000|  0%| F|  |TAMS 0x000000008dc00000| PB 0x000000008dc00000| Untracked |  0
| 221|0x000000008dd00000, 0x000000008dd00000, 0x000000008de00000|  0%| F|  |TAMS 0x000000008dd00000| PB 0x000000008dd00000| Untracked |  0
| 222|0x000000008de00000, 0x000000008de00000, 0x000000008df00000|  0%| F|  |TAMS 0x000000008de00000| PB 0x000000008de00000| Untracked |  0
| 223|0x000000008df00000, 0x000000008df00000, 0x000000008e000000|  0%| F|  |TAMS 0x000000008df00000| PB 0x000000008df00000| Untracked |  0
| 224|0x000000008e000000, 0x000000008e000000, 0x000000008e100000|  0%| F|  |TAMS 0x000000008e000000| PB 0x000000008e000000| Untracked |  0
| 225|0x000000008e100000, 0x000000008e200000, 0x000000008e200000|100%| O|  |TAMS 0x000000008e100000| PB 0x000000008e100000| Untracked |  0
| 226|0x000000008e200000, 0x000000008e300000, 0x000000008e300000|100%| O|  |TAMS 0x000000008e200000| PB 0x000000008e200000| Untracked |  0
| 227|0x000000008e300000, 0x000000008e400000, 0x000000008e400000|100%| O|  |TAMS 0x000000008e300000| PB 0x000000008e300000| Untracked |  0
| 228|0x000000008e400000, 0x000000008e500000, 0x000000008e500000|100%| O|  |TAMS 0x000000008e400000| PB 0x000000008e400000| Untracked |  0
| 229|0x000000008e500000, 0x000000008e600000, 0x000000008e600000|100%| O|  |TAMS 0x000000008e500000| PB 0x000000008e500000| Untracked |  0
| 230|0x000000008e600000, 0x000000008e700000, 0x000000008e700000|100%| O|  |TAMS 0x000000008e600000| PB 0x000000008e600000| Untracked |  0
| 231|0x000000008e700000, 0x000000008e800000, 0x000000008e800000|100%| O|  |TAMS 0x000000008e700000| PB 0x000000008e700000| Untracked |  0
| 232|0x000000008e800000, 0x000000008e800000, 0x000000008e900000|  0%| F|  |TAMS 0x000000008e800000| PB 0x000000008e800000| Untracked |  0
| 233|0x000000008e900000, 0x000000008e900000, 0x000000008ea00000|  0%| F|  |TAMS 0x000000008e900000| PB 0x000000008e900000| Untracked |  0
| 234|0x000000008ea00000, 0x000000008ea00000, 0x000000008eb00000|  0%| F|  |TAMS 0x000000008ea00000| PB 0x000000008ea00000| Untracked |  0
| 235|0x000000008eb00000, 0x000000008eb00000, 0x000000008ec00000|  0%| F|  |TAMS 0x000000008eb00000| PB 0x000000008eb00000| Untracked |  0
| 236|0x000000008ec00000, 0x000000008ec00000, 0x000000008ed00000|  0%| F|  |TAMS 0x000000008ec00000| PB 0x000000008ec00000| Untracked |  0
| 237|0x000000008ed00000, 0x000000008ed00000, 0x000000008ee00000|  0%| F|  |TAMS 0x000000008ed00000| PB 0x000000008ed00000| Untracked |  0
| 238|0x000000008ee00000, 0x000000008ee00000, 0x000000008ef00000|  0%| F|  |TAMS 0x000000008ee00000| PB 0x000000008ee00000| Untracked |  0
| 239|0x000000008ef00000, 0x000000008ef00000, 0x000000008f000000|  0%| F|  |TAMS 0x000000008ef00000| PB 0x000000008ef00000| Untracked |  0
| 240|0x000000008f000000, 0x000000008f000000, 0x000000008f100000|  0%| F|  |TAMS 0x000000008f000000| PB 0x000000008f000000| Untracked |  0
| 241|0x000000008f100000, 0x000000008f100000, 0x000000008f200000|  0%| F|  |TAMS 0x000000008f100000| PB 0x000000008f100000| Untracked |  0
| 242|0x000000008f200000, 0x000000008f200000, 0x000000008f300000|  0%| F|  |TAMS 0x000000008f200000| PB 0x000000008f200000| Untracked |  0
| 243|0x000000008f300000, 0x000000008f300000, 0x000000008f400000|  0%| F|  |TAMS 0x000000008f300000| PB 0x000000008f300000| Untracked |  0
| 244|0x000000008f400000, 0x000000008f400000, 0x000000008f500000|  0%| F|  |TAMS 0x000000008f400000| PB 0x000000008f400000| Untracked |  0
| 245|0x000000008f500000, 0x000000008f500000, 0x000000008f600000|  0%| F|  |TAMS 0x000000008f500000| PB 0x000000008f500000| Untracked |  0
| 246|0x000000008f600000, 0x000000008f600000, 0x000000008f700000|  0%| F|  |TAMS 0x000000008f600000| PB 0x000000008f600000| Untracked |  0
| 247|0x000000008f700000, 0x000000008f700000, 0x000000008f800000|  0%| F|  |TAMS 0x000000008f700000| PB 0x000000008f700000| Untracked |  0
| 248|0x000000008f800000, 0x000000008f800000, 0x000000008f900000|  0%| F|  |TAMS 0x000000008f800000| PB 0x000000008f800000| Untracked |  0
| 249|0x000000008f900000, 0x000000008f900000, 0x000000008fa00000|  0%| F|  |TAMS 0x000000008f900000| PB 0x000000008f900000| Untracked |  0
| 250|0x000000008fa00000, 0x000000008fa00000, 0x000000008fb00000|  0%| F|  |TAMS 0x000000008fa00000| PB 0x000000008fa00000| Untracked |  0
| 251|0x000000008fb00000, 0x000000008fb00000, 0x000000008fc00000|  0%| F|  |TAMS 0x000000008fb00000| PB 0x000000008fb00000| Untracked |  0
| 252|0x000000008fc00000, 0x000000008fc00000, 0x000000008fd00000|  0%| F|  |TAMS 0x000000008fc00000| PB 0x000000008fc00000| Untracked |  0
| 253|0x000000008fd00000, 0x000000008fd00000, 0x000000008fe00000|  0%| F|  |TAMS 0x000000008fd00000| PB 0x000000008fd00000| Untracked |  0
| 254|0x000000008fe00000, 0x000000008fe00000, 0x000000008ff00000|  0%| F|  |TAMS 0x000000008fe00000| PB 0x000000008fe00000| Untracked |  0
| 255|0x000000008ff00000, 0x000000008ff00000, 0x0000000090000000|  0%| F|  |TAMS 0x000000008ff00000| PB 0x000000008ff00000| Untracked |  0
| 256|0x0000000090000000, 0x0000000090000000, 0x0000000090100000|  0%| F|  |TAMS 0x0000000090000000| PB 0x0000000090000000| Untracked |  0
| 257|0x0000000090100000, 0x0000000090100000, 0x0000000090200000|  0%| F|  |TAMS 0x0000000090100000| PB 0x0000000090100000| Untracked |  0
| 258|0x0000000090200000, 0x0000000090200000, 0x0000000090300000|  0%| F|  |TAMS 0x0000000090200000| PB 0x0000000090200000| Untracked |  0
| 259|0x0000000090300000, 0x0000000090300000, 0x0000000090400000|  0%| F|  |TAMS 0x0000000090300000| PB 0x0000000090300000| Untracked |  0
| 260|0x0000000090400000, 0x0000000090400000, 0x0000000090500000|  0%| F|  |TAMS 0x0000000090400000| PB 0x0000000090400000| Untracked |  0
| 261|0x0000000090500000, 0x0000000090500000, 0x0000000090600000|  0%| F|  |TAMS 0x0000000090500000| PB 0x0000000090500000| Untracked |  0
| 262|0x0000000090600000, 0x0000000090600000, 0x0000000090700000|  0%| F|  |TAMS 0x0000000090600000| PB 0x0000000090600000| Untracked |  0
| 263|0x0000000090700000, 0x0000000090700000, 0x0000000090800000|  0%| F|  |TAMS 0x0000000090700000| PB 0x0000000090700000| Untracked |  0
| 264|0x0000000090800000, 0x0000000090800000, 0x0000000090900000|  0%| F|  |TAMS 0x0000000090800000| PB 0x0000000090800000| Untracked |  0
| 265|0x0000000090900000, 0x0000000090900000, 0x0000000090a00000|  0%| F|  |TAMS 0x0000000090900000| PB 0x0000000090900000| Untracked |  0
| 266|0x0000000090a00000, 0x0000000090a00000, 0x0000000090b00000|  0%| F|  |TAMS 0x0000000090a00000| PB 0x0000000090a00000| Untracked |  0
| 267|0x0000000090b00000, 0x0000000090b00000, 0x0000000090c00000|  0%| F|  |TAMS 0x0000000090b00000| PB 0x0000000090b00000| Untracked |  0
| 268|0x0000000090c00000, 0x0000000090c00000, 0x0000000090d00000|  0%| F|  |TAMS 0x0000000090c00000| PB 0x0000000090c00000| Untracked |  0
| 269|0x0000000090d00000, 0x0000000090d00000, 0x0000000090e00000|  0%| F|  |TAMS 0x0000000090d00000| PB 0x0000000090d00000| Untracked |  0
| 270|0x0000000090e00000, 0x0000000090e00000, 0x0000000090f00000|  0%| F|  |TAMS 0x0000000090e00000| PB 0x0000000090e00000| Untracked |  0
| 271|0x0000000090f00000, 0x0000000090f00000, 0x0000000091000000|  0%| F|  |TAMS 0x0000000090f00000| PB 0x0000000090f00000| Untracked |  0
| 272|0x0000000091000000, 0x0000000091000000, 0x0000000091100000|  0%| F|  |TAMS 0x0000000091000000| PB 0x0000000091000000| Untracked |  0
| 273|0x0000000091100000, 0x0000000091100000, 0x0000000091200000|  0%| F|  |TAMS 0x0000000091100000| PB 0x0000000091100000| Untracked |  0
| 274|0x0000000091200000, 0x0000000091200000, 0x0000000091300000|  0%| F|  |TAMS 0x0000000091200000| PB 0x0000000091200000| Untracked |  0
| 275|0x0000000091300000, 0x0000000091300000, 0x0000000091400000|  0%| F|  |TAMS 0x0000000091300000| PB 0x0000000091300000| Untracked |  0
| 276|0x0000000091400000, 0x0000000091400000, 0x0000000091500000|  0%| F|  |TAMS 0x0000000091400000| PB 0x0000000091400000| Untracked |  0
| 277|0x0000000091500000, 0x0000000091500000, 0x0000000091600000|  0%| F|  |TAMS 0x0000000091500000| PB 0x0000000091500000| Untracked |  0
| 278|0x0000000091600000, 0x0000000091600000, 0x0000000091700000|  0%| F|  |TAMS 0x0000000091600000| PB 0x0000000091600000| Untracked |  0
| 279|0x0000000091700000, 0x0000000091700000, 0x0000000091800000|  0%| F|  |TAMS 0x0000000091700000| PB 0x0000000091700000| Untracked |  0
| 280|0x0000000091800000, 0x0000000091800000, 0x0000000091900000|  0%| F|  |TAMS 0x0000000091800000| PB 0x0000000091800000| Untracked |  0
| 281|0x0000000091900000, 0x0000000091900000, 0x0000000091a00000|  0%| F|  |TAMS 0x0000000091900000| PB 0x0000000091900000| Untracked |  0
| 282|0x0000000091a00000, 0x0000000091a00000, 0x0000000091b00000|  0%| F|  |TAMS 0x0000000091a00000| PB 0x0000000091a00000| Untracked |  0
| 283|0x0000000091b00000, 0x0000000091b00000, 0x0000000091c00000|  0%| F|  |TAMS 0x0000000091b00000| PB 0x0000000091b00000| Untracked |  0
| 284|0x0000000091c00000, 0x0000000091c00000, 0x0000000091d00000|  0%| F|  |TAMS 0x0000000091c00000| PB 0x0000000091c00000| Untracked |  0
| 285|0x0000000091d00000, 0x0000000091d00000, 0x0000000091e00000|  0%| F|  |TAMS 0x0000000091d00000| PB 0x0000000091d00000| Untracked |  0
| 286|0x0000000091e00000, 0x0000000091e00000, 0x0000000091f00000|  0%| F|  |TAMS 0x0000000091e00000| PB 0x0000000091e00000| Untracked |  0
| 287|0x0000000091f00000, 0x0000000091f00000, 0x0000000092000000|  0%| F|  |TAMS 0x0000000091f00000| PB 0x0000000091f00000| Untracked |  0
| 288|0x0000000092000000, 0x0000000092000000, 0x0000000092100000|  0%| F|  |TAMS 0x0000000092000000| PB 0x0000000092000000| Untracked |  0
| 289|0x0000000092100000, 0x0000000092100000, 0x0000000092200000|  0%| F|  |TAMS 0x0000000092100000| PB 0x0000000092100000| Untracked |  0
| 290|0x0000000092200000, 0x0000000092200000, 0x0000000092300000|  0%| F|  |TAMS 0x0000000092200000| PB 0x0000000092200000| Untracked |  0
| 291|0x0000000092300000, 0x0000000092300000, 0x0000000092400000|  0%| F|  |TAMS 0x0000000092300000| PB 0x0000000092300000| Untracked |  0
| 292|0x0000000092400000, 0x0000000092400000, 0x0000000092500000|  0%| F|  |TAMS 0x0000000092400000| PB 0x0000000092400000| Untracked |  0
| 293|0x0000000092500000, 0x0000000092500000, 0x0000000092600000|  0%| F|  |TAMS 0x0000000092500000| PB 0x0000000092500000| Untracked |  0
| 294|0x0000000092600000, 0x0000000092600000, 0x0000000092700000|  0%| F|  |TAMS 0x0000000092600000| PB 0x0000000092600000| Untracked |  0
| 295|0x0000000092700000, 0x0000000092700000, 0x0000000092800000|  0%| F|  |TAMS 0x0000000092700000| PB 0x0000000092700000| Untracked |  0
| 296|0x0000000092800000, 0x0000000092800000, 0x0000000092900000|  0%| F|  |TAMS 0x0000000092800000| PB 0x0000000092800000| Untracked |  0
| 297|0x0000000092900000, 0x0000000092900000, 0x0000000092a00000|  0%| F|  |TAMS 0x0000000092900000| PB 0x0000000092900000| Untracked |  0
| 298|0x0000000092a00000, 0x0000000092a00000, 0x0000000092b00000|  0%| F|  |TAMS 0x0000000092a00000| PB 0x0000000092a00000| Untracked |  0
| 299|0x0000000092b00000, 0x0000000092b00000, 0x0000000092c00000|  0%| F|  |TAMS 0x0000000092b00000| PB 0x0000000092b00000| Untracked |  0
| 300|0x0000000092c00000, 0x0000000092c00000, 0x0000000092d00000|  0%| F|  |TAMS 0x0000000092c00000| PB 0x0000000092c00000| Untracked |  0
| 301|0x0000000092d00000, 0x0000000092d00000, 0x0000000092e00000|  0%| F|  |TAMS 0x0000000092d00000| PB 0x0000000092d00000| Untracked |  0
| 302|0x0000000092e00000, 0x0000000092e00000, 0x0000000092f00000|  0%| F|  |TAMS 0x0000000092e00000| PB 0x0000000092e00000| Untracked |  0
| 303|0x0000000092f00000, 0x0000000092f00000, 0x0000000093000000|  0%| F|  |TAMS 0x0000000092f00000| PB 0x0000000092f00000| Untracked |  0
| 304|0x0000000093000000, 0x0000000093000000, 0x0000000093100000|  0%| F|  |TAMS 0x0000000093000000| PB 0x0000000093000000| Untracked |  0
| 305|0x0000000093100000, 0x0000000093100000, 0x0000000093200000|  0%| F|  |TAMS 0x0000000093100000| PB 0x0000000093100000| Untracked |  0
| 306|0x0000000093200000, 0x0000000093200000, 0x0000000093300000|  0%| F|  |TAMS 0x0000000093200000| PB 0x0000000093200000| Untracked |  0
| 307|0x0000000093300000, 0x0000000093300000, 0x0000000093400000|  0%| F|  |TAMS 0x0000000093300000| PB 0x0000000093300000| Untracked |  0
| 308|0x0000000093400000, 0x0000000093400000, 0x0000000093500000|  0%| F|  |TAMS 0x0000000093400000| PB 0x0000000093400000| Untracked |  0
| 309|0x0000000093500000, 0x0000000093500000, 0x0000000093600000|  0%| F|  |TAMS 0x0000000093500000| PB 0x0000000093500000| Untracked |  0
| 310|0x0000000093600000, 0x0000000093600000, 0x0000000093700000|  0%| F|  |TAMS 0x0000000093600000| PB 0x0000000093600000| Untracked |  0
| 311|0x0000000093700000, 0x0000000093700000, 0x0000000093800000|  0%| F|  |TAMS 0x0000000093700000| PB 0x0000000093700000| Untracked |  0
| 312|0x0000000093800000, 0x0000000093800000, 0x0000000093900000|  0%| F|  |TAMS 0x0000000093800000| PB 0x0000000093800000| Untracked |  0
| 313|0x0000000093900000, 0x0000000093900000, 0x0000000093a00000|  0%| F|  |TAMS 0x0000000093900000| PB 0x0000000093900000| Untracked |  0
| 314|0x0000000093a00000, 0x0000000093a00000, 0x0000000093b00000|  0%| F|  |TAMS 0x0000000093a00000| PB 0x0000000093a00000| Untracked |  0
| 315|0x0000000093b00000, 0x0000000093b00000, 0x0000000093c00000|  0%| F|  |TAMS 0x0000000093b00000| PB 0x0000000093b00000| Untracked |  0
| 316|0x0000000093c00000, 0x0000000093c00000, 0x0000000093d00000|  0%| F|  |TAMS 0x0000000093c00000| PB 0x0000000093c00000| Untracked |  0
| 317|0x0000000093d00000, 0x0000000093d00000, 0x0000000093e00000|  0%| F|  |TAMS 0x0000000093d00000| PB 0x0000000093d00000| Untracked |  0
| 318|0x0000000093e00000, 0x0000000093e00000, 0x0000000093f00000|  0%| F|  |TAMS 0x0000000093e00000| PB 0x0000000093e00000| Untracked |  0
| 319|0x0000000093f00000, 0x0000000093f00000, 0x0000000094000000|  0%| F|  |TAMS 0x0000000093f00000| PB 0x0000000093f00000| Untracked |  0
| 320|0x0000000094000000, 0x0000000094000000, 0x0000000094100000|  0%| F|  |TAMS 0x0000000094000000| PB 0x0000000094000000| Untracked |  0
| 321|0x0000000094100000, 0x0000000094100000, 0x0000000094200000|  0%| F|  |TAMS 0x0000000094100000| PB 0x0000000094100000| Untracked |  0
| 322|0x0000000094200000, 0x0000000094200000, 0x0000000094300000|  0%| F|  |TAMS 0x0000000094200000| PB 0x0000000094200000| Untracked |  0
| 323|0x0000000094300000, 0x0000000094300000, 0x0000000094400000|  0%| F|  |TAMS 0x0000000094300000| PB 0x0000000094300000| Untracked |  0
| 324|0x0000000094400000, 0x0000000094400000, 0x0000000094500000|  0%| F|  |TAMS 0x0000000094400000| PB 0x0000000094400000| Untracked |  0
| 325|0x0000000094500000, 0x0000000094500000, 0x0000000094600000|  0%| F|  |TAMS 0x0000000094500000| PB 0x0000000094500000| Untracked |  0
| 326|0x0000000094600000, 0x0000000094600000, 0x0000000094700000|  0%| F|  |TAMS 0x0000000094600000| PB 0x0000000094600000| Untracked |  0
| 327|0x0000000094700000, 0x0000000094700000, 0x0000000094800000|  0%| F|  |TAMS 0x0000000094700000| PB 0x0000000094700000| Untracked |  0
| 328|0x0000000094800000, 0x0000000094800000, 0x0000000094900000|  0%| F|  |TAMS 0x0000000094800000| PB 0x0000000094800000| Untracked |  0
| 329|0x0000000094900000, 0x0000000094900000, 0x0000000094a00000|  0%| F|  |TAMS 0x0000000094900000| PB 0x0000000094900000| Untracked |  0
| 330|0x0000000094a00000, 0x0000000094a00000, 0x0000000094b00000|  0%| F|  |TAMS 0x0000000094a00000| PB 0x0000000094a00000| Untracked |  0
| 331|0x0000000094b00000, 0x0000000094b00000, 0x0000000094c00000|  0%| F|  |TAMS 0x0000000094b00000| PB 0x0000000094b00000| Untracked |  0
| 332|0x0000000094c00000, 0x0000000094c00000, 0x0000000094d00000|  0%| F|  |TAMS 0x0000000094c00000| PB 0x0000000094c00000| Untracked |  0
| 333|0x0000000094d00000, 0x0000000094d00000, 0x0000000094e00000|  0%| F|  |TAMS 0x0000000094d00000| PB 0x0000000094d00000| Untracked |  0
| 334|0x0000000094e00000, 0x0000000094e00000, 0x0000000094f00000|  0%| F|  |TAMS 0x0000000094e00000| PB 0x0000000094e00000| Untracked |  0
| 335|0x0000000094f00000, 0x0000000094f00000, 0x0000000095000000|  0%| F|  |TAMS 0x0000000094f00000| PB 0x0000000094f00000| Untracked |  0
| 336|0x0000000095000000, 0x0000000095000000, 0x0000000095100000|  0%| F|  |TAMS 0x0000000095000000| PB 0x0000000095000000| Untracked |  0
| 337|0x0000000095100000, 0x0000000095100000, 0x0000000095200000|  0%| F|  |TAMS 0x0000000095100000| PB 0x0000000095100000| Untracked |  0
| 338|0x0000000095200000, 0x0000000095200000, 0x0000000095300000|  0%| F|  |TAMS 0x0000000095200000| PB 0x0000000095200000| Untracked |  0
| 339|0x0000000095300000, 0x0000000095300000, 0x0000000095400000|  0%| F|  |TAMS 0x0000000095300000| PB 0x0000000095300000| Untracked |  0
| 340|0x0000000095400000, 0x0000000095400000, 0x0000000095500000|  0%| F|  |TAMS 0x0000000095400000| PB 0x0000000095400000| Untracked |  0
| 341|0x0000000095500000, 0x0000000095500000, 0x0000000095600000|  0%| F|  |TAMS 0x0000000095500000| PB 0x0000000095500000| Untracked |  0
| 342|0x0000000095600000, 0x0000000095600000, 0x0000000095700000|  0%| F|  |TAMS 0x0000000095600000| PB 0x0000000095600000| Untracked |  0
| 343|0x0000000095700000, 0x0000000095700000, 0x0000000095800000|  0%| F|  |TAMS 0x0000000095700000| PB 0x0000000095700000| Untracked |  0
| 344|0x0000000095800000, 0x0000000095800000, 0x0000000095900000|  0%| F|  |TAMS 0x0000000095800000| PB 0x0000000095800000| Untracked |  0
| 345|0x0000000095900000, 0x0000000095900000, 0x0000000095a00000|  0%| F|  |TAMS 0x0000000095900000| PB 0x0000000095900000| Untracked |  0
| 346|0x0000000095a00000, 0x0000000095a00000, 0x0000000095b00000|  0%| F|  |TAMS 0x0000000095a00000| PB 0x0000000095a00000| Untracked |  0
| 347|0x0000000095b00000, 0x0000000095b00000, 0x0000000095c00000|  0%| F|  |TAMS 0x0000000095b00000| PB 0x0000000095b00000| Untracked |  0
| 348|0x0000000095c00000, 0x0000000095c00000, 0x0000000095d00000|  0%| F|  |TAMS 0x0000000095c00000| PB 0x0000000095c00000| Untracked |  0
| 349|0x0000000095d00000, 0x0000000095d00000, 0x0000000095e00000|  0%| F|  |TAMS 0x0000000095d00000| PB 0x0000000095d00000| Untracked |  0
| 350|0x0000000095e00000, 0x0000000095e00000, 0x0000000095f00000|  0%| F|  |TAMS 0x0000000095e00000| PB 0x0000000095e00000| Untracked |  0
| 351|0x0000000095f00000, 0x0000000095f00000, 0x0000000096000000|  0%| F|  |TAMS 0x0000000095f00000| PB 0x0000000095f00000| Untracked |  0
| 352|0x0000000096000000, 0x0000000096000000, 0x0000000096100000|  0%| F|  |TAMS 0x0000000096000000| PB 0x0000000096000000| Untracked |  0
| 353|0x0000000096100000, 0x0000000096100000, 0x0000000096200000|  0%| F|  |TAMS 0x0000000096100000| PB 0x0000000096100000| Untracked |  0
| 354|0x0000000096200000, 0x0000000096200000, 0x0000000096300000|  0%| F|  |TAMS 0x0000000096200000| PB 0x0000000096200000| Untracked |  0
| 355|0x0000000096300000, 0x0000000096300000, 0x0000000096400000|  0%| F|  |TAMS 0x0000000096300000| PB 0x0000000096300000| Untracked |  0
| 356|0x0000000096400000, 0x0000000096400000, 0x0000000096500000|  0%| F|  |TAMS 0x0000000096400000| PB 0x0000000096400000| Untracked |  0
| 357|0x0000000096500000, 0x0000000096500000, 0x0000000096600000|  0%| F|  |TAMS 0x0000000096500000| PB 0x0000000096500000| Untracked |  0
| 358|0x0000000096600000, 0x0000000096600000, 0x0000000096700000|  0%| F|  |TAMS 0x0000000096600000| PB 0x0000000096600000| Untracked |  0
| 359|0x0000000096700000, 0x0000000096700000, 0x0000000096800000|  0%| F|  |TAMS 0x0000000096700000| PB 0x0000000096700000| Untracked |  0
| 360|0x0000000096800000, 0x0000000096800000, 0x0000000096900000|  0%| F|  |TAMS 0x0000000096800000| PB 0x0000000096800000| Untracked |  0
| 361|0x0000000096900000, 0x0000000096900000, 0x0000000096a00000|  0%| F|  |TAMS 0x0000000096900000| PB 0x0000000096900000| Untracked |  0
| 362|0x0000000096a00000, 0x0000000096a00000, 0x0000000096b00000|  0%| F|  |TAMS 0x0000000096a00000| PB 0x0000000096a00000| Untracked |  0
| 363|0x0000000096b00000, 0x0000000096b00000, 0x0000000096c00000|  0%| F|  |TAMS 0x0000000096b00000| PB 0x0000000096b00000| Untracked |  0
| 364|0x0000000096c00000, 0x0000000096c00000, 0x0000000096d00000|  0%| F|  |TAMS 0x0000000096c00000| PB 0x0000000096c00000| Untracked |  0
| 365|0x0000000096d00000, 0x0000000096d00000, 0x0000000096e00000|  0%| F|  |TAMS 0x0000000096d00000| PB 0x0000000096d00000| Untracked |  0
| 366|0x0000000096e00000, 0x0000000096e00000, 0x0000000096f00000|  0%| F|  |TAMS 0x0000000096e00000| PB 0x0000000096e00000| Untracked |  0
| 367|0x0000000096f00000, 0x0000000096f00000, 0x0000000097000000|  0%| F|  |TAMS 0x0000000096f00000| PB 0x0000000096f00000| Untracked |  0
| 368|0x0000000097000000, 0x0000000097000000, 0x0000000097100000|  0%| F|  |TAMS 0x0000000097000000| PB 0x0000000097000000| Untracked |  0
| 369|0x0000000097100000, 0x0000000097100000, 0x0000000097200000|  0%| F|  |TAMS 0x0000000097100000| PB 0x0000000097100000| Untracked |  0
| 370|0x0000000097200000, 0x0000000097200000, 0x0000000097300000|  0%| F|  |TAMS 0x0000000097200000| PB 0x0000000097200000| Untracked |  0
| 371|0x0000000097300000, 0x0000000097300000, 0x0000000097400000|  0%| F|  |TAMS 0x0000000097300000| PB 0x0000000097300000| Untracked |  0
| 372|0x0000000097400000, 0x0000000097400000, 0x0000000097500000|  0%| F|  |TAMS 0x0000000097400000| PB 0x0000000097400000| Untracked |  0
| 373|0x0000000097500000, 0x0000000097500000, 0x0000000097600000|  0%| F|  |TAMS 0x0000000097500000| PB 0x0000000097500000| Untracked |  0
| 374|0x0000000097600000, 0x0000000097600000, 0x0000000097700000|  0%| F|  |TAMS 0x0000000097600000| PB 0x0000000097600000| Untracked |  0
| 375|0x0000000097700000, 0x0000000097700000, 0x0000000097800000|  0%| F|  |TAMS 0x0000000097700000| PB 0x0000000097700000| Untracked |  0
| 376|0x0000000097800000, 0x0000000097800000, 0x0000000097900000|  0%| F|  |TAMS 0x0000000097800000| PB 0x0000000097800000| Untracked |  0
| 377|0x0000000097900000, 0x0000000097900000, 0x0000000097a00000|  0%| F|  |TAMS 0x0000000097900000| PB 0x0000000097900000| Untracked |  0
| 378|0x0000000097a00000, 0x0000000097a00000, 0x0000000097b00000|  0%| F|  |TAMS 0x0000000097a00000| PB 0x0000000097a00000| Untracked |  0
| 379|0x0000000097b00000, 0x0000000097b00000, 0x0000000097c00000|  0%| F|  |TAMS 0x0000000097b00000| PB 0x0000000097b00000| Untracked |  0
| 380|0x0000000097c00000, 0x0000000097c00000, 0x0000000097d00000|  0%| F|  |TAMS 0x0000000097c00000| PB 0x0000000097c00000| Untracked |  0
| 381|0x0000000097d00000, 0x0000000097d00000, 0x0000000097e00000|  0%| F|  |TAMS 0x0000000097d00000| PB 0x0000000097d00000| Untracked |  0
| 382|0x0000000097e00000, 0x0000000097e00000, 0x0000000097f00000|  0%| F|  |TAMS 0x0000000097e00000| PB 0x0000000097e00000| Untracked |  0
| 383|0x0000000097f00000, 0x0000000097f00000, 0x0000000098000000|  0%| F|  |TAMS 0x0000000097f00000| PB 0x0000000097f00000| Untracked |  0
| 384|0x0000000098000000, 0x0000000098000000, 0x0000000098100000|  0%| F|  |TAMS 0x0000000098000000| PB 0x0000000098000000| Untracked |  0
| 385|0x0000000098100000, 0x0000000098100000, 0x0000000098200000|  0%| F|  |TAMS 0x0000000098100000| PB 0x0000000098100000| Untracked |  0
| 386|0x0000000098200000, 0x0000000098200000, 0x0000000098300000|  0%| F|  |TAMS 0x0000000098200000| PB 0x0000000098200000| Untracked |  0
| 387|0x0000000098300000, 0x0000000098300000, 0x0000000098400000|  0%| F|  |TAMS 0x0000000098300000| PB 0x0000000098300000| Untracked |  0
| 388|0x0000000098400000, 0x0000000098400000, 0x0000000098500000|  0%| F|  |TAMS 0x0000000098400000| PB 0x0000000098400000| Untracked |  0
| 389|0x0000000098500000, 0x0000000098500000, 0x0000000098600000|  0%| F|  |TAMS 0x0000000098500000| PB 0x0000000098500000| Untracked |  0
| 390|0x0000000098600000, 0x0000000098600000, 0x0000000098700000|  0%| F|  |TAMS 0x0000000098600000| PB 0x0000000098600000| Untracked |  0
| 391|0x0000000098700000, 0x0000000098700000, 0x0000000098800000|  0%| F|  |TAMS 0x0000000098700000| PB 0x0000000098700000| Untracked |  0
| 392|0x0000000098800000, 0x0000000098800000, 0x0000000098900000|  0%| F|  |TAMS 0x0000000098800000| PB 0x0000000098800000| Untracked |  0
| 393|0x0000000098900000, 0x0000000098900000, 0x0000000098a00000|  0%| F|  |TAMS 0x0000000098900000| PB 0x0000000098900000| Untracked |  0
| 394|0x0000000098a00000, 0x0000000098a00000, 0x0000000098b00000|  0%| F|  |TAMS 0x0000000098a00000| PB 0x0000000098a00000| Untracked |  0
| 395|0x0000000098b00000, 0x0000000098b00000, 0x0000000098c00000|  0%| F|  |TAMS 0x0000000098b00000| PB 0x0000000098b00000| Untracked |  0
| 396|0x0000000098c00000, 0x0000000098c00000, 0x0000000098d00000|  0%| F|  |TAMS 0x0000000098c00000| PB 0x0000000098c00000| Untracked |  0
| 397|0x0000000098d00000, 0x0000000098d00000, 0x0000000098e00000|  0%| F|  |TAMS 0x0000000098d00000| PB 0x0000000098d00000| Untracked |  0
| 398|0x0000000098e00000, 0x0000000098e00000, 0x0000000098f00000|  0%| F|  |TAMS 0x0000000098e00000| PB 0x0000000098e00000| Untracked |  0
| 399|0x0000000098f00000, 0x0000000098f00000, 0x0000000099000000|  0%| F|  |TAMS 0x0000000098f00000| PB 0x0000000098f00000| Untracked |  0
| 400|0x0000000099000000, 0x0000000099000000, 0x0000000099100000|  0%| F|  |TAMS 0x0000000099000000| PB 0x0000000099000000| Untracked |  0
| 401|0x0000000099100000, 0x0000000099100000, 0x0000000099200000|  0%| F|  |TAMS 0x0000000099100000| PB 0x0000000099100000| Untracked |  0
| 402|0x0000000099200000, 0x0000000099200000, 0x0000000099300000|  0%| F|  |TAMS 0x0000000099200000| PB 0x0000000099200000| Untracked |  0
| 403|0x0000000099300000, 0x0000000099300000, 0x0000000099400000|  0%| F|  |TAMS 0x0000000099300000| PB 0x0000000099300000| Untracked |  0
| 404|0x0000000099400000, 0x0000000099400000, 0x0000000099500000|  0%| F|  |TAMS 0x0000000099400000| PB 0x0000000099400000| Untracked |  0
| 405|0x0000000099500000, 0x0000000099500000, 0x0000000099600000|  0%| F|  |TAMS 0x0000000099500000| PB 0x0000000099500000| Untracked |  0
| 406|0x0000000099600000, 0x0000000099600000, 0x0000000099700000|  0%| F|  |TAMS 0x0000000099600000| PB 0x0000000099600000| Untracked |  0
| 407|0x0000000099700000, 0x0000000099700000, 0x0000000099800000|  0%| F|  |TAMS 0x0000000099700000| PB 0x0000000099700000| Untracked |  0
| 408|0x0000000099800000, 0x0000000099800000, 0x0000000099900000|  0%| F|  |TAMS 0x0000000099800000| PB 0x0000000099800000| Untracked |  0
| 409|0x0000000099900000, 0x0000000099900000, 0x0000000099a00000|  0%| F|  |TAMS 0x0000000099900000| PB 0x0000000099900000| Untracked |  0
| 410|0x0000000099a00000, 0x0000000099a00000, 0x0000000099b00000|  0%| F|  |TAMS 0x0000000099a00000| PB 0x0000000099a00000| Untracked |  0
| 411|0x0000000099b00000, 0x0000000099b00000, 0x0000000099c00000|  0%| F|  |TAMS 0x0000000099b00000| PB 0x0000000099b00000| Untracked |  0
| 412|0x0000000099c00000, 0x0000000099c00000, 0x0000000099d00000|  0%| F|  |TAMS 0x0000000099c00000| PB 0x0000000099c00000| Untracked |  0
| 413|0x0000000099d00000, 0x0000000099d00000, 0x0000000099e00000|  0%| F|  |TAMS 0x0000000099d00000| PB 0x0000000099d00000| Untracked |  0
| 414|0x0000000099e00000, 0x0000000099e00000, 0x0000000099f00000|  0%| F|  |TAMS 0x0000000099e00000| PB 0x0000000099e00000| Untracked |  0
| 415|0x0000000099f00000, 0x0000000099f00000, 0x000000009a000000|  0%| F|  |TAMS 0x0000000099f00000| PB 0x0000000099f00000| Untracked |  0
| 416|0x000000009a000000, 0x000000009a000000, 0x000000009a100000|  0%| F|  |TAMS 0x000000009a000000| PB 0x000000009a000000| Untracked |  0
| 417|0x000000009a100000, 0x000000009a100000, 0x000000009a200000|  0%| F|  |TAMS 0x000000009a100000| PB 0x000000009a100000| Untracked |  0
| 418|0x000000009a200000, 0x000000009a200000, 0x000000009a300000|  0%| F|  |TAMS 0x000000009a200000| PB 0x000000009a200000| Untracked |  0
| 419|0x000000009a300000, 0x000000009a300000, 0x000000009a400000|  0%| F|  |TAMS 0x000000009a300000| PB 0x000000009a300000| Untracked |  0
| 420|0x000000009a400000, 0x000000009a400000, 0x000000009a500000|  0%| F|  |TAMS 0x000000009a400000| PB 0x000000009a400000| Untracked |  0
| 421|0x000000009a500000, 0x000000009a500000, 0x000000009a600000|  0%| F|  |TAMS 0x000000009a500000| PB 0x000000009a500000| Untracked |  0
| 422|0x000000009a600000, 0x000000009a600000, 0x000000009a700000|  0%| F|  |TAMS 0x000000009a600000| PB 0x000000009a600000| Untracked |  0
| 423|0x000000009a700000, 0x000000009a700000, 0x000000009a800000|  0%| F|  |TAMS 0x000000009a700000| PB 0x000000009a700000| Untracked |  0
| 424|0x000000009a800000, 0x000000009a800000, 0x000000009a900000|  0%| F|  |TAMS 0x000000009a800000| PB 0x000000009a800000| Untracked |  0
| 425|0x000000009a900000, 0x000000009a900000, 0x000000009aa00000|  0%| F|  |TAMS 0x000000009a900000| PB 0x000000009a900000| Untracked |  0
| 426|0x000000009aa00000, 0x000000009aa00000, 0x000000009ab00000|  0%| F|  |TAMS 0x000000009aa00000| PB 0x000000009aa00000| Untracked |  0
| 427|0x000000009ab00000, 0x000000009ab00000, 0x000000009ac00000|  0%| F|  |TAMS 0x000000009ab00000| PB 0x000000009ab00000| Untracked |  0
| 428|0x000000009ac00000, 0x000000009ac00000, 0x000000009ad00000|  0%| F|  |TAMS 0x000000009ac00000| PB 0x000000009ac00000| Untracked |  0
| 429|0x000000009ad00000, 0x000000009ad00000, 0x000000009ae00000|  0%| F|  |TAMS 0x000000009ad00000| PB 0x000000009ad00000| Untracked |  0
| 430|0x000000009ae00000, 0x000000009ae00000, 0x000000009af00000|  0%| F|  |TAMS 0x000000009ae00000| PB 0x000000009ae00000| Untracked |  0
| 431|0x000000009af00000, 0x000000009af00000, 0x000000009b000000|  0%| F|  |TAMS 0x000000009af00000| PB 0x000000009af00000| Untracked |  0
| 432|0x000000009b000000, 0x000000009b000000, 0x000000009b100000|  0%| F|  |TAMS 0x000000009b000000| PB 0x000000009b000000| Untracked |  0
| 433|0x000000009b100000, 0x000000009b100000, 0x000000009b200000|  0%| F|  |TAMS 0x000000009b100000| PB 0x000000009b100000| Untracked |  0
| 434|0x000000009b200000, 0x000000009b200000, 0x000000009b300000|  0%| F|  |TAMS 0x000000009b200000| PB 0x000000009b200000| Untracked |  0
| 435|0x000000009b300000, 0x000000009b300000, 0x000000009b400000|  0%| F|  |TAMS 0x000000009b300000| PB 0x000000009b300000| Untracked |  0
| 436|0x000000009b400000, 0x000000009b400000, 0x000000009b500000|  0%| F|  |TAMS 0x000000009b400000| PB 0x000000009b400000| Untracked |  0
| 437|0x000000009b500000, 0x000000009b500000, 0x000000009b600000|  0%| F|  |TAMS 0x000000009b500000| PB 0x000000009b500000| Untracked |  0
| 438|0x000000009b600000, 0x000000009b600000, 0x000000009b700000|  0%| F|  |TAMS 0x000000009b600000| PB 0x000000009b600000| Untracked |  0
| 439|0x000000009b700000, 0x000000009b700000, 0x000000009b800000|  0%| F|  |TAMS 0x000000009b700000| PB 0x000000009b700000| Untracked |  0
| 440|0x000000009b800000, 0x000000009b800000, 0x000000009b900000|  0%| F|  |TAMS 0x000000009b800000| PB 0x000000009b800000| Untracked |  0
| 441|0x000000009b900000, 0x000000009b900000, 0x000000009ba00000|  0%| F|  |TAMS 0x000000009b900000| PB 0x000000009b900000| Untracked |  0
| 442|0x000000009ba00000, 0x000000009ba00000, 0x000000009bb00000|  0%| F|  |TAMS 0x000000009ba00000| PB 0x000000009ba00000| Untracked |  0
| 443|0x000000009bb00000, 0x000000009bb00000, 0x000000009bc00000|  0%| F|  |TAMS 0x000000009bb00000| PB 0x000000009bb00000| Untracked |  0
| 444|0x000000009bc00000, 0x000000009bc00000, 0x000000009bd00000|  0%| F|  |TAMS 0x000000009bc00000| PB 0x000000009bc00000| Untracked |  0
| 445|0x000000009bd00000, 0x000000009bd00000, 0x000000009be00000|  0%| F|  |TAMS 0x000000009bd00000| PB 0x000000009bd00000| Untracked |  0
| 446|0x000000009be00000, 0x000000009be00000, 0x000000009bf00000|  0%| F|  |TAMS 0x000000009be00000| PB 0x000000009be00000| Untracked |  0
| 447|0x000000009bf00000, 0x000000009bf00000, 0x000000009c000000|  0%| F|  |TAMS 0x000000009bf00000| PB 0x000000009bf00000| Untracked |  0
| 448|0x000000009c000000, 0x000000009c000000, 0x000000009c100000|  0%| F|  |TAMS 0x000000009c000000| PB 0x000000009c000000| Untracked |  0
| 449|0x000000009c100000, 0x000000009c100000, 0x000000009c200000|  0%| F|  |TAMS 0x000000009c100000| PB 0x000000009c100000| Untracked |  0
| 450|0x000000009c200000, 0x000000009c200000, 0x000000009c300000|  0%| F|  |TAMS 0x000000009c200000| PB 0x000000009c200000| Untracked |  0
| 451|0x000000009c300000, 0x000000009c300000, 0x000000009c400000|  0%| F|  |TAMS 0x000000009c300000| PB 0x000000009c300000| Untracked |  0
| 452|0x000000009c400000, 0x000000009c400000, 0x000000009c500000|  0%| F|  |TAMS 0x000000009c400000| PB 0x000000009c400000| Untracked |  0
| 453|0x000000009c500000, 0x000000009c500000, 0x000000009c600000|  0%| F|  |TAMS 0x000000009c500000| PB 0x000000009c500000| Untracked |  0
| 454|0x000000009c600000, 0x000000009c600000, 0x000000009c700000|  0%| F|  |TAMS 0x000000009c600000| PB 0x000000009c600000| Untracked |  0
| 455|0x000000009c700000, 0x000000009c700000, 0x000000009c800000|  0%| F|  |TAMS 0x000000009c700000| PB 0x000000009c700000| Untracked |  0
| 456|0x000000009c800000, 0x000000009c800000, 0x000000009c900000|  0%| F|  |TAMS 0x000000009c800000| PB 0x000000009c800000| Untracked |  0
| 457|0x000000009c900000, 0x000000009c900000, 0x000000009ca00000|  0%| F|  |TAMS 0x000000009c900000| PB 0x000000009c900000| Untracked |  0
| 458|0x000000009ca00000, 0x000000009ca00000, 0x000000009cb00000|  0%| F|  |TAMS 0x000000009ca00000| PB 0x000000009ca00000| Untracked |  0
| 459|0x000000009cb00000, 0x000000009cb00000, 0x000000009cc00000|  0%| F|  |TAMS 0x000000009cb00000| PB 0x000000009cb00000| Untracked |  0
| 460|0x000000009cc00000, 0x000000009cc00000, 0x000000009cd00000|  0%| F|  |TAMS 0x000000009cc00000| PB 0x000000009cc00000| Untracked |  0
| 461|0x000000009cd00000, 0x000000009cd00000, 0x000000009ce00000|  0%| F|  |TAMS 0x000000009cd00000| PB 0x000000009cd00000| Untracked |  0
| 462|0x000000009ce00000, 0x000000009ce00000, 0x000000009cf00000|  0%| F|  |TAMS 0x000000009ce00000| PB 0x000000009ce00000| Untracked |  0
| 463|0x000000009cf00000, 0x000000009cf00000, 0x000000009d000000|  0%| F|  |TAMS 0x000000009cf00000| PB 0x000000009cf00000| Untracked |  0
| 464|0x000000009d000000, 0x000000009d000000, 0x000000009d100000|  0%| F|  |TAMS 0x000000009d000000| PB 0x000000009d000000| Untracked |  0
| 465|0x000000009d100000, 0x000000009d100000, 0x000000009d200000|  0%| F|  |TAMS 0x000000009d100000| PB 0x000000009d100000| Untracked |  0
| 466|0x000000009d200000, 0x000000009d200000, 0x000000009d300000|  0%| F|  |TAMS 0x000000009d200000| PB 0x000000009d200000| Untracked |  0
| 467|0x000000009d300000, 0x000000009d300000, 0x000000009d400000|  0%| F|  |TAMS 0x000000009d300000| PB 0x000000009d300000| Untracked |  0
| 468|0x000000009d400000, 0x000000009d400000, 0x000000009d500000|  0%| F|  |TAMS 0x000000009d400000| PB 0x000000009d400000| Untracked |  0
| 469|0x000000009d500000, 0x000000009d500000, 0x000000009d600000|  0%| F|  |TAMS 0x000000009d500000| PB 0x000000009d500000| Untracked |  0
| 470|0x000000009d600000, 0x000000009d600000, 0x000000009d700000|  0%| F|  |TAMS 0x000000009d600000| PB 0x000000009d600000| Untracked |  0
| 471|0x000000009d700000, 0x000000009d700000, 0x000000009d800000|  0%| F|  |TAMS 0x000000009d700000| PB 0x000000009d700000| Untracked |  0
| 472|0x000000009d800000, 0x000000009d800000, 0x000000009d900000|  0%| F|  |TAMS 0x000000009d800000| PB 0x000000009d800000| Untracked |  0
| 473|0x000000009d900000, 0x000000009d900000, 0x000000009da00000|  0%| F|  |TAMS 0x000000009d900000| PB 0x000000009d900000| Untracked |  0
| 474|0x000000009da00000, 0x000000009da00000, 0x000000009db00000|  0%| F|  |TAMS 0x000000009da00000| PB 0x000000009da00000| Untracked |  0
| 475|0x000000009db00000, 0x000000009db00000, 0x000000009dc00000|  0%| F|  |TAMS 0x000000009db00000| PB 0x000000009db00000| Untracked |  0
| 476|0x000000009dc00000, 0x000000009dc00000, 0x000000009dd00000|  0%| F|  |TAMS 0x000000009dc00000| PB 0x000000009dc00000| Untracked |  0
| 477|0x000000009dd00000, 0x000000009dd00000, 0x000000009de00000|  0%| F|  |TAMS 0x000000009dd00000| PB 0x000000009dd00000| Untracked |  0
| 478|0x000000009de00000, 0x000000009de00000, 0x000000009df00000|  0%| F|  |TAMS 0x000000009de00000| PB 0x000000009de00000| Untracked |  0
| 479|0x000000009df00000, 0x000000009df00000, 0x000000009e000000|  0%| F|  |TAMS 0x000000009df00000| PB 0x000000009df00000| Untracked |  0
| 480|0x000000009e000000, 0x000000009e000000, 0x000000009e100000|  0%| F|  |TAMS 0x000000009e000000| PB 0x000000009e000000| Untracked |  0
| 481|0x000000009e100000, 0x000000009e100000, 0x000000009e200000|  0%| F|  |TAMS 0x000000009e100000| PB 0x000000009e100000| Untracked |  0
| 482|0x000000009e200000, 0x000000009e200000, 0x000000009e300000|  0%| F|  |TAMS 0x000000009e200000| PB 0x000000009e200000| Untracked |  0
| 483|0x000000009e300000, 0x000000009e300000, 0x000000009e400000|  0%| F|  |TAMS 0x000000009e300000| PB 0x000000009e300000| Untracked |  0
| 484|0x000000009e400000, 0x000000009e400000, 0x000000009e500000|  0%| F|  |TAMS 0x000000009e400000| PB 0x000000009e400000| Untracked |  0
| 485|0x000000009e500000, 0x000000009e500000, 0x000000009e600000|  0%| F|  |TAMS 0x000000009e500000| PB 0x000000009e500000| Untracked |  0
| 486|0x000000009e600000, 0x000000009e600000, 0x000000009e700000|  0%| F|  |TAMS 0x000000009e600000| PB 0x000000009e600000| Untracked |  0
| 487|0x000000009e700000, 0x000000009e700000, 0x000000009e800000|  0%| F|  |TAMS 0x000000009e700000| PB 0x000000009e700000| Untracked |  0
| 488|0x000000009e800000, 0x000000009e800000, 0x000000009e900000|  0%| F|  |TAMS 0x000000009e800000| PB 0x000000009e800000| Untracked |  0
| 489|0x000000009e900000, 0x000000009e900000, 0x000000009ea00000|  0%| F|  |TAMS 0x000000009e900000| PB 0x000000009e900000| Untracked |  0
| 490|0x000000009ea00000, 0x000000009ea00000, 0x000000009eb00000|  0%| F|  |TAMS 0x000000009ea00000| PB 0x000000009ea00000| Untracked |  0
| 491|0x000000009eb00000, 0x000000009eb00000, 0x000000009ec00000|  0%| F|  |TAMS 0x000000009eb00000| PB 0x000000009eb00000| Untracked |  0
| 492|0x000000009ec00000, 0x000000009ec00000, 0x000000009ed00000|  0%| F|  |TAMS 0x000000009ec00000| PB 0x000000009ec00000| Untracked |  0
| 493|0x000000009ed00000, 0x000000009ed00000, 0x000000009ee00000|  0%| F|  |TAMS 0x000000009ed00000| PB 0x000000009ed00000| Untracked |  0
| 494|0x000000009ee00000, 0x000000009ee00000, 0x000000009ef00000|  0%| F|  |TAMS 0x000000009ee00000| PB 0x000000009ee00000| Untracked |  0
| 495|0x000000009ef00000, 0x000000009ef00000, 0x000000009f000000|  0%| F|  |TAMS 0x000000009ef00000| PB 0x000000009ef00000| Untracked |  0
| 496|0x000000009f000000, 0x000000009f000000, 0x000000009f100000|  0%| F|  |TAMS 0x000000009f000000| PB 0x000000009f000000| Untracked |  0
| 497|0x000000009f100000, 0x000000009f100000, 0x000000009f200000|  0%| F|  |TAMS 0x000000009f100000| PB 0x000000009f100000| Untracked |  0
| 498|0x000000009f200000, 0x000000009f200000, 0x000000009f300000|  0%| F|  |TAMS 0x000000009f200000| PB 0x000000009f200000| Untracked |  0
| 499|0x000000009f300000, 0x000000009f300000, 0x000000009f400000|  0%| F|  |TAMS 0x000000009f300000| PB 0x000000009f300000| Untracked |  0
| 500|0x000000009f400000, 0x000000009f400000, 0x000000009f500000|  0%| F|  |TAMS 0x000000009f400000| PB 0x000000009f400000| Untracked |  0
| 501|0x000000009f500000, 0x000000009f500000, 0x000000009f600000|  0%| F|  |TAMS 0x000000009f500000| PB 0x000000009f500000| Untracked |  0
| 502|0x000000009f600000, 0x000000009f600000, 0x000000009f700000|  0%| F|  |TAMS 0x000000009f600000| PB 0x000000009f600000| Untracked |  0
| 503|0x000000009f700000, 0x000000009f700000, 0x000000009f800000|  0%| F|  |TAMS 0x000000009f700000| PB 0x000000009f700000| Untracked |  0
| 504|0x000000009f800000, 0x000000009f800000, 0x000000009f900000|  0%| F|  |TAMS 0x000000009f800000| PB 0x000000009f800000| Untracked |  0
| 505|0x000000009f900000, 0x000000009f900000, 0x000000009fa00000|  0%| F|  |TAMS 0x000000009f900000| PB 0x000000009f900000| Untracked |  0
| 506|0x000000009fa00000, 0x000000009fa00000, 0x000000009fb00000|  0%| F|  |TAMS 0x000000009fa00000| PB 0x000000009fa00000| Untracked |  0
| 507|0x000000009fb00000, 0x000000009fb00000, 0x000000009fc00000|  0%| F|  |TAMS 0x000000009fb00000| PB 0x000000009fb00000| Untracked |  0
| 508|0x000000009fc00000, 0x000000009fc00000, 0x000000009fd00000|  0%| F|  |TAMS 0x000000009fc00000| PB 0x000000009fc00000| Untracked |  0
| 509|0x000000009fd00000, 0x000000009fd00000, 0x000000009fe00000|  0%| F|  |TAMS 0x000000009fd00000| PB 0x000000009fd00000| Untracked |  0
| 510|0x000000009fe00000, 0x000000009fe00000, 0x000000009ff00000|  0%| F|  |TAMS 0x000000009fe00000| PB 0x000000009fe00000| Untracked |  0
| 511|0x000000009ff00000, 0x000000009ff00000, 0x00000000a0000000|  0%| F|  |TAMS 0x000000009ff00000| PB 0x000000009ff00000| Untracked |  0
| 512|0x00000000a0000000, 0x00000000a00d1900, 0x00000000a0100000| 81%| S|CS|TAMS 0x00000000a0000000| PB 0x00000000a0000000| Complete |  0
| 513|0x00000000a0100000, 0x00000000a0200000, 0x00000000a0200000|100%| S|CS|TAMS 0x00000000a0100000| PB 0x00000000a0100000| Complete |  0
| 514|0x00000000a0200000, 0x00000000a0200000, 0x00000000a0300000|  0%| F|  |TAMS 0x00000000a0200000| PB 0x00000000a0200000| Untracked |  0
| 515|0x00000000a0300000, 0x00000000a0300000, 0x00000000a0400000|  0%| F|  |TAMS 0x00000000a0300000| PB 0x00000000a0300000| Untracked |  0
| 516|0x00000000a0400000, 0x00000000a0400000, 0x00000000a0500000|  0%| F|  |TAMS 0x00000000a0400000| PB 0x00000000a0400000| Untracked |  0
| 517|0x00000000a0500000, 0x00000000a05b8fe8, 0x00000000a0600000| 72%| E|  |TAMS 0x00000000a0500000| PB 0x00000000a0500000| Complete |  0
| 518|0x00000000a0600000, 0x00000000a0700000, 0x00000000a0700000|100%| E|CS|TAMS 0x00000000a0600000| PB 0x00000000a0600000| Complete |  0
| 519|0x00000000a0700000, 0x00000000a0800000, 0x00000000a0800000|100%| E|CS|TAMS 0x00000000a0700000| PB 0x00000000a0700000| Complete |  0
| 520|0x00000000a0800000, 0x00000000a0900000, 0x00000000a0900000|100%| E|CS|TAMS 0x00000000a0800000| PB 0x00000000a0800000| Complete |  0
| 521|0x00000000a0900000, 0x00000000a0a00000, 0x00000000a0a00000|100%| E|CS|TAMS 0x00000000a0900000| PB 0x00000000a0900000| Complete |  0
| 522|0x00000000a0a00000, 0x00000000a0b00000, 0x00000000a0b00000|100%| E|CS|TAMS 0x00000000a0a00000| PB 0x00000000a0a00000| Complete |  0
| 523|0x00000000a0b00000, 0x00000000a0c00000, 0x00000000a0c00000|100%| E|CS|TAMS 0x00000000a0b00000| PB 0x00000000a0b00000| Complete |  0
| 524|0x00000000a0c00000, 0x00000000a0d00000, 0x00000000a0d00000|100%| E|CS|TAMS 0x00000000a0c00000| PB 0x00000000a0c00000| Complete |  0
| 525|0x00000000a0d00000, 0x00000000a0e00000, 0x00000000a0e00000|100%| E|CS|TAMS 0x00000000a0d00000| PB 0x00000000a0d00000| Complete |  0
| 526|0x00000000a0e00000, 0x00000000a0f00000, 0x00000000a0f00000|100%| E|CS|TAMS 0x00000000a0e00000| PB 0x00000000a0e00000| Complete |  0
| 527|0x00000000a0f00000, 0x00000000a1000000, 0x00000000a1000000|100%| E|CS|TAMS 0x00000000a0f00000| PB 0x00000000a0f00000| Complete |  0
| 528|0x00000000a1000000, 0x00000000a1100000, 0x00000000a1100000|100%| E|CS|TAMS 0x00000000a1000000| PB 0x00000000a1000000| Complete |  0
| 529|0x00000000a1100000, 0x00000000a1200000, 0x00000000a1200000|100%| E|CS|TAMS 0x00000000a1100000| PB 0x00000000a1100000| Complete |  0
| 530|0x00000000a1200000, 0x00000000a1300000, 0x00000000a1300000|100%| E|CS|TAMS 0x00000000a1200000| PB 0x00000000a1200000| Complete |  0
| 531|0x00000000a1300000, 0x00000000a1400000, 0x00000000a1400000|100%| E|CS|TAMS 0x00000000a1300000| PB 0x00000000a1300000| Complete |  0
|2028|0x00000000fec00000, 0x00000000fed00000, 0x00000000fed00000|100%| E|CS|TAMS 0x00000000fec00000| PB 0x00000000fec00000| Complete |  0
|2029|0x00000000fed00000, 0x00000000fee00000, 0x00000000fee00000|100%| E|CS|TAMS 0x00000000fed00000| PB 0x00000000fed00000| Complete |  0
|2030|0x00000000fee00000, 0x00000000fef00000, 0x00000000fef00000|100%| E|CS|TAMS 0x00000000fee00000| PB 0x00000000fee00000| Complete |  0
|2031|0x00000000fef00000, 0x00000000ff000000, 0x00000000ff000000|100%| E|CS|TAMS 0x00000000fef00000| PB 0x00000000fef00000| Complete |  0
|2032|0x00000000ff000000, 0x00000000ff100000, 0x00000000ff100000|100%| E|CS|TAMS 0x00000000ff000000| PB 0x00000000ff000000| Complete |  0
|2033|0x00000000ff100000, 0x00000000ff200000, 0x00000000ff200000|100%| E|CS|TAMS 0x00000000ff100000| PB 0x00000000ff100000| Complete |  0
|2034|0x00000000ff200000, 0x00000000ff300000, 0x00000000ff300000|100%| E|CS|TAMS 0x00000000ff200000| PB 0x00000000ff200000| Complete |  0
|2035|0x00000000ff300000, 0x00000000ff400000, 0x00000000ff400000|100%| E|CS|TAMS 0x00000000ff300000| PB 0x00000000ff300000| Complete |  0
|2036|0x00000000ff400000, 0x00000000ff500000, 0x00000000ff500000|100%| E|CS|TAMS 0x00000000ff400000| PB 0x00000000ff400000| Complete |  0
|2043|0x00000000ffb00000, 0x00000000ffc00000, 0x00000000ffc00000|100%| O|  |TAMS 0x00000000ffb00000| PB 0x00000000ffb00000| Untracked |  0
|2047|0x00000000fff00000, 0x0000000100000000, 0x0000000100000000|100%| O|  |TAMS 0x00000000fff00000| PB 0x00000000fff00000| Untracked |  0

Card table byte_map: [0x000001d475430000,0x000001d475830000] _byte_map_base: 0x000001d475030000

Marking Bits: (CMBitMap*) 0x000001d471bae510
 Bits: [0x000001d475830000, 0x000001d477830000)

Polling page: 0x000001d471300000

Metaspace:
Metaspace        used 202381K, committed 204352K, reserved 1245184K
 class space     used 27826K, committed 28800K, reserved 1048576K

Usage:
  Non-class:    170.46 MB used.
      Class:     27.17 MB used.
       Both:    197.64 MB used.

Virtual space:
  Non-class space:      192.00 MB reserved,     171.44 MB ( 89%) committed,  3 nodes.
      Class space:        1.00 GB reserved,      28.12 MB (  3%) committed,  1 nodes.
             Both:        1.19 GB reserved,     199.56 MB ( 16%) committed. 

Chunk freelists:
   Non-Class:  3.77 MB
       Class:  3.86 MB
        Both:  7.63 MB

MaxMetaspaceSize: unlimited
CompressedClassSpaceSize: 1.00 GB
Initial GC threshold: 21.00 MB
Current GC threshold: 332.31 MB
CDS: off
 - commit_granule_bytes: 65536.
 - commit_granule_words: 8192.
 - virtual_space_node_default_size: 8388608.
 - enlarge_chunks_in_place: 1.
UseCompressedClassPointers 1, UseCompactObjectHeaders 0
Narrow klass pointer bits 32, Max shift 3
Narrow klass base: 0x0000000000000000, Narrow klass shift: 0
Encoding Range: [0x0000000000000000 - 0x0000000100000000), (4294967296 bytes)
Klass Range:    [0x000000002f000000 - 0x000000006f000000), (1073741824 bytes)
Klass ID Range:  [788529152 - 1862270969) (1073741817)
No protection zone.


Internal statistics:

num_allocs_failed_limit: 6.
num_arena_births: 6260.
num_arena_deaths: 3028.
num_vsnodes_births: 4.
num_vsnodes_deaths: 0.
num_space_committed: 3192.
num_space_uncommitted: 1.
num_chunks_returned_to_freelist: 3466.
num_chunks_taken_from_freelist: 15562.
num_chunk_merges: 1247.
num_chunk_splits: 9872.
num_chunks_enlarged: 6695.
num_inconsistent_stats: 0.

CodeHeap 'non-profiled nmethods': size=120064Kb used=19383Kb max_used=19383Kb free=100680Kb
 bounds [0x000001d407ac0000, 0x000001d408dc0000, 0x000001d40f000000]
CodeHeap 'profiled nmethods': size=120000Kb used=25741Kb max_used=28098Kb free=94258Kb
 bounds [0x000001d400000000, 0x000001d401b80000, 0x000001d407530000]
CodeHeap 'non-nmethods': size=5696Kb used=2258Kb max_used=2427Kb free=3437Kb
 bounds [0x000001d407530000, 0x000001d4077a0000, 0x000001d407ac0000]
CodeCache: size=245760Kb, used=47382Kb, max_used=49908Kb, free=198375Kb
 total_blobs=21863, nmethods=20781, adapters=982, full_count=0
Compilation: enabled, stopped_count=0, restarted_count=0

Compilation events (20 events):
Event: 16413.775 Thread 0x000001d479e38080 nmethod 55491 0x000001d401256b08 code [0x000001d401256c00, 0x000001d401257658]
Event: 16413.895 Thread 0x000001d479e38080 55492       1       com.google.common.cache.LocalCache$WriteThroughEntry::getValue (5 bytes)
Event: 16413.896 Thread 0x000001d479e38080 nmethod 55492 0x000001d408a9a188 code [0x000001d408a9a280, 0x000001d408a9a348]
Event: 16413.914 Thread 0x000001d479e38080 55493       3       org.gradle.cache.internal.ExclusiveCacheAccessingWorker$ShutdownOperationsCommand::<init> (5 bytes)
Event: 16413.914 Thread 0x000001d479e38080 nmethod 55493 0x000001d400aeca88 code [0x000001d400aecb80, 0x000001d400aecd40]
Event: 16413.914 Thread 0x000001d479e38080 55494       3       java.util.concurrent.ArrayBlockingQueue::drainTo (8 bytes)
Event: 16413.914 Thread 0x000001d479e38080 nmethod 55494 0x000001d400b7ec88 code [0x000001d400b7ed80, 0x000001d400b7eed8]
Event: 16413.915 Thread 0x000001d479e38080 55495       3       org.gradle.cache.internal.ExclusiveCacheAccessingWorker::rethrowFailure (8 bytes)
Event: 16413.920 Thread 0x000001d479e38080 nmethod 55495 0x000001d4005fd608 code [0x000001d4005fd700, 0x000001d4005fe668]
Event: 16414.257 Thread 0x000001d479e38080 55496       3       it.unimi.dsi.fastutil.longs.Long2ObjectOpenHashMap::removeEntry (74 bytes)
Event: 16414.258 Thread 0x000001d479e38080 nmethod 55496 0x000001d400a11f08 code [0x000001d400a12000, 0x000001d400a12478]
Event: 16416.296 Thread 0x000001d479e38080 55498       3       org.gradle.internal.serialize.ListSerializer::read (47 bytes)
Event: 16416.299 Thread 0x000001d479e38080 nmethod 55498 0x000001d40093eb88 code [0x000001d40093ec80, 0x000001d40093f4b0]
Event: 16416.299 Thread 0x000001d479e38080 55497       3       org.gradle.internal.serialize.ListSerializer::read (6 bytes)
Event: 16416.300 Thread 0x000001d479e38080 nmethod 55497 0x000001d400b8a688 code [0x000001d400b8a780, 0x000001d400b8a8d0]
Event: 16416.373 Thread 0x000001d479e31430 55499   !   4       org.gradle.internal.event.DefaultListenerManager::getBroadcasterInternal (200 bytes)
Event: 16416.467 Thread 0x000001d479e38080 55500       3       org.gradle.internal.cc.impl.ConfigurationCacheClassLoaderScopeRegistryListener::assertNotDisposed (44 bytes)
Event: 16416.468 Thread 0x000001d479e38080 nmethod 55500 0x000001d400ae5908 code [0x000001d400ae5a00, 0x000001d400ae5e68]
Event: 16417.105 Thread 0x000001d479e31430 nmethod 55499 0x000001d408da6c88 code [0x000001d408da6d80, 0x000001d408db0dd8]
Event: 16419.646 Thread 0x000001d479e31430 55502       4       java.util.zip.ZipFile$Source::getEntryPos (199 bytes)

GC Heap Usage History (20 events):
Event: 14968.599 {heap Before GC invocations=200 (full 1):
 garbage-first heap   total reserved 2097152K, committed 552960K, used 407469K [0x0000000080000000, 0x0000000100000000)
  region size 1024K, 135 young (138240K), 1 survivors (1024K)
}
Event: 14968.718 {heap After GC invocations=201 (full 1):
 garbage-first heap   total reserved 2097152K, committed 552960K, used 203366K [0x0000000080000000, 0x0000000100000000)
  region size 1024K, 2 young (2048K), 2 survivors (2048K)
}
Event: 14975.984 {heap Before GC invocations=201 (full 1):
 garbage-first heap   total reserved 2097152K, committed 552960K, used 522854K [0x0000000080000000, 0x0000000100000000)
  region size 1024K, 314 young (321536K), 2 survivors (2048K)
}
Event: 14976.079 {heap After GC invocations=202 (full 1):
 garbage-first heap   total reserved 2097152K, committed 552960K, used 216918K [0x0000000080000000, 0x0000000100000000)
  region size 1024K, 20 young (20480K), 20 survivors (20480K)
}
Event: 14976.269 {heap Before GC invocations=202 (full 1):
 garbage-first heap   total reserved 2097152K, committed 552960K, used 224086K [0x0000000080000000, 0x0000000100000000)
  region size 1024K, 27 young (27648K), 20 survivors (20480K)
}
Event: 14976.369 {heap After GC invocations=203 (full 1):
 garbage-first heap   total reserved 2097152K, committed 552960K, used 218382K [0x0000000080000000, 0x0000000100000000)
  region size 1024K, 2 young (2048K), 2 survivors (2048K)
}
Event: 15040.195 {heap Before GC invocations=204 (full 1):
 garbage-first heap   total reserved 2097152K, committed 552960K, used 378126K [0x0000000080000000, 0x0000000100000000)
  region size 1024K, 163 young (166912K), 2 survivors (2048K)
}
Event: 15040.453 {heap After GC invocations=205 (full 1):
 garbage-first heap   total reserved 2097152K, committed 552960K, used 220165K [0x0000000080000000, 0x0000000100000000)
  region size 1024K, 8 young (8192K), 8 survivors (8192K)
}
Event: 16110.996 {heap Before GC invocations=205 (full 1):
 garbage-first heap   total reserved 2097152K, committed 552960K, used 549893K [0x0000000080000000, 0x0000000100000000)
  region size 1024K, 264 young (270336K), 8 survivors (8192K)
}
Event: 16111.489 {heap After GC invocations=206 (full 1):
 garbage-first heap   total reserved 2097152K, committed 556032K, used 206092K [0x0000000080000000, 0x0000000100000000)
  region size 1024K, 2 young (2048K), 2 survivors (2048K)
}
Event: 16132.735 {heap Before GC invocations=206 (full 1):
 garbage-first heap   total reserved 2097152K, committed 556032K, used 382220K [0x0000000080000000, 0x0000000100000000)
  region size 1024K, 174 young (178176K), 2 survivors (2048K)
}
Event: 16132.801 {heap After GC invocations=207 (full 1):
 garbage-first heap   total reserved 2097152K, committed 556032K, used 215868K [0x0000000080000000, 0x0000000100000000)
  region size 1024K, 11 young (11264K), 11 survivors (11264K)
}
Event: 16133.648 {heap Before GC invocations=207 (full 1):
 garbage-first heap   total reserved 2097152K, committed 556032K, used 282428K [0x0000000080000000, 0x0000000100000000)
  region size 1024K, 77 young (78848K), 11 survivors (11264K)
}
Event: 16133.690 {heap After GC invocations=208 (full 1):
 garbage-first heap   total reserved 2097152K, committed 556032K, used 218693K [0x0000000080000000, 0x0000000100000000)
  region size 1024K, 7 young (7168K), 7 survivors (7168K)
}
Event: 16397.481 {heap Before GC invocations=209 (full 1):
 garbage-first heap   total reserved 2097152K, committed 556032K, used 418373K [0x0000000080000000, 0x0000000100000000)
  region size 1024K, 136 young (139264K), 7 survivors (7168K)
}
Event: 16397.582 {heap After GC invocations=210 (full 1):
 garbage-first heap   total reserved 2097152K, committed 556032K, used 217970K [0x0000000080000000, 0x0000000100000000)
  region size 1024K, 6 young (6144K), 6 survivors (6144K)
}
Event: 16398.124 {heap Before GC invocations=210 (full 1):
 garbage-first heap   total reserved 2097152K, committed 556032K, used 239474K [0x0000000080000000, 0x0000000100000000)
  region size 1024K, 27 young (27648K), 6 survivors (6144K)
}
Event: 16398.155 {heap After GC invocations=211 (full 1):
 garbage-first heap   total reserved 2097152K, committed 556032K, used 216881K [0x0000000080000000, 0x0000000100000000)
  region size 1024K, 2 young (2048K), 2 survivors (2048K)
}
Event: 16413.850 {heap Before GC invocations=211 (full 1):
 garbage-first heap   total reserved 2097152K, committed 556032K, used 241457K [0x0000000080000000, 0x0000000100000000)
  region size 1024K, 27 young (27648K), 2 survivors (2048K)
}
Event: 16413.876 {heap After GC invocations=212 (full 1):
 garbage-first heap   total reserved 2097152K, committed 556032K, used 212870K [0x0000000080000000, 0x0000000100000000)
  region size 1024K, 2 young (2048K), 2 survivors (2048K)
}

Metaspace Usage History (20 events):
Event: 14968.599 {metaspace Before GC invocations=200 (full 1):
 Metaspace       used 197935K, committed 200192K, reserved 1245184K
  class space    used 27216K, committed 28544K, reserved 1048576K
}
Event: 14968.718 {metaspace After GC invocations=201 (full 1):
 Metaspace       used 197935K, committed 200192K, reserved 1245184K
  class space    used 27216K, committed 28544K, reserved 1048576K
}
Event: 14975.984 {metaspace Before GC invocations=201 (full 1):
 Metaspace       used 202275K, committed 204160K, reserved 1245184K
  class space    used 27834K, committed 28800K, reserved 1048576K
}
Event: 14976.079 {metaspace After GC invocations=202 (full 1):
 Metaspace       used 202275K, committed 204160K, reserved 1245184K
  class space    used 27834K, committed 28800K, reserved 1048576K
}
Event: 14976.269 {metaspace Before GC invocations=202 (full 1):
 Metaspace       used 202277K, committed 204160K, reserved 1245184K
  class space    used 27834K, committed 28800K, reserved 1048576K
}
Event: 14976.369 {metaspace After GC invocations=203 (full 1):
 Metaspace       used 202277K, committed 204160K, reserved 1245184K
  class space    used 27834K, committed 28800K, reserved 1048576K
}
Event: 15040.196 {metaspace Before GC invocations=204 (full 1):
 Metaspace       used 202317K, committed 204224K, reserved 1245184K
  class space    used 27839K, committed 28800K, reserved 1048576K
}
Event: 15040.453 {metaspace After GC invocations=205 (full 1):
 Metaspace       used 202317K, committed 204224K, reserved 1245184K
  class space    used 27839K, committed 28800K, reserved 1048576K
}
Event: 16110.996 {metaspace Before GC invocations=205 (full 1):
 Metaspace       used 202350K, committed 204224K, reserved 1245184K
  class space    used 27839K, committed 28800K, reserved 1048576K
}
Event: 16111.489 {metaspace After GC invocations=206 (full 1):
 Metaspace       used 202350K, committed 204224K, reserved 1245184K
  class space    used 27839K, committed 28800K, reserved 1048576K
}
Event: 16132.735 {metaspace Before GC invocations=206 (full 1):
 Metaspace       used 202369K, committed 204224K, reserved 1245184K
  class space    used 27840K, committed 28800K, reserved 1048576K
}
Event: 16132.801 {metaspace After GC invocations=207 (full 1):
 Metaspace       used 202369K, committed 204224K, reserved 1245184K
  class space    used 27840K, committed 28800K, reserved 1048576K
}
Event: 16133.648 {metaspace Before GC invocations=207 (full 1):
 Metaspace       used 202374K, committed 204224K, reserved 1245184K
  class space    used 27840K, committed 28800K, reserved 1048576K
}
Event: 16133.690 {metaspace After GC invocations=208 (full 1):
 Metaspace       used 202374K, committed 204224K, reserved 1245184K
  class space    used 27840K, committed 28800K, reserved 1048576K
}
Event: 16397.481 {metaspace Before GC invocations=209 (full 1):
 Metaspace       used 202339K, committed 204352K, reserved 1245184K
  class space    used 27822K, committed 28800K, reserved 1048576K
}
Event: 16397.582 {metaspace After GC invocations=210 (full 1):
 Metaspace       used 202339K, committed 204352K, reserved 1245184K
  class space    used 27822K, committed 28800K, reserved 1048576K
}
Event: 16398.124 {metaspace Before GC invocations=210 (full 1):
 Metaspace       used 202359K, committed 204352K, reserved 1245184K
  class space    used 27825K, committed 28800K, reserved 1048576K
}
Event: 16398.155 {metaspace After GC invocations=211 (full 1):
 Metaspace       used 202359K, committed 204352K, reserved 1245184K
  class space    used 27825K, committed 28800K, reserved 1048576K
}
Event: 16413.850 {metaspace Before GC invocations=211 (full 1):
 Metaspace       used 202372K, committed 204352K, reserved 1245184K
  class space    used 27825K, committed 28800K, reserved 1048576K
}
Event: 16413.876 {metaspace After GC invocations=212 (full 1):
 Metaspace       used 202372K, committed 204352K, reserved 1245184K
  class space    used 27825K, committed 28800K, reserved 1048576K
}

Dll operation events (3 events):
Event: 0.113 Loaded shared library U:\Android\jbr\bin\java.dll
Event: 0.142 Loaded shared library U:\Android\jbr\bin\zip.dll
Event: 2.489 Loaded shared library U:\Android\jbr\bin\verify.dll

Deoptimization events (20 events):
Event: 16133.570 Thread 0x000001d41a448bc0 DEOPT PACKING pc=0x000001d408d6007c sp=0x0000007ade0fd2c0
Event: 16133.570 Thread 0x000001d41a448bc0 DEOPT UNPACKING pc=0x000001d4075b4602 sp=0x0000007ade0fd258 mode 2
Event: 16133.570 Thread 0x000001d41a448bc0 Uncommon trap: trap_request=0xffffffbe fr.pc=0x000001d408d6007c relative=0x0000000000000afc
Event: 16133.570 Thread 0x000001d41a448bc0 Uncommon trap: reason=profile_predicate action=maybe_recompile pc=0x000001d408d6007c method=com.android.tools.r8.dex.z.a(I[Lcom/android/tools/r8/graph/y5;[Lcom/android/tools/r8/graph/s6;)[Lcom/android/tools/r8/graph/h3; @ 29 c2
Event: 16133.570 Thread 0x000001d41a448bc0 DEOPT PACKING pc=0x000001d408d6007c sp=0x0000007ade0fd2c0
Event: 16133.570 Thread 0x000001d41a448bc0 DEOPT UNPACKING pc=0x000001d4075b4602 sp=0x0000007ade0fd258 mode 2
Event: 16133.570 Thread 0x000001d41a448bc0 Uncommon trap: trap_request=0xffffffbe fr.pc=0x000001d408d6007c relative=0x0000000000000afc
Event: 16133.570 Thread 0x000001d41a448bc0 Uncommon trap: reason=profile_predicate action=maybe_recompile pc=0x000001d408d6007c method=com.android.tools.r8.dex.z.a(I[Lcom/android/tools/r8/graph/y5;[Lcom/android/tools/r8/graph/s6;)[Lcom/android/tools/r8/graph/h3; @ 29 c2
Event: 16133.570 Thread 0x000001d41a448bc0 DEOPT PACKING pc=0x000001d408d6007c sp=0x0000007ade0fd2c0
Event: 16133.570 Thread 0x000001d41a448bc0 DEOPT UNPACKING pc=0x000001d4075b4602 sp=0x0000007ade0fd258 mode 2
Event: 16133.597 Thread 0x000001d41a448bc0 Uncommon trap: trap_request=0x00000110 fr.pc=0x000001d4088d23ac relative=0x0000000000005fec
Event: 16133.597 Thread 0x000001d41a448bc0 Uncommon trap: reason=unloaded action=reinterpret pc=0x000001d4088d23ac method=com.android.tools.r8.internal.ob0.a(IILcom/android/tools/r8/internal/lg0;Lcom/android/tools/r8/graph/dc;)Lcom/android/tools/r8/internal/kg0; @ 1761 c2
Event: 16133.597 Thread 0x000001d41a448bc0 DEOPT PACKING pc=0x000001d4088d23ac sp=0x0000007ade0fd150
Event: 16133.597 Thread 0x000001d41a448bc0 DEOPT UNPACKING pc=0x000001d4075b4602 sp=0x0000007ade0fd118 mode 2
Event: 16396.945 Thread 0x000001d4202cacb0 DEOPT PACKING pc=0x000001d40151ca35 sp=0x0000007ad92f8a30
Event: 16396.946 Thread 0x000001d4202cacb0 DEOPT UNPACKING pc=0x000001d407581702 sp=0x0000007ad92f7fa8 mode 0
Event: 16416.481 Thread 0x000001d4202cacb0 Uncommon trap: trap_request=0xffffff45 fr.pc=0x000001d4082e5f48 relative=0x0000000000001b48
Event: 16416.481 Thread 0x000001d4202cacb0 Uncommon trap: reason=unstable_if action=reinterpret pc=0x000001d4082e5f48 method=org.gradle.internal.cc.impl.fingerprint.ConfigurationCacheFingerprintChecker.check(Lorg/gradle/internal/cc/impl/fingerprint/ConfigurationCacheFingerprint;)Lorg/gradle/intern
Event: 16416.481 Thread 0x000001d4202cacb0 DEOPT PACKING pc=0x000001d4082e5f48 sp=0x0000007ad92fbc00
Event: 16416.481 Thread 0x000001d4202cacb0 DEOPT UNPACKING pc=0x000001d4075b4602 sp=0x0000007ad92fbb58 mode 2

Classes loaded (20 events):
Event: 1765.046 Loading class java/nio/BufferOverflowException
Event: 1765.046 Loading class java/nio/BufferOverflowException done
Event: 1765.051 Loading class java/security/spec/InvalidKeySpecException
Event: 1765.052 Loading class java/security/spec/InvalidKeySpecException done
Event: 1765.056 Loading class java/security/DigestException
Event: 1765.056 Loading class java/security/DigestException done
Event: 1765.058 Loading class java/security/InvalidAlgorithmParameterException
Event: 1765.059 Loading class java/security/InvalidAlgorithmParameterException done
Event: 1765.069 Loading class java/security/spec/MGF1ParameterSpec
Event: 1765.069 Loading class java/security/spec/MGF1ParameterSpec done
Event: 1765.074 Loading class java/util/concurrent/ForkJoinTask$AdaptedInterruptibleRunnable
Event: 1765.075 Loading class java/util/concurrent/ForkJoinTask$AdaptedInterruptibleRunnable done
Event: 1765.155 Loading class sun/security/rsa/RSACore$BlindingParameters
Event: 1765.156 Loading class sun/security/rsa/RSACore$BlindingParameters done
Event: 1765.156 Loading class sun/security/jca/JCAUtil$CachedSecureRandomHolder
Event: 1765.156 Loading class sun/security/jca/JCAUtil$CachedSecureRandomHolder done
Event: 1765.164 Loading class sun/security/rsa/RSACore$BlindingRandomPair
Event: 1765.164 Loading class sun/security/rsa/RSACore$BlindingRandomPair done
Event: 1786.114 Loading class java/util/concurrent/locks/ReentrantReadWriteLock$Sync$HoldCounter
Event: 1786.115 Loading class java/util/concurrent/locks/ReentrantReadWriteLock$Sync$HoldCounter done

Classes unloaded (20 events):
Event: 16134.725 Thread 0x000001d479dd74b0 Unloading class 0x000000002f91c800 'ijInit1_9aa7f3xq0wsly6bohuurrsa7m$_run_closure1'
Event: 16134.725 Thread 0x000001d479dd74b0 Unloading class 0x000000002f91f000 'ijInit1_9aa7f3xq0wsly6bohuurrsa7m'
Event: 16134.726 Thread 0x000001d479dd74b0 Unloading class 0x000000002f3f1c00 'java/lang/invoke/LambdaForm$MH+0x000000002f3f1c00'
Event: 16134.726 Thread 0x000001d479dd74b0 Unloading class 0x000000002f3f2400 'java/lang/invoke/LambdaForm$MH+0x000000002f3f2400'
Event: 16134.728 Thread 0x000001d479dd74b0 Unloading class 0x00000000306bb000 'sync_studio_tooling153_9gwmt2fbkncropj9dmbvemh5o$_run_closure2'
Event: 16134.728 Thread 0x000001d479dd74b0 Unloading class 0x000000002f939000 'sync_studio_tooling153_9gwmt2fbkncropj9dmbvemh5o$_run_closure1'
Event: 16134.728 Thread 0x000001d479dd74b0 Unloading class 0x000000002f9b3000 'sync_studio_tooling153_9gwmt2fbkncropj9dmbvemh5o'
Event: 16134.728 Thread 0x000001d479dd74b0 Unloading class 0x000000002f3f4400 'java/lang/invoke/LambdaForm$MH+0x000000002f3f4400'
Event: 16134.729 Thread 0x000001d479dd74b0 Unloading class 0x0000000030b55000 'sync_studio_tooling153_9gwmt2fbkncropj9dmbvemh5o$_run_closure1$_closure2'
Event: 16134.731 Thread 0x000001d479dd74b0 Unloading class 0x000000002fb60800 'sync_studio_tooling153_9gwmt2fbkncropj9dmbvemh5o$_run_closure1'
Event: 16134.731 Thread 0x000001d479dd74b0 Unloading class 0x000000002fb61000 'sync_studio_tooling153_9gwmt2fbkncropj9dmbvemh5o'
Event: 16134.731 Thread 0x000001d479dd74b0 Unloading class 0x000000002f563400 'java/lang/invoke/LambdaForm$MH+0x000000002f563400'
Event: 16134.731 Thread 0x000001d479dd74b0 Unloading class 0x000000002f568800 'java/lang/invoke/LambdaForm$MH+0x000000002f568800'
Event: 16134.731 Thread 0x000001d479dd74b0 Unloading class 0x000000002f569400 'java/lang/invoke/LambdaForm$MH+0x000000002f569400'
Event: 16134.731 Thread 0x000001d479dd74b0 Unloading class 0x000000002f571800 'java/lang/invoke/LambdaForm$MH+0x000000002f571800'
Event: 16134.731 Thread 0x000001d479dd74b0 Unloading class 0x000000002f572c00 'java/lang/invoke/LambdaForm$MH+0x000000002f572c00'
Event: 16134.731 Thread 0x000001d479dd74b0 Unloading class 0x000000002f576000 'java/lang/invoke/LambdaForm$MH+0x000000002f576000'
Event: 16134.732 Thread 0x000001d479dd74b0 Unloading class 0x000000002f576c00 'java/lang/invoke/LambdaForm$MH+0x000000002f576c00'
Event: 16134.732 Thread 0x000001d479dd74b0 Unloading class 0x000000002f579400 'java/lang/invoke/LambdaForm$MH+0x000000002f579400'
Event: 16134.732 Thread 0x000001d479dd74b0 Unloading class 0x000000002f579c00 'java/lang/invoke/LambdaForm$MH+0x000000002f579c00'

Classes redefined (0 events):
No events

Internal exceptions (20 events):
Event: 16416.341 Thread 0x000001d4202cacb0 Exception <a 'sun/nio/fs/WindowsException'{0x00000000a0d841f8}> (0x00000000a0d841f8) 
thrown [s\src\hotspot\share\prims\jni.cpp, line 535]
Event: 16416.342 Thread 0x000001d4202cacb0 Exception <a 'sun/nio/fs/WindowsException'{0x00000000a0d885b8}> (0x00000000a0d885b8) 
thrown [s\src\hotspot\share\prims\jni.cpp, line 535]
Event: 16416.354 Thread 0x000001d4202cacb0 Exception <a 'sun/nio/fs/WindowsException'{0x00000000a0ddd970}> (0x00000000a0ddd970) 
thrown [s\src\hotspot\share\prims\jni.cpp, line 535]
Event: 16416.369 Thread 0x000001d4202cacb0 Exception <a 'sun/nio/fs/WindowsException'{0x00000000a0df8548}> (0x00000000a0df8548) 
thrown [s\src\hotspot\share\prims\jni.cpp, line 535]
Event: 16416.373 Thread 0x000001d4202cacb0 Exception <a 'sun/nio/fs/WindowsException'{0x00000000a0c0b9f8}> (0x00000000a0c0b9f8) 
thrown [s\src\hotspot\share\prims\jni.cpp, line 535]
Event: 16416.374 Thread 0x000001d4202cacb0 Exception <a 'sun/nio/fs/WindowsException'{0x00000000a0c0d3b8}> (0x00000000a0c0d3b8) 
thrown [s\src\hotspot\share\prims\jni.cpp, line 535]
Event: 16416.376 Thread 0x000001d4202cacb0 Exception <a 'sun/nio/fs/WindowsException'{0x00000000a0c18448}> (0x00000000a0c18448) 
thrown [s\src\hotspot\share\prims\jni.cpp, line 535]
Event: 16416.393 Thread 0x000001d4202cacb0 Exception <a 'sun/nio/fs/WindowsException'{0x00000000a0c36e38}> (0x00000000a0c36e38) 
thrown [s\src\hotspot\share\prims\jni.cpp, line 535]
Event: 16416.436 Thread 0x000001d4202cacb0 Exception <a 'sun/nio/fs/WindowsException'{0x00000000a0b440c0}> (0x00000000a0b440c0) 
thrown [s\src\hotspot\share\prims\jni.cpp, line 535]
Event: 16416.453 Thread 0x000001d4202cacb0 Exception <a 'sun/nio/fs/WindowsException'{0x00000000a0a331f8}> (0x00000000a0a331f8) 
thrown [s\src\hotspot\share\prims\jni.cpp, line 535]
Event: 16416.454 Thread 0x000001d4202cacb0 Exception <a 'sun/nio/fs/WindowsException'{0x00000000a0a343d8}> (0x00000000a0a343d8) 
thrown [s\src\hotspot\share\prims\jni.cpp, line 535]
Event: 16416.454 Thread 0x000001d4202cacb0 Exception <a 'sun/nio/fs/WindowsException'{0x00000000a0a355b8}> (0x00000000a0a355b8) 
thrown [s\src\hotspot\share\prims\jni.cpp, line 535]
Event: 16416.454 Thread 0x000001d4202cacb0 Exception <a 'sun/nio/fs/WindowsException'{0x00000000a0a36708}> (0x00000000a0a36708) 
thrown [s\src\hotspot\share\prims\jni.cpp, line 535]
Event: 16416.457 Thread 0x000001d4202cacb0 Exception <a 'sun/nio/fs/WindowsException'{0x00000000a0a416a0}> (0x00000000a0a416a0) 
thrown [s\src\hotspot\share\prims\jni.cpp, line 535]
Event: 16416.458 Thread 0x000001d4202cacb0 Exception <a 'sun/nio/fs/WindowsException'{0x00000000a0a45bd8}> (0x00000000a0a45bd8) 
thrown [s\src\hotspot\share\prims\jni.cpp, line 535]
Event: 16416.465 Thread 0x000001d4202cacb0 Exception <a 'sun/nio/fs/WindowsException'{0x00000000a0a59600}> (0x00000000a0a59600) 
thrown [s\src\hotspot\share\prims\jni.cpp, line 535]
Event: 16416.747 Thread 0x000001d4202cacb0 Exception <a 'sun/nio/fs/WindowsException'{0x00000000a085c958}> (0x00000000a085c958) 
thrown [s\src\hotspot\share\prims\jni.cpp, line 535]
Event: 16416.748 Thread 0x000001d4202cacb0 Exception <a 'sun/nio/fs/WindowsException'{0x00000000a085f788}> (0x00000000a085f788) 
thrown [s\src\hotspot\share\prims\jni.cpp, line 535]
Event: 16417.555 Thread 0x000001d40f0c2c90 Exception <a 'sun/nio/fs/WindowsException'{0x00000000a077ee88}> (0x00000000a077ee88) 
thrown [s\src\hotspot\share\prims\jni.cpp, line 535]
Event: 16417.558 Thread 0x000001d40f0c2c90 Exception <a 'sun/nio/fs/WindowsException'{0x00000000a078b118}> (0x00000000a078b118) 
thrown [s\src\hotspot\share\prims\jni.cpp, line 535]

VM Operations (20 events):
Event: 16221.376 Executing non-safepoint VM operation: RendezvousGCThreads
Event: 16221.376 Executing non-safepoint VM operation: RendezvousGCThreads done
Event: 16281.575 Executing non-safepoint VM operation: HandshakeAllThreads (HandshakeForDeflation)
Event: 16281.576 Executing non-safepoint VM operation: HandshakeAllThreads (HandshakeForDeflation) done
Event: 16281.576 Executing non-safepoint VM operation: RendezvousGCThreads
Event: 16281.576 Executing non-safepoint VM operation: RendezvousGCThreads done
Event: 16341.627 Executing non-safepoint VM operation: HandshakeAllThreads (HandshakeForDeflation)
Event: 16341.627 Executing non-safepoint VM operation: HandshakeAllThreads (HandshakeForDeflation) done
Event: 16341.627 Executing non-safepoint VM operation: RendezvousGCThreads
Event: 16341.627 Executing non-safepoint VM operation: RendezvousGCThreads done
Event: 16397.473 Executing safepoint VM operation: G1CollectForAllocation (G1 Evacuation Pause)
Event: 16397.582 Executing safepoint VM operation: G1CollectForAllocation (G1 Evacuation Pause) done
Event: 16398.124 Executing safepoint VM operation: G1CollectForAllocation (G1 Evacuation Pause)
Event: 16398.155 Executing safepoint VM operation: G1CollectForAllocation (G1 Evacuation Pause) done
Event: 16401.787 Executing non-safepoint VM operation: HandshakeAllThreads (HandshakeForDeflation)
Event: 16401.787 Executing non-safepoint VM operation: HandshakeAllThreads (HandshakeForDeflation) done
Event: 16401.788 Executing non-safepoint VM operation: RendezvousGCThreads
Event: 16401.788 Executing non-safepoint VM operation: RendezvousGCThreads done
Event: 16413.850 Executing safepoint VM operation: G1CollectForAllocation (G1 Evacuation Pause)
Event: 16413.876 Executing safepoint VM operation: G1CollectForAllocation (G1 Evacuation Pause) done

Memory protections (0 events):
No events

Nmethod flushes (20 events):
Event: 16139.585 Thread 0x000001d479dd74b0 flushing  nmethod 0x000001d400f96c88
Event: 16139.585 Thread 0x000001d479dd74b0 flushing  nmethod 0x000001d400faa288
Event: 16139.585 Thread 0x000001d479dd74b0 flushing  nmethod 0x000001d401020888
Event: 16139.585 Thread 0x000001d479dd74b0 flushing  nmethod 0x000001d401074f08
Event: 16139.586 Thread 0x000001d479dd74b0 flushing  nmethod 0x000001d4010ac988
Event: 16139.586 Thread 0x000001d479dd74b0 flushing  nmethod 0x000001d4010aeb88
Event: 16139.586 Thread 0x000001d479dd74b0 flushing  nmethod 0x000001d4011a4c08
Event: 16139.586 Thread 0x000001d479dd74b0 flushing  nmethod 0x000001d4012a1f88
Event: 16139.586 Thread 0x000001d479dd74b0 flushing  nmethod 0x000001d40137ab08
Event: 16139.586 Thread 0x000001d479dd74b0 flushing  nmethod 0x000001d40148d788
Event: 16139.586 Thread 0x000001d479dd74b0 flushing  nmethod 0x000001d40148da88
Event: 16139.586 Thread 0x000001d479dd74b0 flushing  nmethod 0x000001d401495988
Event: 16139.586 Thread 0x000001d479dd74b0 flushing  nmethod 0x000001d4014b8108
Event: 16139.586 Thread 0x000001d479dd74b0 flushing  nmethod 0x000001d4014ec208
Event: 16139.586 Thread 0x000001d479dd74b0 flushing  nmethod 0x000001d4015c8108
Event: 16139.586 Thread 0x000001d479dd74b0 flushing  nmethod 0x000001d401680a08
Event: 16139.587 Thread 0x000001d479dd74b0 flushing  nmethod 0x000001d4016eb008
Event: 16139.587 Thread 0x000001d479dd74b0 flushing  nmethod 0x000001d4016eb608
Event: 16139.587 Thread 0x000001d479dd74b0 flushing  nmethod 0x000001d40173f388
Event: 16139.587 Thread 0x000001d479dd74b0 flushing  nmethod 0x000001d4017f2a08

Events (20 events):
Event: 16413.920 Thread 0x000001d41a448bc0 Thread exited: 0x000001d41a448bc0
Event: 16413.920 Thread 0x000001d41a441690 Thread exited: 0x000001d41a441690
Event: 16414.259 Thread 0x000001d4202cb480 Thread exited: 0x000001d4202cb480
Event: 16414.265 Thread 0x000001d4202c8d70 Thread exited: 0x000001d4202c8d70
Event: 16414.372 Thread 0x000001d41902aca0 Thread exited: 0x000001d41902aca0
Event: 16414.375 Thread 0x000001d41a444d40 Thread exited: 0x000001d41a444d40
Event: 16414.387 Thread 0x000001d4202cfad0 Thread exited: 0x000001d4202cfad0
Event: 16414.387 Thread 0x000001d4202c85a0 Thread exited: 0x000001d4202c85a0
Event: 16414.397 Thread 0x000001d4202cc420 Thread exited: 0x000001d4202cc420
Event: 16414.599 Thread 0x000001d4202ca4e0 Thread added: 0x000001d4182bd5f0
Event: 16414.599 Thread 0x000001d4202ce360 Thread exited: 0x000001d4202ce360
Event: 16414.945 Thread 0x000001d4202cd3c0 Thread exited: 0x000001d4202cd3c0
Event: 16416.253 Thread 0x000001d4202ca4e0 Thread added: 0x000001d4182ba710
Event: 16416.301 Thread 0x000001d4202ca4e0 Thread added: 0x000001d4182bed60
Event: 16416.318 Thread 0x000001d4202cacb0 Thread added: 0x000001d4182bfd00
Event: 16416.318 Thread 0x000001d4202cacb0 Thread added: 0x000001d4202c85a0
Event: 16416.319 Thread 0x000001d4202cacb0 Thread added: 0x000001d4202cf300
Event: 16416.352 Thread 0x000001d4202cacb0 Thread added: 0x000001d4202c7dd0
Event: 16416.368 Thread 0x000001d4202cacb0 Thread added: 0x000001d4202cfad0
Event: 16416.374 Thread 0x000001d4202cacb0 Thread added: 0x000001d4202d02a0


Dynamic libraries:
0x00007ff6a2620000 - 0x00007ff6a262a000 	U:\Android\jbr\bin\java.exe
0x00007ffc3a090000 - 0x00007ffc3a2a4000 	C:\Windows\SYSTEM32\ntdll.dll
0x00007ffc385b0000 - 0x00007ffc38672000 	C:\Windows\System32\KERNEL32.DLL
0x00007ffc37b00000 - 0x00007ffc37e9c000 	C:\Windows\System32\KERNELBASE.dll
0x00007ffc379e0000 - 0x00007ffc37af1000 	C:\Windows\System32\ucrtbase.dll
0x00007ffc0c400000 - 0x00007ffc0c416000 	U:\Android\jbr\bin\jli.dll
0x00007ffc11ec0000 - 0x00007ffc11edb000 	U:\Android\jbr\bin\VCRUNTIME140.dll
0x00007ffc38690000 - 0x00007ffc3883b000 	C:\Windows\System32\USER32.dll
0x00007ffc37540000 - 0x00007ffc37566000 	C:\Windows\System32\win32u.dll
0x00007ffc38d90000 - 0x00007ffc38db9000 	C:\Windows\System32\GDI32.dll
0x00007ffc37570000 - 0x00007ffc37682000 	C:\Windows\System32\gdi32full.dll
0x00007ffc37940000 - 0x00007ffc379da000 	C:\Windows\System32\msvcp_win.dll
0x00007ffc27240000 - 0x00007ffc274ce000 	C:\Windows\WinSxS\amd64_microsoft.windows.common-controls_6595b64144ccf1df_6.0.22621.317_none_a9434687c10c9fa2\COMCTL32.dll
0x00007ffc38180000 - 0x00007ffc38227000 	C:\Windows\System32\msvcrt.dll
0x00007ffc3a010000 - 0x00007ffc3a041000 	C:\Windows\System32\IMM32.DLL
0x0000000073760000 - 0x000000007376d000 	C:\Program Files (x86)\360\Total Security\safemon\SafeWrapper.dll
0x00007ffc396c0000 - 0x00007ffc3976e000 	C:\Windows\System32\ADVAPI32.dll
0x00007ffc399c0000 - 0x00007ffc39a64000 	C:\Windows\System32\sechost.dll
0x00007ffc38dc0000 - 0x00007ffc38ed5000 	C:\Windows\System32\RPCRT4.dll
0x00007ffc328a0000 - 0x00007ffc329a5000 	C:\Program Files (x86)\360\Total Security\safemon\libzdtp64.dll
0x00007ffc38ee0000 - 0x00007ffc396bb000 	C:\Windows\System32\SHELL32.dll
0x00007ffc38230000 - 0x00007ffc3828e000 	C:\Windows\System32\SHLWAPI.dll
0x00007ffc37040000 - 0x00007ffc3704a000 	C:\Windows\SYSTEM32\VERSION.dll
0x00007ffc2c210000 - 0x00007ffc2c21c000 	U:\Android\jbr\bin\vcruntime140_1.dll
0x00007ffbff260000 - 0x00007ffbff2ed000 	U:\Android\jbr\bin\msvcp140.dll
0x00007ffbff480000 - 0x00007ffc0035a000 	U:\Android\jbr\bin\server\jvm.dll
0x00007ffc39770000 - 0x00007ffc397e1000 	C:\Windows\System32\WS2_32.dll
0x00007ffc373a0000 - 0x00007ffc373ed000 	C:\Windows\SYSTEM32\POWRPROF.dll
0x00007ffc2f170000 - 0x00007ffc2f1a4000 	C:\Windows\SYSTEM32\WINMM.dll
0x00007ffc37380000 - 0x00007ffc37393000 	C:\Windows\SYSTEM32\UMPDC.dll
0x00007ffc364b0000 - 0x00007ffc364c8000 	C:\Windows\SYSTEM32\kernel.appcore.dll
0x00007ffc2c0e0000 - 0x00007ffc2c0ea000 	U:\Android\jbr\bin\jimage.dll
0x00007ffc2ba40000 - 0x00007ffc2bc6e000 	C:\Windows\SYSTEM32\DBGHELP.DLL
0x00007ffc39b00000 - 0x00007ffc39e89000 	C:\Windows\System32\combase.dll
0x00007ffc39880000 - 0x00007ffc39957000 	C:\Windows\System32\OLEAUT32.dll
0x00007ffc1daa0000 - 0x00007ffc1dad2000 	C:\Windows\SYSTEM32\dbgcore.DLL
0x00007ffc37800000 - 0x00007ffc3787b000 	C:\Windows\System32\bcryptPrimitives.dll
0x00007ffc1c7d0000 - 0x00007ffc1c7de000 	U:\Android\jbr\bin\instrument.dll
0x00007ffc0ec40000 - 0x00007ffc0ec5f000 	U:\Android\jbr\bin\java.dll
0x00007ffc38400000 - 0x00007ffc3859c000 	C:\Windows\System32\ole32.dll
0x00007ffc08a90000 - 0x00007ffc08aa7000 	U:\Android\jbr\bin\zip.dll
0x00007ffc35470000 - 0x00007ffc35d25000 	C:\Windows\SYSTEM32\windows.storage.dll
0x00007ffc35330000 - 0x00007ffc3546d000 	C:\Windows\SYSTEM32\wintypes.dll
0x00007ffc37ec0000 - 0x00007ffc37fb1000 	C:\Windows\System32\SHCORE.dll
0x00007ffc37400000 - 0x00007ffc37421000 	C:\Windows\SYSTEM32\profapi.dll
0x00007ffc2c010000 - 0x00007ffc2c020000 	U:\Android\jbr\bin\net.dll
0x00007ffc36940000 - 0x00007ffc369a9000 	C:\Windows\system32\mswsock.dll
0x00007ffc07e40000 - 0x00007ffc07e56000 	U:\Android\jbr\bin\nio.dll
0x00007ffc0f030000 - 0x00007ffc0f040000 	U:\Android\jbr\bin\verify.dll
0x00007ffc1c7e0000 - 0x00007ffc1c807000 	U:\Android-SDK\native\660c5614fbf4a5f2a75b1949f50a0caf5cd603558e7d8a26e50b933a0cfb79d1\windows-amd64\native-platform.dll
0x00007ffc063b0000 - 0x00007ffc06427000 	U:\Android-SDK\native\0.2.8\x86_64-windows-gnu\gradle-fileevents.dll
0x00007ffc1e410000 - 0x00007ffc1e419000 	U:\Android\jbr\bin\management.dll
0x00007ffc1cc50000 - 0x00007ffc1cc5b000 	U:\Android\jbr\bin\management_ext.dll
0x00007ffc385a0000 - 0x00007ffc385a8000 	C:\Windows\System32\PSAPI.DLL
0x00007ffc35fb0000 - 0x00007ffc35fdd000 	C:\Windows\SYSTEM32\IPHLPAPI.DLL
0x00007ffc388f0000 - 0x00007ffc388f9000 	C:\Windows\System32\NSI.dll
0x00007ffc253a0000 - 0x00007ffc253a9000 	U:\Android\jbr\bin\extnet.dll
0x00007ffc36b80000 - 0x00007ffc36b9b000 	C:\Windows\SYSTEM32\CRYPTSP.dll
0x00007ffc36420000 - 0x00007ffc36455000 	C:\Windows\system32\rsaenh.dll
0x00007ffc36a30000 - 0x00007ffc36a58000 	C:\Windows\SYSTEM32\USERENV.dll
0x00007ffc36d40000 - 0x00007ffc36d68000 	C:\Windows\SYSTEM32\bcrypt.dll
0x00007ffc36ba0000 - 0x00007ffc36bac000 	C:\Windows\SYSTEM32\CRYPTBASE.dll
0x00007ffc267f0000 - 0x00007ffc267f8000 	C:\Windows\system32\wshunix.dll
0x00007ffbced40000 - 0x00007ffbced57000 	C:\Windows\system32\napinsp.dll
0x00007ffbced20000 - 0x00007ffbced3b000 	C:\Windows\system32\pnrpnsp.dll
0x00007ffc35fe0000 - 0x00007ffc360d2000 	C:\Windows\SYSTEM32\DNSAPI.dll
0x00007ffbc0b20000 - 0x00007ffbc0b31000 	C:\Windows\System32\winrnr.dll
0x00007ffc2c8a0000 - 0x00007ffc2c8b5000 	C:\Windows\system32\wshbth.dll
0x00007ffc2f530000 - 0x00007ffc2f551000 	C:\Windows\system32\nlansp_c.dll
0x00007ffc228a0000 - 0x00007ffc228aa000 	C:\Windows\System32\rasadhlp.dll
0x00007ffc2bd70000 - 0x00007ffc2bdf3000 	C:\Windows\System32\fwpuclnt.dll
0x00007ffc30bc0000 - 0x00007ffc30bc7000 	U:\Android\jbr\bin\rmi.dll

JVMTI agents:
U:\Android-SDK\wrapper\dists\gradle-9.5.0-bin\bvnork1r7n8i6kp5cnkibsc9q\gradle-9.5.0\lib\agents\gradle-instrumentation-agent-9.5.0.jar path:U:\Android\jbr\bin\instrument.dll, loaded, initialized, instrumentlib options:none

dbghelp: loaded successfully - version: 4.0.5 - missing functions: none
symbol engine: initialized successfully - sym options: 0x614 - pdb path: .;U:\Android\jbr\bin;C:\Windows\SYSTEM32;C:\Windows\WinSxS\amd64_microsoft.windows.common-controls_6595b64144ccf1df_6.0.22621.317_none_a9434687c10c9fa2;C:\Program Files (x86)\360\Total Security\safemon;U:\Android\jbr\bin\server;U:\Android-SDK\native\660c5614fbf4a5f2a75b1949f50a0caf5cd603558e7d8a26e50b933a0cfb79d1\windows-amd64;U:\Android-SDK\native\0.2.8\x86_64-windows-gnu

VM Arguments:
jvm_args: --add-opens=java.base/java.lang=ALL-UNNAMED --add-opens=java.base/java.lang.invoke=ALL-UNNAMED --add-opens=java.base/java.util=ALL-UNNAMED --add-opens=java.prefs/java.util.prefs=ALL-UNNAMED --add-exports=jdk.compiler/com.sun.tools.javac.api=ALL-UNNAMED --add-exports=jdk.compiler/com.sun.tools.javac.util=ALL-UNNAMED --add-opens=java.base/java.nio.charset=ALL-UNNAMED --add-opens=java.base/java.net=ALL-UNNAMED --add-opens=java.base/java.util.concurrent=ALL-UNNAMED --add-opens=java.base/java.util.concurrent.atomic=ALL-UNNAMED --add-opens=java.xml/javax.xml.namespace=ALL-UNNAMED --add-opens=java.base/java.time=ALL-UNNAMED --enable-native-access=ALL-UNNAMED -Xmx2048m -Dfile.encoding=UTF-8 -Duser.country=ID -Duser.language=en -Duser.variant -javaagent:U:\Android-SDK\wrapper\dists\gradle-9.5.0-bin\bvnork1r7n8i6kp5cnkibsc9q\gradle-9.5.0\lib\agents\gradle-instrumentation-agent-9.5.0.jar 
java_command: org.gradle.launcher.daemon.bootstrap.GradleDaemon 9.5.0
java_class_path (initial): U:\Android-SDK\wrapper\dists\gradle-9.5.0-bin\bvnork1r7n8i6kp5cnkibsc9q\gradle-9.5.0\lib\gradle-daemon-main-9.5.0.jar
Launcher Type: SUN_STANDARD

[Global flags]
     intx CICompilerCount                          = 3                                         {product} {ergonomic}
     uint ConcGCThreads                            = 1                                         {product} {ergonomic}
     uint G1ConcRefinementThreads                  = 4                                         {product} {ergonomic}
   size_t G1HeapRegionSize                         = 1048576                                   {product} {ergonomic}
   size_t InitialHeapSize                          = 100663296                                 {product} {ergonomic}
   size_t MarkStackSize                            = 4194304                                   {product} {ergonomic}
   size_t MarkStackSizeMax                         = 536870912                                 {product} {ergonomic}
   size_t MaxHeapSize                              = 2147483648                                {product} {command line}
   size_t MaxNewSize                               = 1287651328                                {product} {ergonomic}
   size_t MinHeapDeltaBytes                        = 1048576                                   {product} {ergonomic}
   size_t MinHeapSize                              = 8388608                                   {product} {ergonomic}
    uintx NonNMethodCodeHeapSize                   = 5832704                                {pd product} {ergonomic}
    uintx NonProfiledCodeHeapSize                  = 122945536                              {pd product} {ergonomic}
    uintx ProfiledCodeHeapSize                     = 122880000                              {pd product} {ergonomic}
    uintx ReservedCodeCacheSize                    = 251658240                              {pd product} {ergonomic}
     bool SegmentedCodeCache                       = true                                      {product} {ergonomic}
   size_t SoftMaxHeapSize                          = 2147483648                             {manageable} {ergonomic}
     bool UseCompressedOops                        = true                           {product lp64_product} {ergonomic}
     bool UseG1GC                                  = true                                      {product} {ergonomic}
     bool UseLargePagesIndividualAllocation        = false                                  {pd product} {ergonomic}

Logging:
Log output configuration:
 #0: stdout all=warning uptime,level,tags foldmultilines=false
 #1: stderr all=off uptime,level,tags foldmultilines=false

Release file:
JAVA_VERSION="25.0.2" 
MODULES="java.base java.compiler java.datatransfer java.xml java.prefs java.desktop java.instrument java.logging java.management java.security.sasl java.naming java.rmi java.management.rmi java.net.http java.scripting java.security.jgss java.transaction.xa java.sql java.sql.rowset java.xml.crypto java.se java.smartcardio jdk.accessibility jdk.internal.jvmstat jdk.attach jdk.charsets jdk.internal.opt jdk.zipfs jdk.compiler jdk.crypto.cryptoki jdk.crypto.ec jdk.dynalink jdk.hotspot.agent jdk.httpserver jdk.internal.ed jdk.internal.le jdk.internal.md jdk.internal.vm.ci jdk.jartool jdk.javadoc jdk.jcmd jdk.jdeps jdk.jdwp.agent jdk.jdi jdk.jfr jdk.jlink jdk.localedata jdk.management jdk.management.agent jdk.management.jfr jdk.naming.dns jdk.naming.rmi jdk.net jdk.sctp jdk.security.auth jdk.security.jgss jdk.unsupported jdk.unsupported.desktop jdk.xml.dom" 
IMPLEMENTOR="JetBrains s.r.o." 
JAVA_RUNTIME_VERSION="25.0.2+-15348964-b329.117" 
LIBC="default" 
OS_ARCH="x86_64" 
OS_NAME="Windows" 
SOURCE=".:git:3cf398e84a39" 

Environment Variables:
JAVA_HOME=C:\Program Files\Microsoft\jdk-17.0.20.8-hotspot\
PATH=C:\Program Files\Microsoft\jdk-17.0.20.8-hotspot\bin;C:\Windows\system32;C:\Windows;C:\Windows\System32\Wbem;C:\Windows\System32\WindowsPowerShell\v1.0\;C:\Windows\System32\OpenSSH\;C:\ProgramData\chocolatey\bin;D:\Kerja\nvm;D:\Kerja\nodejs;D:\Kerja\Git\cmd;C:\Users\WINDOWS\AppData\Local\Microsoft\WindowsApps;Microsoft VS Code\bin;C:\Users\WINDOWS\AppData\Roaming\npm;D:\Kerja\nvm;D:\Kerja\nodejs;D:\Kerja\VS CODE\Microsoft VS Code\bin;C:\Users\WINDOWS\AppData\Local\Kingsoft\WPS Office\12.1.0.27458\clitool
USERNAME=WINDOWS
OS=Windows_NT
PROCESSOR_IDENTIFIER=AMD64 Family 23 Model 24 Stepping 1, AuthenticAMD
TMP=C:\Users\WINDOWS\AppData\Local\Temp
TEMP=C:\Users\WINDOWS\AppData\Local\Temp




Compilation memory statistics disabled.

Periodic native trim disabled

JNI global refs:
JNI global refs: 21, weak refs: 0

JNI global refs memory usage: 835, weak refs: 201

Process memory usage:
Resident Set Size: 350284K (5% of 6164744K total physical memory with 148008K free physical memory)

OOME stack traces (most recent first):
Classloader memory used:
Loader org.gradle.internal.classloader.VisitableURLClassLoader$InstrumentingVisitableURLClassLoader: 93125 K
Loader org.gradle.internal.classloader.VisitableURLClassLoader                         : 51374 K
Loader bootstrap                                                                       : 31488 K
Loader org.gradle.initialization.MixInLegacyTypesClassLoader                           : 17230 K
Loader org.gradle.internal.classloader.VisitableURLClassLoader                         : 8730 K
Loader jdk.internal.loader.ClassLoaders$AppClassLoader                                 : 188 K
Loader jdk.internal.loader.ClassLoaders$PlatformClassLoader                            : 151 K
Loader org.gradle.groovy.scripts.internal.DefaultScriptCompilationHandler$ScriptClassLoader: 91872 B
Loader sun.reflect.misc.MethodUtil                                                     : 2968 B

Classes loaded by more than one classloader:
Class com.google.common.collect.Iterators$1                                           : loaded 10 times (x 83B)
Class com.google.common.collect.Iterators$5                                           : loaded 10 times (x 84B)
Class com.google.common.collect.ImmutableCollection                                   : loaded 10 times (x 127B)
Class com.google.common.collect.Lists                                                 : loaded 10 times (x 73B)
Class com.google.common.collect.Iterators$9                                           : loaded 10 times (x 83B)
Class com.google.common.collect.AbstractIndexedListIterator                           : loaded 10 times (x 98B)
Class com.google.common.collect.AbstractIterator                                      : loaded 10 times (x 84B)
Class com.google.common.collect.Lists$StringAsImmutableList                           : loaded 10 times (x 209B)
Class com.google.common.collect.Iterators                                             : loaded 10 times (x 73B)
Class com.google.common.collect.Iterators$SingletonIterator                           : loaded 10 times (x 83B)
Class com.google.common.collect.UnmodifiableIterator                                  : loaded 10 times (x 82B)
Class com.google.common.collect.Iterators$4                                           : loaded 10 times (x 84B)
Class com.google.common.collect.Iterators$ArrayItr                                    : loaded 10 times (x 99B)
Class com.google.common.base.Preconditions                                            : loaded 10 times (x 73B)
Class com.google.common.collect.PeekingIterator                                       : loaded 10 times (x 72B)
Class com.google.common.collect.ImmutableList                                         : loaded 10 times (x 208B)
Class com.google.common.collect.UnmodifiableListIterator                              : loaded 10 times (x 97B)
Class com.google.common.collect.Iterators$MergingIterator                             : loaded 10 times (x 83B)
Class com.google.common.base.ExtraObjectsMethodsForWeb                                : loaded 9 times (x 73B)
Class com.google.common.base.Objects                                                  : loaded 9 times (x 73B)
Class com.google.common.collect.Multimap                                              : loaded 9 times (x 72B)
Class com.intellij.gradle.toolingExtension.impl.model.sourceSetModel.GradleSourceSetSerialisationService$Companion: loaded 8 times (x 73B)
Class com.google.gson.internal.ConstructorConstructor                                 : loaded 8 times (x 74B)
Class com.google.gson.Gson$4                                                          : loaded 8 times (x 78B)
Class com.google.gson.internal.bind.DefaultDateTypeAdapter$1                          : loaded 8 times (x 77B)
Class io.opentelemetry.api.trace.DefaultTracer                                        : loaded 8 times (x 76B)
Class com.intellij.gradle.toolingExtension.impl.model.sourceSetModel.GradleSourceSetSerialisationService$SourceSetModelWriteContext: loaded 8 times (x 74B)
Class io.opentelemetry.api.internal.ImmutableSpanContext                              : loaded 8 times (x 93B)
Class com.google.gson.Gson$3                                                          : loaded 8 times (x 77B)
Class com.google.gson.internal.bind.ReflectiveTypeAdapterFactory$BoundField           : loaded 8 times (x 77B)
Class com.intellij.gradle.toolingExtension.impl.model.sourceSetModel.GradleSourceSetSerialisationService$SourceSetModelReadContext: loaded 8 times (x 74B)
Class com.google.gson.JsonObject                                                      : loaded 8 times (x 95B)
Class com.amazon.ion.impl.bin.IonManagedBinaryWriter$UserState$3                      : loaded 8 times (x 87B)
Class com.amazon.ion.util.GzipStreamInterceptor                                       : loaded 8 times (x 87B)
Class com.amazon.ion.IonException                                                     : loaded 8 times (x 86B)
Class [Lio.opentelemetry.api.trace.ImmutableTraceFlags;                               : loaded 8 times (x 71B)
Class org.jetbrains.plugins.gradle.tooling.util.IntObjectMap$ObjectFactory            : loaded 8 times (x 72B)
Class com.intellij.gradle.toolingExtension.impl.model.utilTurnOffDefaultTasksModel.TurnOffDefaultTasks: loaded 8 times (x 72B)
Class io.opentelemetry.api.trace.TraceId                                              : loaded 8 times (x 73B)
Class com.amazon.ion.IonCatalog                                                       : loaded 8 times (x 72B)
Class com.amazon.ion.system.IonSystemBuilder                                          : loaded 8 times (x 77B)
Class com.amazon.ion.impl._Private_IonWriterBase                                      : loaded 8 times (x 164B)
Class [Lcom.amazon.ion.impl.bin.IonManagedBinaryWriter$SymbolState;                   : loaded 8 times (x 71B)
Class com.google.gson.Gson$2                                                          : loaded 8 times (x 78B)
Class com.intellij.gradle.toolingExtension.impl.model.taskModel.GradleTaskSerialisationService$Companion: loaded 8 times (x 73B)
Class com.google.gson.stream.MalformedJsonException                                   : loaded 8 times (x 84B)
Class org.jetbrains.plugins.gradle.tooling.serialization.GradleExtensionsSerializationService$WriteContext: loaded 8 times (x 74B)
Class org.jetbrains.plugins.gradle.model.UnresolvedExternalDependency                 : loaded 8 times (x 72B)
Class org.jetbrains.plugins.gradle.javaModel.JavaGradleManifestModel                  : loaded 8 times (x 72B)
Class com.amazon.ion.impl.bin.IonManagedBinaryWriter$UserState$4                      : loaded 8 times (x 87B)
Class com.amazon.ion.system.IonBinaryWriterBuilder                                    : loaded 8 times (x 101B)
Class io.opentelemetry.context.ContextStorageProvider                                 : loaded 8 times (x 72B)
Class org.jetbrains.plugins.gradle.model.AnnotationProcessingModel                    : loaded 8 times (x 72B)
Class org.jetbrains.plugins.gradle.model.GradleExtensions                             : loaded 8 times (x 72B)
Class com.amazon.ion.SymbolTable                                                      : loaded 8 times (x 72B)
Class com.amazon.ion.impl.bin.IonManagedBinaryWriter$ImportDescriptor                 : loaded 8 times (x 78B)
Class com.google.gson.Gson$1                                                          : loaded 8 times (x 78B)
Class io.opentelemetry.api.trace.SpanContextKey                                       : loaded 8 times (x 73B)
Class com.amazon.ion.SubstituteSymbolTableException                                   : loaded 8 times (x 86B)
Class com.amazon.ion.impl.SymbolTokenImpl                                             : loaded 8 times (x 83B)
Class com.amazon.ion.IonText                                                          : loaded 8 times (x 72B)
Class com.google.gson.internal.bind.TypeAdapters$30                                   : loaded 8 times (x 78B)
Class com.google.gson.internal.bind.JsonTreeReader                                    : loaded 8 times (x 99B)
Class com.google.gson.TypeAdapterFactory                                              : loaded 8 times (x 72B)
Class com.intellij.util.ThrowableConsumer                                             : loaded 8 times (x 72B)
Class io.opentelemetry.api.internal.OtelEncodingUtils                                 : loaded 8 times (x 73B)
Class com.amazon.ion.impl.bin.utf8.Pool$Allocator                                     : loaded 8 times (x 72B)
Class org.jetbrains.plugins.gradle.tooling.serialization.GradleExtensionsSerializationService$ReadContext: loaded 8 times (x 74B)
Class com.amazon.ion.impl.bin.utf8.Utf8StringEncoder$Result                           : loaded 8 times (x 76B)
Class com.google.gson.Gson                                                            : loaded 8 times (x 74B)
Class com.google.gson.internal.sql.SqlTypesSupport                                    : loaded 8 times (x 73B)
Class com.android.ide.gradle.model.LegacyAndroidGradlePluginProperties                : loaded 8 times (x 72B)
Class [Lcom.amazon.ion.impl.bin.IonRawBinaryWriter$ContainerType;                     : loaded 8 times (x 71B)
Class com.google.gson.ToNumberPolicy$4                                                : loaded 8 times (x 85B)
Class com.amazon.ion.IonBufferConfiguration$Builder                                   : loaded 8 times (x 80B)
Class com.amazon.ion.impl.lite.IonDecimalLite                                         : loaded 8 times (x 191B)
Class com.google.gson.internal.bind.JsonAdapterAnnotationTypeAdapterFactory$DummyTypeAdapterFactory: loaded 8 times (x 77B)
Class com.google.gson.internal.bind.TypeAdapters$31                                   : loaded 8 times (x 78B)
Class com.google.gson.JsonSyntaxException                                             : loaded 8 times (x 84B)
Class org.jetbrains.kotlin.idea.gradleTooling.AndroidAwareGradleModelProvider$Companion: loaded 8 times (x 73B)
Class com.google.gson.ToNumberPolicy$3                                                : loaded 8 times (x 85B)
Class [Lcom.amazon.ion.impl.bin.IonRawBinaryWriter$StreamCloseMode;                   : loaded 8 times (x 71B)
Class com.amazon.ion.impl.lite.IonSymbolLite                                          : loaded 8 times (x 249B)
Class com.amazon.ion.impl.bin.IonManagedBinaryWriter$ImportedSymbolResolverMode$1     : loaded 8 times (x 82B)
Class com.google.gson.internal.bind.ReflectiveTypeAdapterFactory$FieldsData           : loaded 8 times (x 74B)
Class io.opentelemetry.api.GlobalOpenTelemetry                                        : loaded 8 times (x 73B)
Class com.intellij.util.containers.IntObjectHashMap$ArrayProducer                     : loaded 8 times (x 72B)
Class org.jetbrains.plugins.gradle.model.GradleExtension                              : loaded 8 times (x 72B)
Class com.amazon.ion.impl.bin.IonRawBinaryWriter$PreallocationMode$3                  : loaded 8 times (x 83B)
Class com.google.gson.ToNumberPolicy$2                                                : loaded 8 times (x 85B)
Class com.google.gson.internal.reflect.ReflectionHelper$RecordHelper                  : loaded 8 times (x 77B)
Class com.google.gson.internal.ReflectionAccessFilterHelper                           : loaded 8 times (x 73B)
Class com.android.ide.gradle.model.GradlePluginModel                                  : loaded 8 times (x 72B)
Class com.google.gson.internal.bind.TypeAdapters$32                                   : loaded 8 times (x 78B)
Class org.jetbrains.kotlin.idea.gradleTooling.PrepareKotlinIdeImportTaskModel         : loaded 8 times (x 72B)
Class com.amazon.ion.impl.bin.IonManagedBinaryWriter$ImportedSymbolResolverMode$2     : loaded 8 times (x 82B)
Class io.opentelemetry.context.Scope                                                  : loaded 8 times (x 72B)
Class com.amazon.ion.impl.bin.IonRawBinaryWriter$PreallocationMode$2                  : loaded 8 times (x 83B)
Class com.amazon.ion.IonInt                                                           : loaded 8 times (x 72B)
Class com.google.gson.internal.Excluder                                               : loaded 8 times (x 77B)
Class [Lcom.google.gson.FieldNamingStrategy;                                          : loaded 8 times (x 71B)
Class com.google.gson.ToNumberPolicy$1                                                : loaded 8 times (x 85B)
Class com.intellij.gradle.toolingExtension.impl.model.dependencyDownloadPolicyModel.GradleDependencyDownloadPolicy: loaded 8 times (x 72B)
Class io.opentelemetry.context.propagation.ContextPropagators                         : loaded 8 times (x 72B)
Class org.jetbrains.kotlin.idea.projectModel.KotlinTaskProperties                     : loaded 8 times (x 72B)
Class com.google.gson.internal.bind.ObjectTypeAdapter                                 : loaded 8 times (x 76B)
Class org.jetbrains.kotlin.idea.gradleTooling.KotlinMPPGradleModel                    : loaded 8 times (x 72B)
Class org.jetbrains.plugins.gradle.tooling.serialization.internal.IdeaProjectSerializationService: loaded 8 times (x 79B)
Class [Lcom.amazon.ion.impl.bin._Private_IonManagedBinaryWriterBuilder$AllocatorMode; : loaded 8 times (x 71B)
Class com.amazon.ion.impl.bin.IonRawBinaryWriter$PreallocationMode$1                  : loaded 8 times (x 83B)
Class com.amazon.ion.impl._Private_ValueFactory                                       : loaded 8 times (x 72B)
Class com.amazon.ion.impl.lite.IonClobLite                                            : loaded 8 times (x 223B)
Class com.amazon.ion.impl.lite.IonSystemLite                                          : loaded 8 times (x 277B)
Class com.amazon.ion.util.InputStreamInterceptor                                      : loaded 8 times (x 72B)
Class com.amazon.ion.impl.bin.IonRawBinaryWriter$PreallocationMode                    : loaded 8 times (x 83B)
Class com.amazon.ion.impl.bin._Private_IonRawWriter                                   : loaded 8 times (x 72B)
Class com.amazon.ion.IonWriter                                                        : loaded 8 times (x 72B)
Class com.google.gson.internal.bind.NumberTypeAdapter                                 : loaded 8 times (x 76B)
Class gnu.trove.TObjectIntHashMap                                                     : loaded 8 times (x 111B)
Class [Lcom.intellij.openapi.externalSystem.model.project.dependencies.ResolutionState;: loaded 8 times (x 71B)
Class org.jetbrains.plugins.gradle.model.DependencyAccessorsModel                     : loaded 8 times (x 72B)
Class com.amazon.ion.impl.lite.IonNullLite                                            : loaded 8 times (x 178B)
Class com.google.gson.internal.bind.JsonAdapterAnnotationTypeAdapterFactory           : loaded 8 times (x 77B)
Class org.jetbrains.plugins.gradle.tooling.serialization.AnnotationProcessingModelSerializationService: loaded 8 times (x 79B)
Class com.google.gson.internal.bind.TypeAdapters                                      : loaded 8 times (x 73B)
Class com.google.gson.FormattingStyle                                                 : loaded 8 times (x 80B)
Class com.google.gson.FieldNamingPolicy                                               : loaded 8 times (x 87B)
Class com.amazon.ion.impl._Private_LocalSymbolTableFactory                            : loaded 8 times (x 72B)
Class com.amazon.ion.impl.bin.IonManagedBinaryWriter$ImportedSymbolResolverMode$1$1$1 : loaded 8 times (x 78B)
Class com.amazon.ion.impl._Private_IonContainer                                       : loaded 8 times (x 72B)
Class com.intellij.gradle.toolingExtension.impl.model.buildScriptClasspathModel.GradleBuildScriptClasspathSerializationService$ReadContext: loaded 8 times (x 74B)
Class com.amazon.ion.system.IonTextWriterBuilder                                      : loaded 8 times (x 99B)
Class com.google.gson.internal.reflect.ReflectionHelper$RecordSupportedHelper         : loaded 8 times (x 80B)
Class com.google.gson.ReflectionAccessFilter$FilterResult                             : loaded 8 times (x 81B)
Class org.jetbrains.plugins.gradle.tooling.serialization.ExternalTestsSerializationService: loaded 8 times (x 79B)
Class io.opentelemetry.api.trace.TraceFlags                                           : loaded 8 times (x 72B)
Class com.amazon.ion.IonLob                                                           : loaded 8 times (x 72B)
Class com.google.gson.JsonArray                                                       : loaded 8 times (x 102B)
Class com.google.gson.FieldNamingStrategy                                             : loaded 8 times (x 72B)
Class com.amazon.ion.IonBlob                                                          : loaded 8 times (x 72B)
Class com.amazon.ion.IonSequence                                                      : loaded 8 times (x 72B)
Class com.amazon.ion.impl.SharedSymbolTable                                           : loaded 8 times (x 95B)
Class com.amazon.ion.impl.bin.IonRawBinaryWriter                                      : loaded 8 times (x 170B)
Class com.amazon.ion.SymbolToken                                                      : loaded 8 times (x 72B)
Class com.amazon.ion.impl.bin.IonRawBinaryWriter$PatchPoint                           : loaded 8 times (x 74B)
Class com.google.gson.stream.JsonReader                                               : loaded 8 times (x 99B)
Class com.google.gson.Gson$5                                                          : loaded 8 times (x 78B)
Class com.intellij.gradle.toolingExtension.impl.model.projectModel.GradleExternalProjectSerializationService: loaded 8 times (x 79B)
Class io.opentelemetry.api.trace.PropagatedSpan                                       : loaded 8 times (x 114B)
Class com.amazon.ion.impl._Private_IonBinaryWriterBuilder$Mutable                     : loaded 8 times (x 117B)
Class com.amazon.ion.impl.bin.IonRawBinaryWriter$StreamCloseMode                      : loaded 8 times (x 81B)
Class com.google.gson.internal.LazilyParsedNumber                                     : loaded 8 times (x 80B)
Class org.jetbrains.plugins.gradle.model.tests.ExternalTestsModel                     : loaded 8 times (x 72B)
Class io.opentelemetry.api.OpenTelemetry                                              : loaded 8 times (x 72B)
Class com.amazon.ion.IonDecimal                                                       : loaded 8 times (x 72B)
Class com.google.gson.internal.bind.DefaultDateTypeAdapter$DateType$1                 : loaded 8 times (x 75B)
Class com.amazon.ion.BufferConfiguration$OversizedValueHandler                        : loaded 8 times (x 72B)
Class com.amazon.ion.impl._Private_IonSystem                                          : loaded 8 times (x 72B)
Class com.amazon.ion.impl.bin.utf8.Utf8StringEncoderPool                              : loaded 8 times (x 76B)
Class org.jetbrains.plugins.gradle.model.GradleConfiguration                          : loaded 8 times (x 72B)
Class com.intellij.gradle.toolingExtension.impl.model.dependencyModel.DependencyWriteContext: loaded 8 times (x 74B)
Class com.amazon.ion.impl.lite.IonBoolLite                                            : loaded 8 times (x 181B)
Class com.intellij.gradle.toolingExtension.impl.model.projectModel.GradleExternalProjectSerializationService$ReadContext: loaded 8 times (x 75B)
Class io.opentelemetry.api.trace.Span                                                 : loaded 8 times (x 72B)
Class com.google.gson.JsonNull                                                        : loaded 8 times (x 94B)
Class com.google.gson.internal.bind.TypeAdapters$29                                   : loaded 8 times (x 78B)
Class com.google.gson.internal.bind.MapTypeAdapterFactory                             : loaded 8 times (x 77B)
Class com.amazon.ion.impl._Private_Utils                                              : loaded 8 times (x 73B)
Class [Lcom.google.gson.LongSerializationPolicy;                                      : loaded 8 times (x 71B)
Class org.jetbrains.kotlin.idea.gradleTooling.model.kapt.KaptGradleModel              : loaded 8 times (x 72B)
Class gnu.trove.TObjectCanonicalHashingStrategy                                       : loaded 8 times (x 80B)
Class org.jetbrains.kotlin.idea.gradleTooling.KotlinDslScriptAdditionalTask           : loaded 8 times (x 72B)
Class org.jetbrains.plugins.gradle.model.ClasspathEntryModel                          : loaded 8 times (x 72B)
Class org.jetbrains.plugins.gradle.model.GradleProperty                               : loaded 8 times (x 72B)
Class com.intellij.gradle.toolingExtension.model.repositoryModel.ProjectRepositoriesModel: loaded 8 times (x 72B)
Class io.opentelemetry.context.propagation.NoopTextMapPropagator                      : loaded 8 times (x 78B)
Class com.amazon.ion.IonLoader                                                        : loaded 8 times (x 72B)
Class com.google.gson.FieldNamingPolicy$7                                             : loaded 8 times (x 87B)
Class com.google.gson.internal.bind.TypeAdapters$27                                   : loaded 8 times (x 77B)
Class com.google.gson.internal.reflect.ReflectionHelper                               : loaded 8 times (x 73B)
Class com.amazon.ion.IonTimestamp                                                     : loaded 8 times (x 72B)
Class com.amazon.ion.impl.bin.PooledBlockAllocatorProvider$PooledBlockAllocator       : loaded 8 times (x 83B)
Class com.amazon.ion.IonBool                                                          : loaded 8 times (x 72B)
Class com.intellij.platform.diagnostic.telemetry.rt.context.TelemetryContextGetter    : loaded 8 times (x 77B)
Class org.jetbrains.plugins.gradle.tooling.serialization.GradleExtensionsSerializationService: loaded 8 times (x 79B)
Class com.amazon.ion.impl.bin.utf8.Utf8StringEncoder                                  : loaded 8 times (x 82B)
Class [Lcom.amazon.ion.impl.bin.IonManagedBinaryWriter$UserState;                     : loaded 8 times (x 71B)
Class com.google.gson.FieldNamingPolicy$6                                             : loaded 8 times (x 87B)
Class com.google.gson.internal.bind.TypeAdapters$26                                   : loaded 8 times (x 77B)
Class com.google.gson.internal.bind.ArrayTypeAdapter                                  : loaded 8 times (x 76B)
Class gnu.trove.TObjectHashingStrategy                                                : loaded 8 times (x 72B)
Class com.amazon.ion.IonNumber                                                        : loaded 8 times (x 72B)
Class com.amazon.ion.impl.lite.IonTextLite                                            : loaded 8 times (x 184B)
Class com.amazon.ion.impl.lite.IonLobLite                                             : loaded 8 times (x 187B)
Class com.amazon.ion.IonDatagram                                                      : loaded 8 times (x 72B)
Class com.amazon.ion.impl.bin.IonManagedBinaryWriter$ImportedSymbolResolverMode$1$1   : loaded 8 times (x 80B)
Class com.amazon.ion.impl._Private_ByteTransferSink                                   : loaded 8 times (x 72B)
Class com.google.gson.FieldNamingPolicy$5                                             : loaded 8 times (x 87B)
Class com.intellij.openapi.externalSystem.model.project.dependencies.ResolutionState  : loaded 8 times (x 81B)
Class com.google.gson.internal.bind.TypeAdapters$25                                   : loaded 8 times (x 77B)
Class org.jetbrains.plugins.gradle.tooling.ModelBuilderService$Parameter              : loaded 8 times (x 72B)
Class io.opentelemetry.context.LazyStorage                                            : loaded 8 times (x 73B)
Class com.amazon.ion.IonClob                                                          : loaded 8 times (x 72B)
Class com.google.gson.FieldNamingPolicy$4                                             : loaded 8 times (x 87B)
Class com.google.gson.internal.bind.TypeAdapters$24                                   : loaded 8 times (x 77B)
Class gnu.trove.Equality                                                              : loaded 8 times (x 72B)
Class com.amazon.ion.IonReader                                                        : loaded 8 times (x 72B)
Class org.jetbrains.plugins.gradle.model.AnnotationProcessingConfig                   : loaded 8 times (x 72B)
Class io.opentelemetry.api.trace.TraceState                                           : loaded 8 times (x 72B)
Class com.amazon.ion.system.IonReaderBuilder                                          : loaded 8 times (x 97B)
Class com.google.gson.FieldNamingPolicy$3                                             : loaded 8 times (x 87B)
Class com.google.gson.LongSerializationPolicy                                         : loaded 8 times (x 82B)
Class org.jetbrains.plugins.gradle.model.ExternalLibraryDependency                    : loaded 8 times (x 72B)
Class com.google.gson.internal.bind.TypeAdapters$23                                   : loaded 8 times (x 77B)
Class org.jetbrains.plugins.gradle.tooling.util.ObjectCollector$Processor             : loaded 8 times (x 72B)
Class gnu.trove.TObjectHash                                                           : loaded 8 times (x 96B)
Class io.opentelemetry.api.trace.AutoValue_ArrayBasedTraceState                       : loaded 8 times (x 89B)
Class com.amazon.ion.impl.bin.AbstractIonWriter                                       : loaded 8 times (x 162B)
Class com.google.gson.internal.Excluder$1                                             : loaded 8 times (x 76B)
Class com.google.gson.FieldNamingPolicy$2                                             : loaded 8 times (x 87B)
Class com.google.gson.internal.bind.TypeAdapters$22                                   : loaded 8 times (x 77B)
Class io.opentelemetry.api.trace.TracerProvider                                       : loaded 8 times (x 72B)
Class com.amazon.ion.impl.SymbolTableAsStruct                                         : loaded 8 times (x 72B)
Class com.amazon.ion.IonValue                                                         : loaded 8 times (x 72B)
Class gnu.trove.PrimeFinder                                                           : loaded 8 times (x 73B)
Class com.amazon.ion.impl._Private_Utils$1                                            : loaded 8 times (x 100B)
Class com.amazon.ion.impl.lite.IonSequenceLite                                        : loaded 8 times (x 434B)
Class com.google.gson.FieldNamingPolicy$1                                             : loaded 8 times (x 87B)
Class com.google.gson.internal.bind.TypeAdapters$21                                   : loaded 8 times (x 77B)
Class com.android.ide.gradle.model.dependencies.Coordinates                           : loaded 8 times (x 72B)
Class org.jetbrains.plugins.gradle.model.GradleSourceSetModel                         : loaded 8 times (x 72B)
Class com.intellij.gradle.toolingExtension.impl.model.sourceSetDependencyModel.GradleSourceSetDependencySerialisationService: loaded 8 times (x 79B)
Class org.jetbrains.plugins.gradle.tooling.serialization.internal.IdeaProjectSerializationService$WriteContext: loaded 8 times (x 74B)
Class io.opentelemetry.api.trace.ArrayBasedTraceStateBuilder                          : loaded 8 times (x 79B)
Class com.amazon.ion.impl.bin.BlockAllocatorProvider                                  : loaded 8 times (x 74B)
Class com.google.gson.internal.bind.DefaultDateTypeAdapter                            : loaded 8 times (x 76B)
Class com.google.gson.GsonBuilder                                                     : loaded 8 times (x 74B)
Class com.google.gson.internal.bind.TypeAdapters$20                                   : loaded 8 times (x 77B)
Class com.amazon.ion.impl.bin.IonRawBinaryWriter$ContainerType                        : loaded 8 times (x 81B)
Class com.amazon.ion.impl._Private_IonTextWriterBuilder$Mutable                       : loaded 8 times (x 103B)
Class com.amazon.ion.impl.bin.AbstractIonWriter$WriteValueOptimization                : loaded 8 times (x 81B)
Class com.google.gson.internal.sql.SqlTimeTypeAdapter                                 : loaded 8 times (x 76B)
Class com.amazon.ion.impl.lite.ContainerlessContext                                   : loaded 8 times (x 82B)
Class org.jetbrains.plugins.gradle.tooling.serialization.ExternalTestsSerializationService$ReadContext: loaded 8 times (x 74B)
Class com.amazon.ion.impl.BlockedBuffer$BufferedOutputStream                          : loaded 8 times (x 92B)
Class com.amazon.ion.impl.bin.IonBinaryWriterAdapter$Factory                          : loaded 8 times (x 72B)
Class [Lcom.amazon.ion.SymbolTable;                                                   : loaded 8 times (x 71B)
Class io.opentelemetry.context.propagation.TextMapSetter                              : loaded 8 times (x 72B)
Class io.opentelemetry.context.ContextKey                                             : loaded 8 times (x 72B)
Class com.amazon.ion.UnexpectedEofException                                           : loaded 8 times (x 86B)
Class com.google.gson.stream.JsonWriter                                               : loaded 8 times (x 100B)
Class org.jetbrains.kotlin.idea.gradleTooling.KotlinSourceSetContainer                : loaded 8 times (x 72B)
Class io.opentelemetry.context.ContextStorageWrappers                                 : loaded 8 times (x 73B)
Class io.opentelemetry.context.propagation.DefaultContextPropagators                  : loaded 8 times (x 77B)
Class org.jetbrains.plugins.gradle.model.IntelliJSettings                             : loaded 8 times (x 72B)
Class com.amazon.ion.IonSexp                                                          : loaded 8 times (x 72B)
Class io.opentelemetry.api.trace.ArrayBasedTraceState                                 : loaded 8 times (x 88B)
Class com.google.gson.internal.bind.CollectionTypeAdapterFactory                      : loaded 8 times (x 77B)
Class io.opentelemetry.api.trace.Tracer                                               : loaded 8 times (x 72B)
Class com.amazon.ion.system.IonWriterBuilderBase                                      : loaded 8 times (x 85B)
Class com.google.gson.JsonElement                                                     : loaded 8 times (x 94B)
Class com.android.ide.gradle.model.GradlePropertiesModel                              : loaded 8 times (x 72B)
Class [Lcom.google.gson.ReflectionAccessFilter$FilterResult;                          : loaded 8 times (x 71B)
Class com.amazon.ion.impl.bin.BlockAllocator                                          : loaded 8 times (x 82B)
Class com.google.gson.internal.bind.TypeAdapterRuntimeTypeWrapper                     : loaded 8 times (x 76B)
Class com.amazon.ion.impl.IonWriterSystemTextMarkup                                   : loaded 8 times (x 193B)
Class com.amazon.ion.impl.IonWriterSystem                                             : loaded 8 times (x 172B)
Class com.amazon.ion.impl.bin.Symbols$2                                               : loaded 8 times (x 109B)
Class com.amazon.ion.impl.bin._Private_IonManagedWriter                               : loaded 8 times (x 72B)
Class com.intellij.gradle.toolingExtension.util.GradleVersionUtil                     : loaded 8 times (x 73B)
Class com.amazon.ion.ReadOnlyValueException                                           : loaded 8 times (x 86B)
Class com.google.gson.JsonPrimitive                                                   : loaded 8 times (x 95B)
Class com.google.gson.internal.sql.SqlTimestampTypeAdapter$1                          : loaded 8 times (x 77B)
Class [Lio.opentelemetry.context.ThreadLocalContextStorage;                           : loaded 8 times (x 71B)
Class [Lcom.google.gson.Strictness;                                                   : loaded 8 times (x 71B)
Class com.google.gson.reflect.TypeToken                                               : loaded 8 times (x 77B)
Class org.jetbrains.plugins.gradle.model.GradleBuildScriptClasspathModel              : loaded 8 times (x 72B)
Class com.amazon.ion.IonStruct                                                        : loaded 8 times (x 72B)
Class com.amazon.ion.impl.bin.IonManagedBinaryWriter$SymbolState                      : loaded 8 times (x 82B)
Class io.opentelemetry.api.trace.SpanId                                               : loaded 8 times (x 73B)
Class com.amazon.ion.impl.lite.IonContainerLite                                       : loaded 8 times (x 250B)
Class com.amazon.ion.IonBufferConfiguration$OversizedSymbolTableHandler               : loaded 8 times (x 72B)
Class com.amazon.ion.system.IonWriterBuilder                                          : loaded 8 times (x 76B)
Class org.jetbrains.plugins.gradle.tooling.serialization.ToolingStreamApiUtils        : loaded 8 times (x 73B)
Class com.amazon.ion.UnsupportedIonVersionException                                   : loaded 8 times (x 87B)
Class com.amazon.ion.facet.Faceted                                                    : loaded 8 times (x 72B)
Class [Lcom.amazon.ion.impl.bin.IonRawBinaryWriter$StreamFlushMode;                   : loaded 8 times (x 71B)
Class com.google.gson.LongSerializationPolicy$2                                       : loaded 8 times (x 82B)
Class org.jetbrains.plugins.gradle.tooling.util.IntObjectMap$1                        : loaded 8 times (x 79B)
Class com.google.gson.LongSerializationPolicy$1                                       : loaded 8 times (x 82B)
Class com.intellij.gradle.toolingExtension.impl.model.taskModel.GradleTaskSerialisationService: loaded 8 times (x 78B)
Class io.opentelemetry.context.ArrayBasedContext                                      : loaded 8 times (x 102B)
Class com.amazon.ion.system.SimpleCatalog                                             : loaded 8 times (x 93B)
Class com.amazon.ion.BufferConfiguration                                              : loaded 8 times (x 74B)
Class com.google.gson.internal.bind.MapTypeAdapterFactory$Adapter                     : loaded 8 times (x 76B)
Class com.google.gson.internal.sql.SqlTimeTypeAdapter$1                               : loaded 8 times (x 77B)
Class com.android.ide.gradle.model.LegacyV1AgpVersionModel                            : loaded 8 times (x 72B)
Class org.jetbrains.plugins.gradle.model.GradleSourceSetDependencyModel               : loaded 8 times (x 72B)
Class com.amazon.ion.impl.bin.utf8.Poolable                                           : loaded 8 times (x 81B)
Class com.amazon.ion.IonSymbol                                                        : loaded 8 times (x 72B)
Class io.opentelemetry.context.propagation.TextMapPropagator                          : loaded 8 times (x 72B)
Class io.opentelemetry.api.trace.SpanContext                                          : loaded 8 times (x 72B)
Class io.opentelemetry.api.trace.DefaultTracer$NoopSpanBuilder                        : loaded 8 times (x 93B)
Class org.jetbrains.plugins.gradle.tooling.serialization.AnnotationProcessingModelSerializationService$WriteContext: loaded 8 times (x 74B)
Class com.amazon.ion.IonString                                                        : loaded 8 times (x 72B)
Class com.google.gson.JsonIOException                                                 : loaded 8 times (x 84B)
Class com.google.gson.internal.reflect.ReflectionHelper$RecordNotSupportedHelper      : loaded 8 times (x 80B)
Class com.intellij.gradle.toolingExtension.impl.model.utilDummyModel.DummyModel       : loaded 8 times (x 72B)
Class io.opentelemetry.api.DefaultOpenTelemetry                                       : loaded 8 times (x 91B)
Class io.opentelemetry.api.trace.SpanBuilder                                          : loaded 8 times (x 72B)
Class org.jetbrains.kotlin.idea.gradleTooling.KotlinGradlePluginVersion               : loaded 8 times (x 72B)
Class com.intellij.compose.ide.plugin.gradleTooling.rt.ComposeResourcesModel          : loaded 8 times (x 72B)
Class com.intellij.gradle.toolingExtension.impl.util.collectionUtil.GradleCollections : loaded 8 times (x 73B)
Class com.amazon.ion.impl.lite.IonStructLite                                          : loaded 8 times (x 300B)
Class com.amazon.ion.impl._Private_ReaderWriter                                       : loaded 8 times (x 72B)
Class com.amazon.ion.impl.bin.AbstractSymbolTable                                     : loaded 8 times (x 109B)
Class com.amazon.ion.Decimal                                                          : loaded 8 times (x 136B)
Class com.amazon.ion.impl.bin._Private_IonManagedBinaryWriterBuilder$AllocatorMode$1  : loaded 8 times (x 82B)
Class org.jetbrains.plugins.gradle.tooling.serialization.ProjectDependenciesSerializationService$WriteContext: loaded 8 times (x 74B)
Class org.jetbrains.plugins.gradle.tooling.serialization.ProjectDependenciesSerializationService: loaded 8 times (x 79B)
Class org.jetbrains.plugins.gradle.model.FileCollectionDependency                     : loaded 8 times (x 72B)
Class com.amazon.ion.impl._Private_LocalSymbolTable                                   : loaded 8 times (x 72B)
Class com.amazon.ion.impl.lite.IonTimestampLite                                       : loaded 8 times (x 195B)
Class com.amazon.ion.impl.LocalSymbolTableAsStruct                                    : loaded 8 times (x 134B)
Class com.google.gson.internal.bind.ReflectiveTypeAdapterFactory$RecordAdapter        : loaded 8 times (x 79B)
Class com.intellij.gradle.toolingExtension.impl.model.buildScriptClasspathModel.GradleBuildScriptClasspathSerializationService: loaded 8 times (x 79B)
Class com.amazon.ion.impl.bin.IonManagedBinaryWriter$ImportedSymbolResolverMode       : loaded 8 times (x 82B)
Class com.amazon.ion.impl.LocalSymbolTable$Factory                                    : loaded 8 times (x 79B)
Class io.opentelemetry.context.ThreadLocalContextStorage$ScopeImpl                    : loaded 8 times (x 81B)
Class com.amazon.ion.IonFloat                                                         : loaded 8 times (x 72B)
Class org.jetbrains.kotlin.tooling.core.KotlinToolingVersion                          : loaded 8 times (x 77B)
Class com.amazon.ion.impl.lite.IonListLite                                            : loaded 8 times (x 492B)
Class com.google.gson.internal.bind.DefaultDateTypeAdapter$DateType                   : loaded 8 times (x 75B)
Class com.amazon.ion.impl.lite.IonFloatLite                                           : loaded 8 times (x 189B)
Class com.amazon.ion.impl._Private_IonTextWriterBuilder                               : loaded 8 times (x 103B)
Class com.amazon.ion.impl.bin._Private_IonManagedBinaryWriterBuilder$AllocatorMode$2  : loaded 8 times (x 82B)
Class io.opentelemetry.api.trace.DefaultTracerProvider                                : loaded 8 times (x 81B)
Class org.jetbrains.plugins.gradle.tooling.serialization.internal.IdeaProjectSerializationService$ReadContext: loaded 8 times (x 74B)
Class com.amazon.ion.impl.lite.IonSexpLite                                            : loaded 8 times (x 492B)
Class com.google.gson.internal.sql.SqlDateTypeAdapter                                 : loaded 8 times (x 76B)
Class io.opentelemetry.context.propagation.TextMapGetter                              : loaded 8 times (x 72B)
Class [Lcom.amazon.ion.impl.bin.IonRawBinaryWriter$PreallocationMode;                 : loaded 8 times (x 71B)
Class com.amazon.ion.util._Private_FastAppendable                                     : loaded 8 times (x 72B)
Class com.amazon.ion.impl._Private_IonReaderBuilder$TwoElementInputStream             : loaded 8 times (x 94B)
Class com.google.gson.internal.bind.ReflectiveTypeAdapterFactory$1                    : loaded 8 times (x 76B)
Class org.jetbrains.plugins.gradle.ExternalDependencyId                               : loaded 8 times (x 72B)
Class com.amazon.ion.impl._Private_IonReaderBuilder                                   : loaded 8 times (x 99B)
Class com.amazon.ion.IonMutableCatalog                                                : loaded 8 times (x 72B)
Class gnu.trove.THash                                                                 : loaded 8 times (x 83B)
Class com.intellij.gradle.toolingExtension.impl.model.buildScriptClasspathModel.GradleBuildScriptClasspathSerializationService$WriteContext: loaded 8 times (x 74B)
Class com.amazon.ion.impl.lite.IonIntLite                                             : loaded 8 times (x 191B)
Class com.intellij.gradle.toolingExtension.impl.model.sourceSetModel.GradleSourceSetSerialisationService: loaded 8 times (x 79B)
Class com.google.gson.internal.bind.ReflectiveTypeAdapterFactory$2                    : loaded 8 times (x 80B)
Class [Lio.opentelemetry.context.ThreadLocalContextStorage$NoopScope;                 : loaded 8 times (x 71B)
Class io.opentelemetry.context.ThreadLocalContextStorage$NoopScope                    : loaded 8 times (x 87B)
Class com.amazon.ion.impl.bin.IonManagedBinaryWriter$ImportedSymbolContext            : loaded 8 times (x 74B)
Class com.amazon.ion.IonSystem                                                        : loaded 8 times (x 72B)
Class org.jetbrains.plugins.gradle.tooling.serialization.internal.adapter.Supplier    : loaded 8 times (x 72B)
Class com.amazon.ion.IonList                                                          : loaded 8 times (x 72B)
Class com.google.gson.JsonParseException                                              : loaded 8 times (x 84B)
Class org.jetbrains.plugins.gradle.tooling.serialization.SerializationService         : loaded 8 times (x 72B)
Class com.amazon.ion.impl.LocalSymbolTable                                            : loaded 8 times (x 129B)
Class com.amazon.ion.impl.lite.IonBlobLite                                            : loaded 8 times (x 222B)
Class com.google.gson.internal.bind.TypeAdapters$9                                    : loaded 8 times (x 77B)
Class gnu.trove.TObjectIntProcedure                                                   : loaded 8 times (x 72B)
Class com.google.gson.ToNumberStrategy                                                : loaded 8 times (x 72B)
Class com.google.gson.TypeAdapter                                                     : loaded 8 times (x 75B)
Class com.amazon.ion.impl._Private_IonValue                                           : loaded 8 times (x 72B)
Class com.amazon.ion.impl.bin.PooledBlockAllocatorProvider$PooledBlockAllocator$1     : loaded 8 times (x 81B)
Class com.amazon.ion.impl.lite.IonStringLite                                          : loaded 8 times (x 215B)
Class io.opentelemetry.context.ImplicitContextKeyed                                   : loaded 8 times (x 72B)
Class org.jetbrains.plugins.gradle.tooling.serialization.internal.IdeaProjectSerializationService$WriteContext$8: loaded 8 times (x 85B)
Class com.amazon.ion.impl.bin.IonManagedBinaryWriter                                  : loaded 8 times (x 167B)
Class com.amazon.ion.impl.bin.WriteBuffer                                             : loaded 8 times (x 80B)
Class com.google.gson.internal.bind.TypeAdapters$8                                    : loaded 8 times (x 77B)
Class com.google.gson.internal.bind.CollectionTypeAdapterFactory$Adapter              : loaded 8 times (x 76B)
Class org.jetbrains.plugins.gradle.tooling.serialization.internal.IdeaProjectSerializationService$WriteContext$7: loaded 8 times (x 85B)
Class org.jetbrains.plugins.gradle.model.RepositoryModels                             : loaded 8 times (x 72B)
Class com.amazon.ion.impl.lite.ValueFactoryLite                                       : loaded 8 times (x 220B)
Class com.google.gson.internal.bind.TypeAdapters$7                                    : loaded 8 times (x 77B)
Class com.google.gson.annotations.SerializedName                                      : loaded 8 times (x 72B)
Class org.jetbrains.plugins.gradle.tooling.util.IntObjectMap                          : loaded 8 times (x 75B)
Class org.jetbrains.plugins.gradle.tooling.serialization.internal.IdeaProjectSerializationService$WriteContext$6: loaded 8 times (x 85B)
Class com.amazon.ion.IonType                                                          : loaded 8 times (x 81B)
Class com.amazon.ion.impl.lite._Private_LiteDomTrampoline                             : loaded 8 times (x 73B)
Class com.amazon.ion.impl.bin.IntList                                                 : loaded 8 times (x 79B)
Class com.amazon.ion.impl.bin.Block                                                   : loaded 8 times (x 81B)
Class io.opentelemetry.context.DefaultContextKey                                      : loaded 8 times (x 74B)
Class com.amazon.ion.impl.bin.IonManagedBinaryWriter$UserState$1                      : loaded 8 times (x 87B)
Class com.google.gson.internal.bind.TypeAdapters$6                                    : loaded 8 times (x 77B)
Class com.google.gson.internal.bind.TypeAdapters$19                                   : loaded 8 times (x 77B)
Class com.google.gson.internal.bind.ReflectiveTypeAdapterFactory$FieldReflectionAdapter: loaded 8 times (x 79B)
Class com.intellij.gradle.toolingExtension.impl.model.sourceSetDependencyModel.GradleSourceSetDependencySerialisationService$SourceSetDependencyModelWriteContext: loaded 8 times (x 74B)
Class org.jetbrains.plugins.gradle.tooling.serialization.internal.IdeaProjectSerializationService$WriteContext$5: loaded 8 times (x 85B)
Class io.opentelemetry.context.ContextStorage                                         : loaded 8 times (x 72B)
Class com.intellij.gradle.toolingExtension.util.GradleVersionSpecificsUtil            : loaded 8 times (x 73B)
Class com.amazon.ion.BufferConfiguration$Builder                                      : loaded 8 times (x 80B)
Class com.google.gson.internal.bind.TypeAdapters$5                                    : loaded 8 times (x 77B)
Class com.google.gson.internal.bind.TypeAdapters$18                                   : loaded 8 times (x 77B)
Class com.intellij.openapi.externalSystem.model.ExternalSystemException               : loaded 8 times (x 87B)
Class org.jetbrains.plugins.gradle.model.ExternalTask                                 : loaded 8 times (x 72B)
Class com.amazon.ion.impl.bin.utf8.Utf8StringEncoderPool$1                            : loaded 8 times (x 78B)
Class com.amazon.ion.impl.lite.IonLoaderLite                                          : loaded 8 times (x 84B)
Class com.amazon.ion.impl.lite.IonContext                                             : loaded 8 times (x 72B)
Class com.amazon.ion.impl.IonWriterSystemText                                         : loaded 8 times (x 191B)
Class [Lcom.amazon.ion.impl.bin.IonManagedBinaryWriter$ImportedSymbolResolverMode;    : loaded 8 times (x 71B)
Class com.amazon.ion.ValueFactory                                                     : loaded 8 times (x 72B)
Class io.opentelemetry.api.internal.IncubatingUtil                                    : loaded 8 times (x 73B)
Class io.opentelemetry.api.GlobalOpenTelemetry$ObfuscatedOpenTelemetry                : loaded 8 times (x 94B)
Class com.google.gson.internal.bind.SerializationDelegatingTypeAdapter                : loaded 8 times (x 76B)
Class com.amazon.ion.BufferConfiguration$DataHandler                                  : loaded 8 times (x 72B)
Class com.google.gson.annotations.JsonAdapter                                         : loaded 8 times (x 72B)
Class com.intellij.gradle.toolingExtension.impl.model.sourceSetDependencyModel.GradleSourceSetDependencySerialisationService$Companion: loaded 8 times (x 73B)
Class org.jetbrains.plugins.gradle.tooling.serialization.internal.IdeaProjectSerializationService$WriteContext$4: loaded 8 times (x 85B)
Class com.intellij.gradle.toolingExtension.impl.telemetry.GradleOpenTelemetry         : loaded 8 times (x 74B)
Class org.jetbrains.kotlin.idea.gradleTooling.AndroidAwareGradleModelProvider         : loaded 8 times (x 81B)
Class com.google.gson.internal.bind.TypeAdapters$4                                    : loaded 8 times (x 77B)
Class com.google.gson.internal.bind.TypeAdapters$17                                   : loaded 8 times (x 77B)
Class gnu.trove.TObjectHash$NULL                                                      : loaded 8 times (x 73B)
Class org.jetbrains.plugins.gradle.tooling.serialization.internal.IdeaProjectSerializationService$WriteContext$3: loaded 8 times (x 85B)
Class com.google.gson.internal.ObjectConstructor                                      : loaded 8 times (x 72B)
Class com.amazon.ion.impl.bin.IonManagedBinaryWriter$SymbolResolver                   : loaded 8 times (x 72B)
Class com.amazon.ion.impl._Private_SymbolToken                                        : loaded 8 times (x 72B)
Class org.jetbrains.plugins.gradle.tooling.serialization.AnnotationProcessingModelSerializationService$ReadContext: loaded 8 times (x 74B)
Class com.amazon.ion.impl.bin._Private_IonManagedBinaryWriterBuilder$AllocatorMode    : loaded 8 times (x 82B)
Class org.jetbrains.plugins.gradle.model.GradleTaskModel                              : loaded 8 times (x 72B)
Class org.jetbrains.plugins.gradle.tooling.util.ObjectCollector                       : loaded 8 times (x 74B)
Class [Lio.opentelemetry.context.Scope;                                               : loaded 8 times (x 71B)
Class com.amazon.ion.impl.bin.PooledBlockAllocatorProvider                            : loaded 8 times (x 75B)
Class com.amazon.ion.impl.lite.IonValueLite                                           : loaded 8 times (x 150B)
Class com.amazon.ion.impl._Private_IonSymbol                                          : loaded 8 times (x 72B)
Class com.amazon.ion.IonContainer                                                     : loaded 8 times (x 72B)
Class com.google.gson.internal.sql.SqlTypesSupport$2                                  : loaded 8 times (x 76B)
Class com.google.gson.internal.bind.TypeAdapters$3                                    : loaded 8 times (x 77B)
Class com.google.gson.internal.bind.TypeAdapters$16                                   : loaded 8 times (x 77B)
Class [Lcom.amazon.ion.util.GzipStreamInterceptor;                                    : loaded 8 times (x 71B)
Class com.amazon.ion.impl._Private_IonReaderBuilder$Mutable                           : loaded 8 times (x 99B)
Class com.intellij.openapi.externalSystem.model.project.IExternalSystemSourceType     : loaded 8 times (x 72B)
Class com.amazon.ion.impl._Private_IonBinaryWriterBuilder                             : loaded 8 times (x 117B)
Class org.jetbrains.plugins.gradle.tooling.serialization.internal.IdeaProjectSerializationService$WriteContext$2: loaded 8 times (x 85B)
Class com.amazon.ion.impl.bin.utf8.Pool                                               : loaded 8 times (x 76B)
Class com.google.gson.internal.sql.SqlTypesSupport$1                                  : loaded 8 times (x 76B)
Class com.google.gson.internal.bind.TypeAdapters$15                                   : loaded 8 times (x 77B)
Class com.google.gson.internal.bind.TypeAdapters$2                                    : loaded 8 times (x 77B)
Class io.opentelemetry.api.trace.TraceStateBuilder                                    : loaded 8 times (x 72B)
Class com.intellij.openapi.externalSystem.model.project.dependencies.ProjectDependencies: loaded 8 times (x 72B)
Class org.jetbrains.plugins.gradle.tooling.serialization.ProjectDependenciesSerializationService$ReadContext: loaded 8 times (x 74B)
Class com.google.gson.Strictness                                                      : loaded 8 times (x 81B)
Class com.google.gson.internal.bind.ObjectTypeAdapter$1                               : loaded 8 times (x 78B)
Class org.jetbrains.plugins.gradle.model.ExternalProject                              : loaded 8 times (x 72B)
Class org.jetbrains.plugins.gradle.tooling.serialization.internal.IdeaProjectSerializationService$WriteContext$1: loaded 8 times (x 85B)
Class [Lcom.amazon.ion.util.InputStreamInterceptor;                                   : loaded 8 times (x 71B)
Class com.amazon.ion.impl.bin.IonManagedBinaryWriter$SymbolState$4                    : loaded 8 times (x 82B)
Class com.google.gson.internal.bind.TypeAdapters$14                                   : loaded 8 times (x 77B)
Class com.android.ide.gradle.model.artifacts.AdditionalClassifierArtifactsModel       : loaded 8 times (x 72B)
Class [Lcom.google.gson.ToNumberPolicy;                                               : loaded 8 times (x 71B)
Class com.google.gson.ToNumberPolicy                                                  : loaded 8 times (x 85B)
Class com.amazon.ion.IonBufferConfiguration                                           : loaded 8 times (x 74B)
Class com.amazon.ion.impl.bin.Symbols                                                 : loaded 8 times (x 73B)
Class org.jetbrains.plugins.gradle.tooling.serialization.RepositoriesModelSerializationService: loaded 8 times (x 84B)
Class com.google.gson.internal.bind.TypeAdapters$1                                    : loaded 8 times (x 77B)
Class com.google.gson.internal.bind.NumberTypeAdapter$1                               : loaded 8 times (x 78B)
Class com.google.gson.Gson$FutureTypeAdapter                                          : loaded 8 times (x 78B)
Class com.intellij.gradle.toolingExtension.impl.model.sourceSetArtifactIndex.GradleSourceSetArtifactBuildRequest: loaded 8 times (x 72B)
Class com.amazon.ion.IonBinaryWriter                                                  : loaded 8 times (x 72B)
Class [Lcom.amazon.ion.impl.bin.AbstractIonWriter$WriteValueOptimization;             : loaded 8 times (x 71B)
Class com.google.gson.internal.bind.TreeTypeAdapter                                   : loaded 8 times (x 77B)
Class io.opentelemetry.api.internal.AutoValue_ImmutableSpanContext                    : loaded 8 times (x 94B)
Class org.jetbrains.plugins.gradle.tooling.serialization.RepositoriesModelSerializationService$ReadContext: loaded 8 times (x 74B)
Class com.amazon.ion.impl.bin.IonRawBinaryWriter$StreamFlushMode                      : loaded 8 times (x 81B)
Class com.amazon.ion.impl.bin.IonManagedBinaryWriter$SymbolState$3                    : loaded 8 times (x 82B)
Class com.amazon.ion.impl.bin.IonRawBinaryWriter$ContainerInfo                        : loaded 8 times (x 76B)
Class com.google.gson.internal.bind.TypeAdapters$13                                   : loaded 8 times (x 77B)
Class com.intellij.gradle.toolingExtension.impl.model.warmUp.GradleTaskWarmUpRequest  : loaded 8 times (x 72B)
Class com.amazon.ion.IonNull                                                          : loaded 8 times (x 72B)
Class com.amazon.ion.impl.bin.IonManagedBinaryWriter$SymbolState$2                    : loaded 8 times (x 82B)
Class org.jetbrains.plugins.gradle.model.ExternalSourceSet                            : loaded 8 times (x 72B)
Class org.jetbrains.plugins.gradle.model.ProjectImportModelProvider                   : loaded 8 times (x 72B)
Class com.amazon.ion.impl.bin.IonManagedBinaryWriter$UserState$2                      : loaded 8 times (x 87B)
Class [Lcom.google.gson.ToNumberStrategy;                                             : loaded 8 times (x 71B)
Class com.amazon.ion.impl.bin.IonManagedBinaryWriter$UserState                        : loaded 8 times (x 87B)
Class com.amazon.ion.impl._Private_IonWriter                                          : loaded 8 times (x 72B)
Class com.google.gson.internal.bind.TypeAdapters$12                                   : loaded 8 times (x 77B)
Class com.amazon.ion.impl.bin._Private_IonManagedBinaryWriterBuilder                  : loaded 8 times (x 74B)
Class org.jetbrains.plugins.gradle.tooling.serialization.RepositoriesModelSerializationService$WriteContext: loaded 8 times (x 74B)
Class com.intellij.gradle.toolingExtension.impl.model.projectModel.GradleExternalProjectSerializationService$WriteContext: loaded 8 times (x 75B)
Class com.intellij.gradle.toolingExtension.impl.model.dependencyModel.DependencyReadContext: loaded 8 times (x 74B)
Class com.intellij.gradle.toolingExtension.impl.model.sourceSetDependencyModel.GradleSourceSetDependencySerialisationService$SourceSetDependencyModelReadContext: loaded 8 times (x 74B)
Class org.jetbrains.plugins.gradle.model.VersionCatalogsModel                         : loaded 8 times (x 72B)
Class [Lcom.amazon.ion.IonType;                                                       : loaded 8 times (x 71B)
Class com.amazon.ion.impl.LocalSymbolTableAsStruct$Factory                            : loaded 8 times (x 81B)
Class com.amazon.ion.impl.bin.IonManagedBinaryWriter$SymbolState$1                    : loaded 8 times (x 82B)
Class com.google.gson.internal.bind.ArrayTypeAdapter$1                                : loaded 8 times (x 77B)
Class com.google.gson.internal.bind.JsonTreeWriter                                    : loaded 8 times (x 100B)
Class [Lcom.amazon.ion.SymbolToken;                                                   : loaded 8 times (x 71B)
Class io.opentelemetry.api.trace.ImmutableTraceFlags                                  : loaded 8 times (x 79B)
Class [Lcom.google.gson.FieldNamingPolicy;                                            : loaded 8 times (x 71B)
Class com.google.gson.internal.bind.TypeAdapters$11                                   : loaded 8 times (x 77B)
Class com.google.gson.internal.Primitives                                             : loaded 8 times (x 73B)
Class com.intellij.util.containers.IntObjectHashMap                                   : loaded 8 times (x 74B)
Class org.jetbrains.plugins.gradle.model.ExternalDependency                           : loaded 8 times (x 72B)
Class com.google.gson.internal.bind.TypeAdapters$10                                   : loaded 8 times (x 77B)
Class com.google.gson.internal.bind.ReflectiveTypeAdapterFactory$Adapter              : loaded 8 times (x 79B)
Class org.jetbrains.plugins.gradle.model.IntelliJProjectSettings                      : loaded 8 times (x 72B)
Class io.opentelemetry.context.Context                                                : loaded 8 times (x 72B)
Class com.amazon.ion.UnknownSymbolException                                           : loaded 8 times (x 87B)
Class com.google.gson.internal.sql.SqlDateTypeAdapter$1                               : loaded 8 times (x 77B)
Class com.android.ide.gradle.model.composites.BuildMap                                : loaded 8 times (x 72B)
Class com.android.ide.gradle.model.dependencies.DeclaredDependencies                  : loaded 8 times (x 72B)
Class io.opentelemetry.context.ThreadLocalContextStorage                              : loaded 8 times (x 87B)
Class com.amazon.ion.impl.bin.IonRawBinaryWriter$ThrowingRunnable                     : loaded 8 times (x 72B)
Class org.jetbrains.plugins.gradle.model.ExternalProjectDependency                    : loaded 8 times (x 72B)
Class com.amazon.ion.impl.bin.IonManagedBinaryWriter$LocalSymbolTableView             : loaded 8 times (x 121B)
Class org.jetbrains.plugins.gradle.tooling.serialization.KotlinDslScriptsModelSerializationService: loaded 8 times (x 83B)
Class com.google.gson.internal.sql.SqlTimestampTypeAdapter                            : loaded 8 times (x 78B)
Class com.google.gson.internal.bind.ReflectiveTypeAdapterFactory                      : loaded 8 times (x 77B)
Class org.jetbrains.plugins.gradle.tooling.serialization.ExternalTestsSerializationService$WriteContext: loaded 8 times (x 74B)
Class com.intellij.platform.diagnostic.telemetry.rt.context.TelemetryContext          : loaded 8 times (x 135B)
Class [Lio.opentelemetry.context.ContextStorage;                                      : loaded 8 times (x 71B)
Class [Lio.opentelemetry.api.trace.TraceFlags;                                        : loaded 8 times (x 71B)
Class org.jetbrains.kotlin.idea.gradleTooling.KotlinGradleModel                       : loaded 8 times (x 72B)
Class com.amazon.ion.system.IonSystemBuilder$Mutable                                  : loaded 8 times (x 77B)
Class com.amazon.ion.impl.bin.IonManagedBinaryWriter$SymbolResolverBuilder            : loaded 8 times (x 72B)
Class org.jetbrains.kotlin.idea.gradleTooling.model.allopen.AllOpenModelBuilderService: loaded 7 times (x 87B)
Class com.android.ide.gradle.model.builder.AndroidStudioToolingPluginKt               : loaded 7 times (x 73B)
Class com.google.gson.internal.bind.JsonElementTypeAdapter                            : loaded 7 times (x 77B)
Class org.jetbrains.plugins.gradle.tooling.Message                                    : loaded 7 times (x 74B)
Class org.jetbrains.plugins.gradle.tooling.util.GradleContainerUtil                   : loaded 7 times (x 73B)
Class org.jetbrains.kotlin.idea.gradleTooling.reflect.KotlinCompilerArgumentsResolverReflectionImpl: loaded 7 times (x 77B)
Class org.jetbrains.plugins.gradle.model.DefaultGradleExtension                       : loaded 7 times (x 82B)
Class com.intellij.gradle.toolingExtension.impl.util.javaPluginUtil.ExtensionJavaPluginAccessor: loaded 7 times (x 84B)
Class org.jetbrains.kotlin.idea.gradleTooling.reflect.KotlinLanguageSettingsReflection: loaded 7 times (x 72B)
Class com.intellij.gradle.toolingExtension.impl.model.sourceSetArtifactIndex.GradleSourceSetArtifactIndexBuilder: loaded 7 times (x 88B)
Class org.jetbrains.kotlin.idea.gradleTooling.model.kapt.KaptModelBuilderService      : loaded 7 times (x 88B)
Class org.jetbrains.plugins.gradle.DefaultExternalDependencyId                        : loaded 7 times (x 82B)
Class com.intellij.openapi.externalSystem.model.project.ExternalSystemSourceType      : loaded 7 times (x 87B)
Class com.intellij.gradle.toolingExtension.impl.javaModel.manifestModel.DefaultJavaGradleManifestModel: loaded 7 times (x 78B)
Class org.jetbrains.kotlin.idea.gradleTooling.reflect.KotlinSourceSetReflection       : loaded 7 times (x 72B)
Class org.jetbrains.kotlin.idea.gradleTooling.model.noarg.NoArgModelBuilderService    : loaded 7 times (x 87B)
Class com.intellij.gradle.toolingExtension.impl.model.utilTurnOffDefaultTasksModel.DefaultTurnOffDefaultTasks: loaded 7 times (x 73B)
Class org.jetbrains.plugins.gradle.model.DefaultFileCollectionDependency              : loaded 7 times (x 112B)
Class com.intellij.util.ExceptionUtilRt$RethrownStack                                 : loaded 7 times (x 84B)
Class com.intellij.gradle.toolingExtension.impl.model.dependencyGraphModel.GradleDependencyGraphModelBuilder: loaded 7 times (x 84B)
Class com.intellij.gradle.toolingExtension.impl.util.collectionUtil.GradleCollectionVisitor: loaded 7 times (x 72B)
Class com.intellij.gradle.toolingExtension.impl.model.sourceSetModel.DefaultGradleSourceSetModel: loaded 7 times (x 83B)
Class org.jetbrains.kotlin.idea.gradleTooling.reflect.KotlinSourceSetReflectionImpl   : loaded 7 times (x 85B)
Class com.intellij.gradle.toolingExtension.impl.model.utilDummyModel.DefaultDummyModel: loaded 7 times (x 75B)
Class com.intellij.gradle.toolingExtension.impl.model.dependencyDownloadPolicyModel.DefaultGradleDependencyDownloadPolicy: loaded 7 times (x 79B)
Class org.jetbrains.plugins.gradle.model.DefaultGradleExtensions                      : loaded 7 times (x 90B)
Class com.intellij.openapi.externalSystem.model.project.dependencies.ProjectDependencyNodeImpl: loaded 7 times (x 95B)
Class org.jetbrains.plugins.gradle.model.scala.ScalaModel                             : loaded 7 times (x 72B)
Class com.intellij.gradle.toolingExtension.impl.modelBuilder.DefaultMessageReportBuilder: loaded 7 times (x 96B)
Class com.intellij.gradle.toolingExtension.impl.model.dependencyModel.GradleDependencyResolver: loaded 7 times (x 74B)
Class com.intellij.openapi.externalSystem.model.project.dependencies.ProjectDependencyNode: loaded 7 times (x 72B)
Class org.jetbrains.kotlin.idea.gradleTooling.KotlinTasksPropertyUtilsKt              : loaded 7 times (x 73B)
Class com.android.ide.gradle.model.impl.GradlePropertiesModelImpl                     : loaded 7 times (x 82B)
Class org.jetbrains.kotlin.idea.gradleTooling.model.annotation.AnnotationBasedPluginModel: loaded 7 times (x 72B)
Class com.intellij.gradle.toolingExtension.impl.model.dependencyDownloadPolicyModel.GradleDependencyDownloadPolicyCache: loaded 7 times (x 77B)
Class org.jetbrains.plugins.gradle.tooling.ModelBuilderContext                        : loaded 7 times (x 72B)
Class org.jetbrains.plugins.gradle.tooling.builder.ScalaModelBuilderImpl              : loaded 7 times (x 83B)
Class org.jetbrains.plugins.gradle.tooling.MessageReporter                            : loaded 7 times (x 72B)
Class com.intellij.compose.ide.plugin.gradleTooling.rt.ComposeResourcesModelBuilder   : loaded 7 times (x 80B)
Class org.jetbrains.kotlin.idea.gradleTooling.model.assignment.AssignmentModelBuilderService: loaded 7 times (x 87B)
Class org.jetbrains.kotlin.idea.gradleTooling.reflect.KotlinCompilerArgumentsResolverReflectionKt: loaded 7 times (x 73B)
Class org.jetbrains.plugins.gradle.model.ear.EarConfiguration                         : loaded 7 times (x 72B)
Class org.jetbrains.kotlin.idea.gradleTooling.KotlinGradlePluginVersion$Companion     : loaded 7 times (x 73B)
Class com.android.ide.gradle.model.dependencies.DeclaredDependenciesModelBuilder      : loaded 7 times (x 77B)
Class com.android.ide.gradle.model.impl.GradlePluginModelImpl                         : loaded 7 times (x 81B)
Class org.jetbrains.kotlin.idea.gradleTooling.model.noarg.NoArgModel                  : loaded 7 times (x 72B)
Class com.android.ide.gradle.model.builder.LegacyAndroidGradlePluginPropertiesModelBuilder: loaded 7 times (x 82B)
Class [Lcom.intellij.openapi.externalSystem.model.project.ExternalSystemSourceType;   : loaded 7 times (x 71B)
Class com.google.gson.internal.bind.EnumTypeAdapter$1                                 : loaded 7 times (x 77B)
Class org.jetbrains.kotlin.idea.gradleTooling.KotlinMPPGradleModelBinaryBuilder       : loaded 7 times (x 88B)
Class org.jetbrains.kotlin.idea.gradleTooling.AbstractKotlinGradleModelBuilder$Companion: loaded 7 times (x 73B)
Class com.intellij.gradle.toolingExtension.impl.model.sourceSetDependencyModel.DefaultGradleSourceSetDependencyModel: loaded 7 times (x 79B)
Class org.jetbrains.plugins.gradle.tooling.builder.VersionCatalogsModelBuilder        : loaded 7 times (x 88B)
Class com.intellij.openapi.externalSystem.model.project.dependencies.AbstractDependencyNode: loaded 7 times (x 89B)
Class com.intellij.gradle.toolingExtension.impl.model.utilDummyModel.DummyModelBuilder: loaded 7 times (x 88B)
Class com.intellij.gradle.toolingExtension.impl.model.dependencyModel.GradleDependencyTraverser: loaded 7 times (x 82B)
Class org.jetbrains.plugins.gradle.tooling.DefaultMessageBuilder                      : loaded 7 times (x 86B)
Class org.jetbrains.plugins.gradle.tooling.builder.ExternalTestsModelBuilderImpl      : loaded 7 times (x 80B)
Class org.jetbrains.kotlin.idea.gradleTooling.reflect.GradleReflectionLogger          : loaded 7 times (x 77B)
Class com.android.ide.gradle.model.builder.LegacyAndroidGradlePluginPropertiesModelBuilder$Companion$maybeRegister$5: loaded 7 times (x 77B)
Class org.jetbrains.kotlin.idea.gradleTooling.model.lombok.LombokModelBuilderService  : loaded 7 times (x 89B)
Class com.android.ide.gradle.model.builder.GradlePluginModelBuilder                   : loaded 7 times (x 77B)
Class org.jetbrains.kotlin.tooling.core.Interner                                      : loaded 7 times (x 72B)
Class com.intellij.openapi.externalSystem.model.project.dependencies.DependencyNode   : loaded 7 times (x 72B)
Class org.jetbrains.plugins.gradle.tooling.ModelBuilderService                        : loaded 7 times (x 72B)
Class org.jetbrains.kotlin.idea.gradleTooling.PrepareKotlinIdeaImportTaskModelBuilder$Companion: loaded 7 times (x 73B)
Class org.jetbrains.plugins.gradle.tooling.MessageBuilder                             : loaded 7 times (x 72B)
Class com.google.gson.internal.Streams$AppendableWriter$CurrentWrite                  : loaded 7 times (x 92B)
Class com.android.ide.gradle.model.builder.LegacyAndroidGradlePluginPropertiesModelBuilder$Companion$maybeRegister$4: loaded 7 times (x 77B)
Class org.jetbrains.kotlin.idea.gradleTooling.OrphanSourceSetImportingChecker         : loaded 7 times (x 76B)
Class com.android.ide.gradle.model.builder.LegacyAndroidGradlePluginPropertiesModelBuilder$Companion$maybeRegister$3: loaded 7 times (x 77B)
Class org.jetbrains.kotlin.idea.gradleTooling.model.parcelize.ParcelizeModelBuilderService: loaded 7 times (x 83B)
Class org.jetbrains.plugins.gradle.tooling.builder.MavenRepositoriesModelBuilder      : loaded 7 times (x 83B)
Class org.jetbrains.plugins.gradle.tooling.builder.EarModelBuilderImplKt              : loaded 7 times (x 73B)
Class org.jetbrains.plugins.gradle.tooling.Message$FilePosition                       : loaded 7 times (x 77B)
Class org.jetbrains.kotlin.idea.gradleTooling.model.allopen.AllOpenModel              : loaded 7 times (x 72B)
Class org.jetbrains.kotlin.idea.gradleTooling.reflect.TypeToken$Companion             : loaded 7 times (x 73B)
Class org.jetbrains.kotlin.idea.gradleTooling.KotlinGradlePluginVersionKt             : loaded 7 times (x 73B)
Class org.jetbrains.plugins.gradle.tooling.serialization.internal.adapter.InternalBuildIdentifier: loaded 7 times (x 77B)
Class com.intellij.gradle.toolingExtension.impl.model.dependencyModel.auxiliary.AuxiliaryArtifactResolver: loaded 7 times (x 72B)
Class org.jetbrains.plugins.gradle.model.tests.DefaultExternalTestsModel              : loaded 7 times (x 79B)
Class com.android.ide.gradle.model.builder.LegacyAndroidGradlePluginPropertiesModelBuilder$Companion$maybeRegister$2: loaded 7 times (x 77B)
Class com.intellij.util.ExceptionUtilRt$1                                             : loaded 7 times (x 131B)
Class com.intellij.gradle.toolingExtension.impl.model.dependencyModel.GradleDependencyTraverser$Itr: loaded 7 times (x 85B)
Class org.jetbrains.plugins.gradle.tooling.serialization.internal.adapter.InternalProjectIdentifier: loaded 7 times (x 78B)
Class com.intellij.gradle.toolingExtension.impl.model.dependencyModel.auxiliary.AuxiliaryConfigurationArtifacts: loaded 7 times (x 76B)
Class org.jetbrains.kotlin.idea.gradleTooling.KotlinMPPGradleModelBuilder             : loaded 7 times (x 88B)
Class org.jetbrains.plugins.gradle.model.DefaultGradleConfiguration                   : loaded 7 times (x 81B)
Class com.android.ide.gradle.model.builder.LegacyAndroidGradlePluginPropertiesModelBuilder$Companion: loaded 7 times (x 73B)
Class com.android.ide.gradle.model.builder.LegacyAndroidGradlePluginPropertiesModelBuilder$Companion$maybeRegister$1: loaded 7 times (x 77B)
Class com.intellij.gradle.toolingExtension.impl.model.utilTurnOffDefaultTasksModel.TurnOffDefaultTasksModelBuilder: loaded 7 times (x 88B)
Class com.google.gson.internal.Streams                                                : loaded 7 times (x 73B)
Class com.intellij.gradle.toolingExtension.impl.model.sourceSetModel.GradleSourceSetModelBuilder$3: loaded 7 times (x 85B)
Class org.jetbrains.plugins.gradle.tooling.Message$Kind                               : loaded 7 times (x 81B)
Class org.jetbrains.plugins.gradle.tooling.MessageReportBuilder                       : loaded 7 times (x 72B)
Class com.intellij.gradle.toolingExtension.impl.model.sourceSetModel.GradleSourceSetModelBuilder$2: loaded 7 times (x 85B)
Class com.intellij.gradle.toolingExtension.impl.model.dependencyDownloadPolicyModel.GradleDependencyDownloadPolicyBuilder: loaded 7 times (x 88B)
Class com.android.ide.gradle.model.builder.LegacyV1AgpVersionModelBuilder             : loaded 7 times (x 77B)
Class org.jetbrains.plugins.gradle.tooling.builder.AnnotationProcessingModelBuilder   : loaded 7 times (x 88B)
Class org.jetbrains.kotlin.idea.gradleTooling.reflect.KotlinMultiplatformImportReflection: loaded 7 times (x 72B)
Class com.intellij.gradle.toolingExtension.impl.model.sourceSetModel.GradleSourceSetModelBuilder$1: loaded 7 times (x 85B)
Class org.jetbrains.kotlin.idea.gradleTooling.model.parcelize.ParcelizeGradleModel    : loaded 7 times (x 72B)
Class com.google.gson.internal.Streams$AppendableWriter                               : loaded 7 times (x 101B)
Class com.intellij.gradle.toolingExtension.impl.model.taskModel.DefaultGradleTaskModel: loaded 7 times (x 77B)
Class com.intellij.compose.ide.plugin.gradleTooling.rt.ComposeResourcesExtension$Companion: loaded 7 times (x 73B)
Class org.jetbrains.plugins.gradle.tooling.internal.VersionCatalogsModelImpl          : loaded 7 times (x 78B)
Class com.intellij.gradle.toolingExtension.impl.model.sourceSetModel.GradleSourceSetResolutionContext: loaded 7 times (x 75B)
Class com.android.ide.gradle.model.dependencies.CoordinatesImpl                       : loaded 7 times (x 79B)
Class com.android.ide.gradle.model.dependencies.DeclaredDependenciesModelBuilder$Companion: loaded 7 times (x 73B)
Class com.intellij.openapi.externalSystem.model.project.dependencies.UnknownDependencyNode: loaded 7 times (x 89B)
Class org.jetbrains.plugins.gradle.model.web.WebConfiguration                         : loaded 7 times (x 72B)
Class com.android.ide.gradle.model.impl.GradlePluginModelImpl$Companion               : loaded 7 times (x 73B)
Class org.jetbrains.plugins.gradle.model.DefaultExternalLibraryDependency             : loaded 7 times (x 113B)
Class org.jetbrains.plugins.gradle.tooling.ModelBuilderService$Ex                     : loaded 7 times (x 72B)
Class com.intellij.openapi.externalSystem.model.project.dependencies.ComponentDependencies: loaded 7 times (x 72B)
Class com.intellij.gradle.toolingExtension.impl.util.GradleIdeaPluginUtil             : loaded 7 times (x 73B)
Class org.jetbrains.plugins.gradle.tooling.builder.DependencyAccessorsModelBuilder    : loaded 7 times (x 83B)
Class org.jetbrains.kotlin.idea.gradleTooling.model.assignment.AssignmentModel        : loaded 7 times (x 72B)
Class [Lorg.jetbrains.kotlin.idea.gradleTooling.reflect.Parameter;                    : loaded 7 times (x 71B)
Class [Lcom.intellij.openapi.externalSystem.model.project.IExternalSystemSourceType;  : loaded 7 times (x 71B)
Class org.jetbrains.plugins.gradle.tooling.serialization.GradleExtensionsSerializationService$1: loaded 7 times (x 78B)
Class org.jetbrains.kotlin.idea.gradleTooling.reflect.ReflectionReceiver              : loaded 7 times (x 72B)
Class com.intellij.gradle.toolingExtension.impl.util.GradleProjectUtil                : loaded 7 times (x 73B)
Class org.jetbrains.kotlin.tooling.core.KotlinToolingVersion$Maturity                 : loaded 7 times (x 81B)
Class com.android.ide.gradle.model.builder.AndroidStudioToolingPlugin                 : loaded 7 times (x 77B)
Class org.jetbrains.plugins.gradle.tooling.builder.IntelliJSettingsBuilder            : loaded 7 times (x 80B)
Class org.jetbrains.plugins.gradle.tooling.ModelBuilderContext$DataProvider           : loaded 7 times (x 72B)
Class org.jetbrains.plugins.gradle.tooling.serialization.ToolingStreamApiUtilsKt      : loaded 7 times (x 73B)
Class org.jetbrains.plugins.gradle.model.ModelFactory                                 : loaded 7 times (x 73B)
Class com.intellij.gradle.toolingExtension.impl.model.repositoryModel.DefaultProjectRepositoriesModel: loaded 7 times (x 78B)
Class com.intellij.gradle.toolingExtension.impl.model.dependencyGraphModel.GradleDependencyReportGenerator: loaded 7 times (x 75B)
Class com.intellij.openapi.externalSystem.model.project.dependencies.ArtifactDependencyNodeImpl: loaded 7 times (x 97B)
Class org.jetbrains.kotlin.idea.gradleTooling.model.annotation.AnnotationBasedPluginModelBuilderService: loaded 7 times (x 87B)
Class com.intellij.gradle.toolingExtension.impl.model.taskModel.GradleTaskModelBuilder: loaded 7 times (x 88B)
Class com.intellij.gradle.toolingExtension.impl.util.GradleObjectUtil                 : loaded 7 times (x 73B)
Class com.android.ide.gradle.model.artifacts.builder.AdditionalClassifierArtifactsModelBuilder: loaded 7 times (x 81B)
Class org.jetbrains.kotlin.idea.gradleTooling.PrepareKotlinIdeaImportTaskModelBuilder$Messages: loaded 7 times (x 73B)
Class org.jetbrains.plugins.gradle.tooling.serialization.GradleExtensionsSerializationService$2: loaded 7 times (x 78B)
Class org.jetbrains.plugins.gradle.model.AbstractExternalDependency                   : loaded 7 times (x 108B)
Class org.jetbrains.plugins.gradle.tooling.util.BiFunction                            : loaded 7 times (x 72B)
Class org.jetbrains.kotlin.idea.gradleTooling.model.kapt.KaptGradleModelImpl          : loaded 7 times (x 79B)
Class org.jetbrains.kotlin.idea.gradleTooling.KotlinGradleModelImpl                   : loaded 7 times (x 87B)
Class org.jetbrains.kotlin.idea.gradleTooling.reflect.ParameterList                   : loaded 7 times (x 171B)
Class com.intellij.gradle.toolingExtension.impl.model.buildScriptClasspathModel.GradleBuildScriptClasspathCache: loaded 7 times (x 77B)
Class org.jetbrains.kotlin.idea.gradleTooling.model.samWithReceiver.SamWithReceiverModel: loaded 7 times (x 72B)
Class com.intellij.openapi.externalSystem.model.project.dependencies.ProjectDependenciesImpl: loaded 7 times (x 79B)
Class com.android.ide.gradle.model.composites.BuildMapImpl                            : loaded 7 times (x 77B)
Class com.android.ide.gradle.model.dependencies.DeclaredDependenciesImpl              : loaded 7 times (x 78B)
Class org.jetbrains.plugins.gradle.tooling.builder.ProjectRepositoriesModelBuilder    : loaded 7 times (x 80B)
Class com.intellij.gradle.toolingExtension.impl.model.sourceSetArtifactIndex.GradleSourceSetArtifactModel: loaded 7 times (x 78B)
Class org.jetbrains.plugins.gradle.tooling.serialization.GradleExtensionsSerializationService$3: loaded 7 times (x 78B)
Class org.jetbrains.kotlin.idea.gradleTooling.KotlinTaskPropertiesImpl                : loaded 7 times (x 80B)
Class org.jetbrains.plugins.gradle.tooling.internal.ClasspathEntryModelImpl           : loaded 7 times (x 82B)
Class org.jetbrains.plugins.gradle.tooling.builder.WarModelBuilderImplKt              : loaded 7 times (x 73B)
Class org.jetbrains.kotlin.idea.gradleTooling.ModelBuilderUtilsKt                     : loaded 7 times (x 73B)
Class org.jetbrains.plugins.gradle.model.DefaultExternalTask                          : loaded 7 times (x 85B)
Class org.jetbrains.kotlin.idea.gradleTooling.PrepareKotlinIdeaImportTaskModelBuilder : loaded 7 times (x 88B)
Class org.jetbrains.kotlin.idea.gradleTooling.model.samWithReceiver.SamWithReceiverModelBuilderService: loaded 7 times (x 87B)
Class com.intellij.gradle.toolingExtension.impl.model.dependencyModel.GradleDependencyResolver$1: loaded 7 times (x 79B)
Class org.jetbrains.plugins.gradle.model.DefaultGradleProperty                        : loaded 7 times (x 80B)
Class org.jetbrains.kotlin.idea.gradleTooling.GetAdditionalVisibleSourceSetsKt        : loaded 7 times (x 73B)
Class com.intellij.gradle.toolingExtension.impl.model.sourceSetModel.GradleSourceSetModelBuilder: loaded 7 times (x 88B)
Class org.jetbrains.kotlin.idea.gradleTooling.AbstractKotlinGradleModelBuilder        : loaded 7 times (x 83B)
Class org.jetbrains.kotlin.idea.gradleTooling.GeneratedSourceRootsKt                  : loaded 7 times (x 73B)
Class com.android.ide.gradle.model.dependencies.DeclaredDependenciesModelBuilderKt    : loaded 7 times (x 73B)
Class com.intellij.gradle.toolingExtension.impl.modelBuilder.DefaultModelBuilderContext: loaded 7 times (x 79B)
Class com.intellij.gradle.toolingExtension.impl.model.warmUp.GradleTaskWarmUpService  : loaded 7 times (x 88B)
Class org.jetbrains.kotlin.idea.gradleTooling.reflect.KotlinSourceSetReflectionKt     : loaded 7 times (x 73B)
Class com.android.ide.gradle.model.composites.BuildMapModelBuilder                    : loaded 7 times (x 77B)
Class org.jetbrains.kotlin.idea.gradleTooling.KotlinGradleModelBuilder                : loaded 7 times (x 88B)
Class com.intellij.gradle.toolingExtension.impl.model.resourceFilterModel.GradleResourceFilterModelBuilder: loaded 7 times (x 73B)
Class org.jetbrains.plugins.gradle.tooling.serialization.ExternalTestsSerializationService$1: loaded 7 times (x 78B)
Class org.jetbrains.plugins.gradle.tooling.builder.IntelliJProjectSettingsBuilder     : loaded 7 times (x 80B)
Class org.jetbrains.kotlin.idea.gradleTooling.reflect.KotlinCompilerArgumentsResolverReflection: loaded 7 times (x 72B)
Class org.jetbrains.kotlin.tooling.core.InternerImpl$Store$Strong                     : loaded 7 times (x 78B)
Class org.jetbrains.plugins.gradle.model.DefaultExternalProjectDependency             : loaded 7 times (x 122B)
Class org.jetbrains.kotlin.tooling.core.InternerKt                                    : loaded 7 times (x 73B)
Class [Lorg.jetbrains.kotlin.tooling.core.KotlinToolingVersion$Maturity;              : loaded 7 times (x 71B)
Class org.jetbrains.kotlin.idea.gradleTooling.KotlinDslScriptTaskModelBuilder         : loaded 7 times (x 88B)
Class org.jetbrains.kotlin.idea.gradleTooling.MultiplatformModelImportingChecker      : loaded 7 times (x 72B)
Class org.jetbrains.kotlin.idea.gradleTooling.UtilsKt                                 : loaded 7 times (x 73B)
Class com.intellij.openapi.externalSystem.model.project.dependencies.ArtifactDependencyNode: loaded 7 times (x 72B)
Class org.jetbrains.kotlin.idea.gradleTooling.KotlinMPPGradleModelBinary              : loaded 7 times (x 72B)
Class com.intellij.gradle.toolingExtension.impl.model.sourceSetArtifactIndex.GradleSourceSetArtifactIndex: loaded 7 times (x 80B)
Class org.jetbrains.plugins.gradle.tooling.util.BooleanBiFunction                     : loaded 7 times (x 72B)
Class com.intellij.compose.ide.plugin.gradleTooling.rt.ComposeResourcesExtension      : loaded 7 times (x 74B)
Class com.intellij.gradle.toolingExtension.impl.util.javaPluginUtil.JavaPluginUtil    : loaded 7 times (x 73B)
Class org.jetbrains.plugins.gradle.tooling.builder.ProjectExtensionsDataBuilderImpl$Companion: loaded 7 times (x 73B)
Class org.jetbrains.kotlin.idea.gradleTooling.reflect.KotlinSwiftExportReflection     : loaded 7 times (x 72B)
Class com.intellij.util.ExceptionUtilRt                                               : loaded 7 times (x 73B)
Class org.jetbrains.plugins.gradle.model.DefaultUnresolvedExternalDependency          : loaded 7 times (x 113B)
Class [Lorg.jetbrains.plugins.gradle.tooling.Message$Kind;                            : loaded 7 times (x 71B)
Class org.jetbrains.kotlin.idea.gradleTooling.reflect.KotlinMultiplatformImportReflectionImpl$Companion: loaded 7 times (x 73B)
Class com.android.ide.gradle.model.builder.LegacyAndroidGradlePluginPropertiesModelBuilder$PluginType: loaded 7 times (x 81B)
Class com.android.ide.gradle.model.builder.GradlePropertiesModelBuilder               : loaded 7 times (x 77B)
Class org.jetbrains.kotlin.idea.gradleTooling.reflect.KotlinExtensionReflection$Companion: loaded 7 times (x 73B)
Class org.jetbrains.kotlin.idea.gradleTooling.reflect.KotlinExtensionReflection       : loaded 7 times (x 74B)
Class com.intellij.gradle.toolingExtension.impl.model.dependencyModel.auxiliary.AuxiliaryArtifactResolverImpl: loaded 7 times (x 78B)
Class org.jetbrains.kotlin.idea.gradleTooling.reflect.ReflectionLogger                : loaded 7 times (x 72B)
Class org.jetbrains.kotlin.idea.gradleTooling.model.lombok.LombokModel                : loaded 7 times (x 72B)
Class org.jetbrains.plugins.gradle.tooling.internal.DefaultRepositoryModels           : loaded 7 times (x 78B)
Class org.jetbrains.kotlin.idea.gradleTooling.ResolveCompilerArgumentsKt              : loaded 7 times (x 73B)
Class org.jetbrains.kotlin.idea.gradleTooling.reflect.KotlinMultiplatformImportReflectionImpl: loaded 7 times (x 78B)
Class com.intellij.gradle.toolingExtension.impl.util.javaPluginUtil.JavaPluginAccessor: loaded 7 times (x 72B)
Class org.jetbrains.plugins.gradle.tooling.serialization.RepositoriesModelSerializationService$1: loaded 7 times (x 78B)
Class org.jetbrains.kotlin.idea.gradleTooling.KotlinGradlePluginVersionImpl           : loaded 7 times (x 80B)
Class com.intellij.gradle.toolingExtension.impl.model.buildScriptClasspathModel.GradleBuildScriptClasspathModelBuilder: loaded 7 times (x 88B)
Class org.jetbrains.kotlin.idea.gradleTooling.PrepareKotlinIdeaImportTaskModelBuilder$KotlinNativePlatformDependenciesKt: loaded 7 times (x 73B)
Class org.jetbrains.kotlin.tooling.core.KotlinToolingVersionKt                        : loaded 7 times (x 73B)
Class org.jetbrains.kotlin.idea.gradleTooling.reflect.ReflectionReceiver$Instance     : loaded 7 times (x 79B)
Class org.jetbrains.plugins.gradle.tooling.builder.ProjectExtensionsDataBuilderImpl   : loaded 7 times (x 80B)
Class org.jetbrains.kotlin.tooling.core.InternerImpl$Store                            : loaded 7 times (x 72B)
Class org.jetbrains.kotlin.idea.gradleTooling.reflect.Parameter                       : loaded 7 times (x 74B)
Class com.intellij.gradle.toolingExtension.impl.modelBuilder.ExtraModelBuilder        : loaded 7 times (x 87B)
Class org.jetbrains.plugins.gradle.tooling.builder.WarModelBuilderImpl                : loaded 7 times (x 88B)
Class org.jetbrains.kotlin.idea.gradleTooling.reflect.ParameterList$Companion         : loaded 7 times (x 73B)
Class com.google.gson.TypeAdapter$NullSafeTypeAdapter                                 : loaded 7 times (x 76B)
Class org.jetbrains.kotlin.tooling.core.InternerImpl                                  : loaded 7 times (x 78B)
Class org.jetbrains.plugins.gradle.tooling.AbstractModelBuilderService                : loaded 7 times (x 88B)
Class org.jetbrains.kotlin.idea.gradleTooling.reflect.ReflectionReceiver$Static       : loaded 7 times (x 79B)
Class com.intellij.gradle.toolingExtension.impl.model.sourceSetDependencyModel.GradleSourceSetDependencyModelBuilder: loaded 7 times (x 88B)
Class org.jetbrains.plugins.gradle.model.DefaultDependencyAccessorsModel              : loaded 7 times (x 78B)
Class com.google.gson.internal.bind.EnumTypeAdapter                                   : loaded 7 times (x 78B)
Class org.jetbrains.plugins.gradle.model.DefaultExternalProject                       : loaded 7 times (x 97B)
Class com.intellij.gradle.toolingExtension.impl.model.buildScriptClasspathModel.GradleBuildScriptClasspathSerializationService$1: loaded 7 times (x 78B)
Class com.intellij.gradle.toolingExtension.impl.model.sourceSetDependencyModel.GradleSourceSetDependencyResolver: loaded 7 times (x 74B)
Class com.intellij.gradle.toolingExtension.impl.model.projectModel.GradleExternalProjectModelBuilder: loaded 7 times (x 88B)
Class org.jetbrains.kotlin.idea.gradleTooling.KotlinMPPGradleModelBuilder$Companion   : loaded 7 times (x 73B)
Class org.jetbrains.kotlin.idea.gradleTooling.reflect.KotlinAndroidSourceSetInfoReflection: loaded 7 times (x 72B)
Class com.intellij.gradle.toolingExtension.impl.modelBuilder.DefaultMessageReporter   : loaded 7 times (x 77B)
Class com.intellij.gradle.toolingExtension.impl.model.buildScriptClasspathModel.DefaultGradleBuildScriptClasspathModel: loaded 7 times (x 85B)
Class org.jetbrains.kotlin.idea.gradleTooling.reflect.KotlinSourceSetReflectionImpl$Companion: loaded 7 times (x 73B)
Class [Lcom.android.ide.gradle.model.builder.LegacyAndroidGradlePluginPropertiesModelBuilder$PluginType;: loaded 7 times (x 71B)
Class org.jetbrains.kotlin.idea.gradleTooling.reflect.ReflectionKt                    : loaded 7 times (x 73B)
Class org.jetbrains.kotlin.idea.gradleTooling.AndroidAwareGradleModelProvider$Result  : loaded 7 times (x 74B)
Class com.google.gson.internal.GsonTypes                                              : loaded 7 times (x 73B)
Class com.intellij.gradle.toolingExtension.impl.javaModel.manifestModel.JavaGradleManifestModelBuilder: loaded 7 times (x 88B)
Class org.jetbrains.kotlin.idea.gradleTooling.KotlinDslScriptTaskModelBuilder$Companion: loaded 7 times (x 73B)
Class org.jetbrains.plugins.gradle.tooling.util.StringUtils                           : loaded 7 times (x 73B)
Class com.google.gson.internal.bind.TypeAdapters$32$1                                 : loaded 7 times (x 76B)
Class org.jetbrains.kotlin.idea.gradleTooling.reflect.TypeToken                       : loaded 7 times (x 74B)
Class org.jetbrains.plugins.gradle.tooling.ModelBuilderService$ParameterizedModelBuilderService: loaded 7 times (x 72B)
Class org.jetbrains.plugins.gradle.tooling.builder.EarModelBuilderImpl                : loaded 7 times (x 88B)
Class Program                                                                         : loaded 5 times (x 74B)
Class com.google.common.collect.RegularImmutableSet                                   : loaded 3 times (x 150B)
Class com.google.common.collect.ImmutableList$1                                       : loaded 3 times (x 99B)
Class com.google.common.collect.ForwardingObject                                      : loaded 3 times (x 74B)
Class com.google.common.base.Function                                                 : loaded 3 times (x 72B)
Class com.google.common.collect.ImmutableList$SubList                                 : loaded 3 times (x 211B)
Class com.google.common.collect.SingletonImmutableSet                                 : loaded 3 times (x 148B)
Class com.google.common.collect.ImmutableSet$SetBuilderImpl                           : loaded 3 times (x 78B)
Class com.google.common.collect.SingletonImmutableList                                : loaded 3 times (x 209B)
Class Build_gradle                                                                    : loaded 3 times (x 128B)
Class com.google.common.base.CharMatcher$And                                          : loaded 3 times (x 114B)
Class com.google.common.collect.ImmutableList$ReverseImmutableList                    : loaded 3 times (x 211B)
Class com.google.common.base.CharMatcher$InRange                                      : loaded 3 times (x 113B)
Class com.google.common.base.CharMatcher$NamedFastMatcher                             : loaded 3 times (x 114B)
Class com.google.common.base.CharMatcher$1                                            : loaded 3 times (x 115B)
Class com.google.common.base.Joiner$2                                                 : loaded 3 times (x 82B)
Class com.google.common.base.CharMatcher                                              : loaded 3 times (x 113B)
Class com.google.common.base.Joiner$1                                                 : loaded 3 times (x 83B)
Class com.google.common.collect.RegularImmutableList                                  : loaded 3 times (x 215B)
Class com.google.common.base.CharMatcher$ForPredicate                                 : loaded 3 times (x 114B)
Class com.google.common.base.CharMatcher$Negated                                      : loaded 3 times (x 115B)
Class com.google.common.base.CharMatcher$Is                                           : loaded 3 times (x 113B)
Class com.google.common.base.CharMatcher$AnyOf                                        : loaded 3 times (x 114B)
Class com.google.common.collect.ImmutableSet$RegularSetBuilderImpl                    : loaded 3 times (x 78B)
Class org.gradle.internal.IoActions                                                   : loaded 3 times (x 73B)
Class com.google.common.collect.ImmutableSet$CachingAsList                            : loaded 3 times (x 150B)
Class com.google.common.base.CharMatcher$IsEither                                     : loaded 3 times (x 113B)
Class com.google.common.collect.ImmutableAsList                                       : loaded 3 times (x 211B)
Class org.gradle.api.GradleException                                                  : loaded 3 times (x 84B)
Class com.google.common.base.CharMatcher$NegatedFastMatcher                           : loaded 3 times (x 115B)
Class com.google.common.collect.ImmutableCollection$Builder                           : loaded 3 times (x 78B)
Class com.google.common.base.Predicate                                                : loaded 3 times (x 72B)
Class com.google.common.base.CharMatcher$FastMatcher                                  : loaded 3 times (x 113B)
Class org.gradle.api.Action                                                           : loaded 3 times (x 72B)
Class org.gradle.internal.Cast                                                        : loaded 3 times (x 73B)
Class com.google.common.base.Joiner                                                   : loaded 3 times (x 82B)
Class com.google.common.base.CharMatcher$Or                                           : loaded 3 times (x 114B)
Class com.google.common.collect.ImmutableSet                                          : loaded 3 times (x 147B)
Class com.google.common.base.CharMatcher$BitSetMatcher                                : loaded 3 times (x 114B)
Class com.google.common.collect.ImmutableList$Builder                                 : loaded 3 times (x 79B)
Class com.google.common.collect.RegularImmutableAsList                                : loaded 3 times (x 219B)
Class com.google.common.base.CharMatcher$IsNot                                        : loaded 3 times (x 113B)
Class com.google.common.util.concurrent.Uninterruptibles                              : loaded 2 times (x 73B)
Class com.android.builder.model.v2.ide.ProjectType                                    : loaded 2 times (x 81B)
Class kotlin.io.FileSystemException                                                   : loaded 2 times (x 84B)
Class org.gradle.tooling.internal.adapter.ProtocolToModelAdapter                      : loaded 2 times (x 82B)
Class kotlin.collections.AbstractList$SubList                                         : loaded 2 times (x 200B)
Class com.google.common.collect.ExplicitOrdering                                      : loaded 2 times (x 117B)
Class com.google.common.util.concurrent.UncheckedExecutionException                   : loaded 2 times (x 84B)
Class com.android.builder.model.v2.ide.LibraryType                                    : loaded 2 times (x 81B)
Class com.google.common.collect.RegularImmutableSortedSet                             : loaded 2 times (x 302B)
Class com.android.builder.model.v2.dsl.BaseConfig                                     : loaded 2 times (x 72B)
Class com.google.common.util.concurrent.LazyLogger                                    : loaded 2 times (x 74B)
Class com.google.common.collect.Maps                                                  : loaded 2 times (x 73B)
Class org.gradle.internal.time.TimeSource$1                                           : loaded 2 times (x 79B)
Class kotlin.jvm.internal.DefaultConstructorMarker                                    : loaded 2 times (x 73B)
Class org.gradle.api.specs.Spec                                                       : loaded 2 times (x 72B)
Class [Lcom.android.builder.model.v2.ide.LibraryType;                                 : loaded 2 times (x 71B)
Class com.google.common.math.IntMath                                                  : loaded 2 times (x 73B)
Class org.gradle.kotlin.dsl.VersionCatalogAccessorsKt                                 : loaded 2 times (x 73B)
Class com.google.common.collect.AbstractMapBasedMultimap$KeySet                       : loaded 2 times (x 139B)
Class com.google.common.collect.Streams                                               : loaded 2 times (x 73B)
Class org.gradle.tooling.internal.adapter.CollectionMapper                            : loaded 2 times (x 75B)
Class com.google.common.reflect.Types$JavaVersion                                     : loaded 2 times (x 85B)
Class [Lcom.google.common.collect.ImmutableEntry;                                     : loaded 2 times (x 71B)
Class org.gradle.tooling.model.kotlin.dsl.KotlinDslScriptModel                        : loaded 2 times (x 72B)
Class com.google.common.collect.Range                                                 : loaded 2 times (x 88B)
Class kotlin.text.CharsKt                                                             : loaded 2 times (x 73B)
Class com.google.common.collect.ImmutableMap$1                                        : loaded 2 times (x 83B)
Class com.google.common.collect.BiMap                                                 : loaded 2 times (x 72B)
Class com.google.common.collect.Sets$3$1                                              : loaded 2 times (x 84B)
Class com.google.common.cache.LocalCache$LoadingValueReference                        : loaded 2 times (x 98B)
Class org.gradle.tooling.internal.adapter.ProtocolToModelAdapter$ViewKey              : loaded 2 times (x 74B)
Class kotlin.collections.AbstractIterator                                             : loaded 2 times (x 85B)
Class com.google.common.util.concurrent.AbstractFuture$Trusted                        : loaded 2 times (x 72B)
Class com.google.common.base.Optional                                                 : loaded 2 times (x 82B)
Class org.gradle.api.internal.classpath.DefaultModuleRegistry$DefaultModule           : loaded 2 times (x 84B)
Class org.gradle.internal.service.CachingServiceLocator                               : loaded 2 times (x 84B)
Class kotlin.reflect.KCallable                                                        : loaded 2 times (x 72B)
Class com.google.common.collect.ImmutableRangeSet$1                                   : loaded 2 times (x 212B)
Class com.google.common.cache.LocalCache$LocalManualCache                             : loaded 2 times (x 101B)
Class kotlin.io.FilesKt__FilePathComponentsKt                                         : loaded 2 times (x 73B)
Class com.google.common.reflect.Invokable$MethodInvokable                             : loaded 2 times (x 109B)
Class com.google.common.base.Platform                                                 : loaded 2 times (x 73B)
Class kotlin.text.StringsKt__RegexExtensionsKt                                        : loaded 2 times (x 73B)
Class kotlin.collections.EmptyIterator                                                : loaded 2 times (x 91B)
Class org.gradle.internal.time.Clock                                                  : loaded 2 times (x 72B)
Class org.gradle.tooling.model.BuildModel                                             : loaded 2 times (x 72B)
Class org.jetbrains.kotlin.tooling.core.HasExtras                                     : loaded 2 times (x 72B)
Class kotlin.io.TerminateException                                                    : loaded 2 times (x 84B)
Class com.android.builder.model.v2.ide.ComponentInfo                                  : loaded 2 times (x 72B)
Class com.google.common.base.CommonPattern                                            : loaded 2 times (x 76B)
Class com.android.builder.model.v2.ide.CodeShrinker                                   : loaded 2 times (x 81B)
Class com.android.builder.model.v2.ide.LibraryInfo                                    : loaded 2 times (x 72B)
Class com.google.common.collect.FluentIterable$2                                      : loaded 2 times (x 83B)
Class com.android.builder.model.v2.dsl.ProductFlavor                                  : loaded 2 times (x 72B)
Class [Lcom.android.builder.model.v2.ide.TestInfo$Execution;                          : loaded 2 times (x 71B)
Class [Lorg.objectweb.asm.AnnotationWriter;                                           : loaded 2 times (x 71B)
Class com.google.common.collect.Maps$8                                                : loaded 2 times (x 84B)
Class kotlin.io.FilePathComponents                                                    : loaded 2 times (x 74B)
Class com.google.common.collect.CompoundOrdering                                      : loaded 2 times (x 117B)
Class kotlin.sequences.SequencesKt__SequencesJVMKt                                    : loaded 2 times (x 73B)
Class kotlin.coroutines.jvm.internal.RestrictedSuspendLambda                          : loaded 2 times (x 93B)
Class org.gradle.tooling.internal.adapter.TypeInspector                               : loaded 2 times (x 75B)
Class org.gradle.tooling.internal.adapter.ProtocolToModelAdapter$NoOpDecoration       : loaded 2 times (x 81B)
Class org.gradle.tooling.model.Element                                                : loaded 2 times (x 72B)
Class kotlin.collections.AbstractList                                                 : loaded 2 times (x 199B)
Class kotlin.collections.AbstractCollection                                           : loaded 2 times (x 119B)
Class com.google.common.base.Absent                                                   : loaded 2 times (x 82B)
Class com.google.common.reflect.Reflection                                            : loaded 2 times (x 73B)
Class org.gradle.internal.classloader.ClassLoaderFactory                              : loaded 2 times (x 72B)
Class kotlin.collections.CollectionsKt__MutableCollectionsKt                          : loaded 2 times (x 73B)
Class com.google.common.cache.LocalCache$2                                            : loaded 2 times (x 144B)
Class com.google.common.collect.AbstractMultimap                                      : loaded 2 times (x 125B)
Class kotlin.jvm.internal.CallableReference                                           : loaded 2 times (x 112B)
Class com.google.common.base.Predicates$CompositionPredicate                          : loaded 2 times (x 90B)
Class com.google.common.collect.Lists$ReverseList$1                                   : loaded 2 times (x 101B)
Class com.google.common.collect.Sets$SetView                                          : loaded 2 times (x 141B)
Class org.jetbrains.kotlin.tooling.core.Extras                                        : loaded 2 times (x 72B)
Class com.google.common.cache.LocalCache$StrongValueReference                         : loaded 2 times (x 92B)
Class kotlin.text.StringsKt__StringBuilderJVMKt                                       : loaded 2 times (x 73B)
Class com.google.common.collect.ImmutableRangeSet$Builder                             : loaded 2 times (x 79B)
Class kotlin.text.Regex                                                               : loaded 2 times (x 74B)
Class kotlin.sequences.SequencesKt__SequenceBuilderKt$sequence$$inlined$Sequence$1    : loaded 2 times (x 77B)
Class kotlin.Triple                                                                   : loaded 2 times (x 74B)
Class com.google.common.collect.Sets$ImprovedAbstractSet                              : loaded 2 times (x 137B)
Class com.google.common.collect.ImmutableSortedSet                                    : loaded 2 times (x 302B)
Class kotlin.sequences.SequencesKt___SequencesKt$sortedWith$1                         : loaded 2 times (x 77B)
Class com.android.builder.model.v2.ide.BytecodeTransformation                         : loaded 2 times (x 81B)
Class org.objectweb.asm.Type                                                          : loaded 2 times (x 74B)
Class org.gradle.tooling.model.internal.ImmutableDomainObjectSet                      : loaded 2 times (x 157B)
Class org.gradle.internal.classloader.VisitableURLClassLoader$InstrumentingVisitableURLClassLoader: loaded 2 times (x 124B)
Class com.google.common.reflect.TypeToken$SimpleTypeToken                             : loaded 2 times (x 75B)
Class [Lcom.google.common.cache.LocalCache$EntryFactory;                              : loaded 2 times (x 71B)
Class com.google.common.collect.Lists$ReverseList                                     : loaded 2 times (x 202B)
Class ijInit1_9aa7f3xq0wsly6bohuurrsa7m$_run_closure1                                 : loaded 2 times (x 141B)
Class com.android.builder.model.v2.CustomSourceDirectory                              : loaded 2 times (x 72B)
Class com.google.common.primitives.Ints                                               : loaded 2 times (x 73B)
Class com.android.builder.model.v2.ide.AndroidGradlePluginProjectFlags                : loaded 2 times (x 72B)
Class [Lcom.android.builder.model.v2.ide.AndroidGradlePluginProjectFlags$BooleanFlag; : loaded 2 times (x 71B)
Class com.android.builder.model.v2.ide.BasicVariant                                   : loaded 2 times (x 72B)
Class com.google.common.math.IntMath$1                                                : loaded 2 times (x 73B)
Class org.objectweb.asm.ByteVector                                                    : loaded 2 times (x 81B)
Class [Lcom.google.common.cache.CacheBuilder$NullListener;                            : loaded 2 times (x 71B)
Class kotlin.comparisons.ComparisonsKt__ComparisonsKt                                 : loaded 2 times (x 73B)
Class kotlin.ranges.RangesKt__RangesKt                                                : loaded 2 times (x 73B)
Class kotlin.collections.SetsKt___SetsKt                                              : loaded 2 times (x 73B)
Class kotlin.sequences.SequencesKt__SequencesKt                                       : loaded 2 times (x 73B)
Class kotlin.coroutines.Continuation                                                  : loaded 2 times (x 72B)
Class org.gradle.internal.classloader.VisitableURLClassLoader$Spec                    : loaded 2 times (x 76B)
Class org.gradle.internal.classpath.DefaultClassPath                                  : loaded 2 times (x 92B)
Class com.android.ide.common.repository.AgpVersion                                    : loaded 2 times (x 77B)
Class org.gradle.tooling.model.UnsupportedMethodException                             : loaded 2 times (x 84B)
Class org.gradle.tooling.internal.adapter.ProtocolToModelAdapter$SupportedPropertyInvoker: loaded 2 times (x 78B)
Class com.google.common.collect.NullsFirstOrdering                                    : loaded 2 times (x 117B)
Class kotlin.jvm.internal.KotlinGenericDeclaration                                    : loaded 2 times (x 72B)
Class kotlin.Pair                                                                     : loaded 2 times (x 74B)
Class kotlin.ResultKt                                                                 : loaded 2 times (x 73B)
Class com.google.common.reflect.Types$ClassOwnership                                  : loaded 2 times (x 82B)
Class com.android.builder.model.v2.ide.BundleInfo                                     : loaded 2 times (x 72B)
Class com.android.builder.model.v2.ide.SourceProvider                                 : loaded 2 times (x 72B)
Class org.objectweb.asm.Symbol                                                        : loaded 2 times (x 75B)
Class kotlin.sequences.FilteringSequence                                              : loaded 2 times (x 77B)
Class kotlin.text.CharsKt__CharJVMKt                                                  : loaded 2 times (x 73B)
Class kotlin.comparisons.ComparisonsKt                                                : loaded 2 times (x 73B)
Class kotlin.comparisons.ComparisonsKt___ComparisonsKt                                : loaded 2 times (x 73B)
Class kotlin.coroutines.jvm.internal.BaseContinuationImpl                             : loaded 2 times (x 89B)
Class kotlin.Result$Companion                                                         : loaded 2 times (x 73B)
Class org.gradle.util.internal.DefaultGradleVersion                                   : loaded 2 times (x 84B)
Class kotlin.sequences.TransformingSequence$iterator$1                                : loaded 2 times (x 81B)
Class com.google.common.collect.AbstractMapEntry                                      : loaded 2 times (x 83B)
Class org.gradle.tooling.internal.adapter.ProtocolToModelAdapter$PropertyCachingMethodInvoker: loaded 2 times (x 78B)
Class com.google.common.cache.LocalCache$1                                            : loaded 2 times (x 91B)
Class com.google.common.collect.FluentIterable$3                                      : loaded 2 times (x 83B)
Class ijInit1_9aa7f3xq0wsly6bohuurrsa7m                                               : loaded 2 times (x 173B)
Class com.google.common.collect.Sets$FilteredSet                                      : loaded 2 times (x 139B)
Class com.google.common.io.Closer                                                     : loaded 2 times (x 80B)
Class com.google.common.collect.IndexedImmutableSet                                   : loaded 2 times (x 154B)
Class com.google.common.collect.RegularImmutableMap$Values                            : loaded 2 times (x 209B)
Class org.objectweb.asm.FieldVisitor                                                  : loaded 2 times (x 79B)
Class org.gradle.internal.classloader.ClassLoaderSpec                                 : loaded 2 times (x 73B)
Class com.google.common.collect.SingletonImmutableBiMap                               : loaded 2 times (x 145B)
Class com.google.common.base.Ascii                                                    : loaded 2 times (x 73B)
Class org.gradle.internal.service.ServiceLookupException                              : loaded 2 times (x 84B)
Class org.gradle.internal.time.MonotonicClock                                         : loaded 2 times (x 79B)
Class kotlin.jvm.internal.markers.KMutableList                                        : loaded 2 times (x 72B)
Class kotlin.text.MatchNamedGroupCollection                                           : loaded 2 times (x 72B)
Class com.google.common.collect.UsingToStringOrdering                                 : loaded 2 times (x 116B)
Class org.objectweb.asm.AnnotationWriter                                              : loaded 2 times (x 80B)
Class com.google.common.cache.CacheStats                                              : loaded 2 times (x 73B)
Class kotlin.jvm.internal.FunctionReferenceImpl                                       : loaded 2 times (x 128B)
Class kotlin.collections.CollectionsKt___CollectionsJvmKt                             : loaded 2 times (x 73B)
Class kotlin.io.FilesKt__FileReadWriteKt                                              : loaded 2 times (x 73B)
Class org.gradle.internal.service.ServiceLocator                                      : loaded 2 times (x 72B)
Class kotlin.text.StringsKt__StringNumberConversionsKt                                : loaded 2 times (x 73B)
Class kotlin.Result                                                                   : loaded 2 times (x 74B)
Class [Lorg.objectweb.asm.Type;                                                       : loaded 2 times (x 71B)
Class [Lkotlin.Pair;                                                                  : loaded 2 times (x 71B)
Class Settings_gradle$1$1                                                             : loaded 2 times (x 76B)
Class com.google.common.io.Closer$Suppressor                                          : loaded 2 times (x 72B)
Class com.google.common.collect.ImmutableMultisetGwtSerializationDependencies         : loaded 2 times (x 127B)
Class org.objectweb.asm.RecordComponentWriter                                         : loaded 2 times (x 79B)
Class [Lcom.android.builder.model.v2.ide.ProjectType;                                 : loaded 2 times (x 71B)
Class com.google.common.util.concurrent.AbstractFuture$Listener                       : loaded 2 times (x 74B)
Class com.google.common.collect.FluentIterable$1                                      : loaded 2 times (x 83B)
Class kotlin.TuplesKt                                                                 : loaded 2 times (x 73B)
Class kotlin.jvm.internal.markers.KMutableIterable                                    : loaded 2 times (x 72B)
Class kotlin.Unit                                                                     : loaded 2 times (x 73B)
Class kotlin.sequences.SequencesKt___SequencesJvmKt                                   : loaded 2 times (x 73B)
Class org.gradle.tooling.internal.adapter.ProtocolToModelAdapter$DefaultViewBuilder   : loaded 2 times (x 82B)
Class org.gradle.api.internal.classpath.Module$ModuleAlias                            : loaded 2 times (x 72B)
Class com.google.common.collect.Maps$EntryTransformer                                 : loaded 2 times (x 72B)
Class com.google.common.reflect.TypeResolver$TypeTable$1                              : loaded 2 times (x 75B)
Class com.google.common.collect.Platform                                              : loaded 2 times (x 73B)
Class com.android.builder.model.v2.ide.TestInfo$Execution                             : loaded 2 times (x 81B)
Class kotlin.collections.CollectionsKt__IteratorsJVMKt                                : loaded 2 times (x 73B)
Class kotlin.comparisons.ComparisonsKt___ComparisonsJvmKt                             : loaded 2 times (x 73B)
Class com.android.builder.model.v2.models.ProjectSyncIssues                           : loaded 2 times (x 72B)
Class com.google.common.collect.ObjectArrays                                          : loaded 2 times (x 73B)
Class [Lcom.android.builder.model.v2.ide.AaptOptions$Namespacing;                     : loaded 2 times (x 71B)
Class org.objectweb.asm.Attribute                                                     : loaded 2 times (x 79B)
Class com.android.ide.common.gradle.Version$Companion$ParseState                      : loaded 2 times (x 72B)
Class com.google.common.base.Supplier                                                 : loaded 2 times (x 72B)
Class kotlin.ranges.RangesKt                                                          : loaded 2 times (x 73B)
Class org.gradle.tooling.internal.adapter.ProtocolToModelAdapter$ViewGraphDetails$1   : loaded 2 times (x 79B)
Class org.gradle.internal.classloader.VisitableURLClassLoader                         : loaded 2 times (x 118B)
Class com.google.common.math.MathPreconditions                                        : loaded 2 times (x 73B)
Class com.google.common.collect.Multiset                                              : loaded 2 times (x 72B)
Class com.google.common.base.MoreObjects                                              : loaded 2 times (x 73B)
Class com.google.common.reflect.Types$TypeVariableInvocationHandler                   : loaded 2 times (x 77B)
Class com.google.common.collect.BaseImmutableMultimap                                 : loaded 2 times (x 125B)
Class com.google.common.collect.EmptyImmutableListMultimap                            : loaded 2 times (x 178B)
Class com.google.common.collect.ArrayListMultimapGwtSerializationDependencies         : loaded 2 times (x 173B)
Class Settings_gradle                                                                 : loaded 2 times (x 126B)
Class com.google.common.collect.ImmutableList$SerializedForm                          : loaded 2 times (x 75B)
Class com.android.ide.common.repository.AgpVersion$Companion                          : loaded 2 times (x 73B)
Class kotlin.sequences.FlatteningSequence$iterator$1                                  : loaded 2 times (x 81B)
Class kotlin.jvm.functions.Function0                                                  : loaded 2 times (x 72B)
Class kotlin.collections.ArraysUtilJVM                                                : loaded 2 times (x 73B)
Class com.google.common.collect.ImmutableMapEntry                                     : loaded 2 times (x 87B)
Class [Lorg.gradle.api.JavaVersion;                                                   : loaded 2 times (x 71B)
Class org.gradle.tooling.model.eclipse.EclipseProject                                 : loaded 2 times (x 72B)
Class org.gradle.tooling.model.idea.IdeaDependency                                    : loaded 2 times (x 72B)
Class com.google.common.reflect.TypeResolver$TypeVariableKey                          : loaded 2 times (x 74B)
Class kotlin.collections.ArraysKt__ArraysKt                                           : loaded 2 times (x 73B)
Class org.gradle.tooling.model.GradleProject                                          : loaded 2 times (x 72B)
Class kotlin.coroutines.jvm.internal.RestrictedContinuationImpl                       : loaded 2 times (x 89B)
Class org.gradle.util.internal.DefaultGradleVersion$Stage                             : loaded 2 times (x 77B)
Class com.android.builder.model.v2.ide.AaptOptions                                    : loaded 2 times (x 72B)
Class [Lcom.android.builder.model.v2.ide.BytecodeTransformation;                      : loaded 2 times (x 71B)
Class com.google.common.base.Strings                                                  : loaded 2 times (x 73B)
Class com.google.common.collect.Sets                                                  : loaded 2 times (x 73B)
Class org.objectweb.asm.Handler                                                       : loaded 2 times (x 74B)
Class com.android.ide.common.gradle.Version$Companion                                 : loaded 2 times (x 73B)
Class org.gradle.internal.classloader.ClasspathUtil                                   : loaded 2 times (x 73B)
Class com.google.common.base.Ticker                                                   : loaded 2 times (x 74B)
Class kotlin.collections.AbstractMutableList                                          : loaded 2 times (x 208B)
Class kotlin.jvm.functions.Function1                                                  : loaded 2 times (x 72B)
Class com.google.common.cache.CacheLoader$SupplierToCacheLoader                       : loaded 2 times (x 77B)
Class org.objectweb.asm.RecordComponentVisitor                                        : loaded 2 times (x 79B)
Class kotlin.enums.EnumEntriesList                                                    : loaded 2 times (x 225B)
Class kotlin.jvm.internal.FunctionBase                                                : loaded 2 times (x 72B)
Class com.google.common.collect.ImmutableMultiset                                     : loaded 2 times (x 165B)
Class [Lkotlin.coroutines.intrinsics.CoroutineSingletons;                             : loaded 2 times (x 71B)
Class kotlin.jvm.internal.FunctionReference                                           : loaded 2 times (x 128B)
Class com.google.common.collect.ImmutableRangeSet$AsSet                               : loaded 2 times (x 302B)
Class sync_studio_tooling177_avgspv10xguahs2ryld0da56h$_run_closure1                  : loaded 2 times (x 140B)
Class com.android.builder.model.v2.models.ndk.NativeModelBuilderParameter             : loaded 2 times (x 72B)
Class [Lcom.google.common.cache.LocalCache$Segment;                                   : loaded 2 times (x 71B)
Class org.gradle.tooling.model.ProjectIdentifier                                      : loaded 2 times (x 72B)
Class [Lcom.google.common.cache.LocalCache$Strength;                                  : loaded 2 times (x 71B)
Class com.google.common.cache.CacheBuilder$1                                          : loaded 2 times (x 87B)
Class com.google.common.collect.ImmutableMap                                          : loaded 2 times (x 122B)
Class kotlin.KotlinNothingValueException                                              : loaded 2 times (x 84B)
Class kotlin.jvm.functions.Function2                                                  : loaded 2 times (x 72B)
Class org.gradle.internal.classpath.DefaultClassPath$ImmutableUniqueList$Builder      : loaded 2 times (x 77B)
Class org.gradle.tooling.model.idea.IdeaCompilerOutput                                : loaded 2 times (x 72B)
Class com.google.common.cache.CacheLoader$FunctionToCacheLoader                       : loaded 2 times (x 77B)
Class com.google.common.collect.ImmutableListMultimap                                 : loaded 2 times (x 178B)
Class com.google.common.reflect.TypeResolver$TypeTable                                : loaded 2 times (x 75B)
Class com.google.common.reflect.Types$ParameterizedTypeImpl                           : loaded 2 times (x 83B)
Class com.google.common.collect.Maps$IteratorBasedAbstractMap$1                       : loaded 2 times (x 140B)
Class kotlin.Result$Failure                                                           : loaded 2 times (x 74B)
Class org.gradle.internal.time.DefaultCountdownTimer                                  : loaded 2 times (x 90B)
Class kotlin.text.MatchResult$DefaultImpls                                            : loaded 2 times (x 73B)
Class com.google.common.cache.LocalCache                                              : loaded 2 times (x 188B)
Class com.google.common.cache.CacheBuilder$2                                          : loaded 2 times (x 81B)
Class com.google.common.collect.AbstractRangeSet                                      : loaded 2 times (x 116B)
Class kotlin.collections.MapsKt___MapsJvmKt                                           : loaded 2 times (x 73B)
Class org.gradle.tooling.internal.adapter.WeakIdentityHashMap$AbsentValueProvider     : loaded 2 times (x 72B)
Class com.google.common.collect.ImmutableMapEntrySet                                  : loaded 2 times (x 154B)
Class kotlin.collections.SetsKt__SetsJVMKt                                            : loaded 2 times (x 73B)
Class org.gradle.internal.classloader.InstrumentingClassLoader                        : loaded 2 times (x 72B)
Class kotlin.Function                                                                 : loaded 2 times (x 72B)
Class org.gradle.tooling.internal.adapter.ProtocolToModelAdapter$AdaptingMethodInvoker: loaded 2 times (x 78B)
Class org.gradle.tooling.internal.gradle.DefaultBuildIdentifier                       : loaded 2 times (x 81B)
Class org.gradle.internal.classpath.TransformedClassPath                              : loaded 2 times (x 98B)
Class kotlin.text.Regex$Companion                                                     : loaded 2 times (x 73B)
Class com.google.common.cache.CacheBuilder$NullListener                               : loaded 2 times (x 84B)
Class org.objectweb.asm.FieldWriter                                                   : loaded 2 times (x 79B)
Class com.google.common.collect.ArrayListMultimap                                     : loaded 2 times (x 173B)
Class com.google.common.cache.CacheBuilder$3                                          : loaded 2 times (x 74B)
Class [Lcom.google.common.collect.AbstractMapEntry;                                   : loaded 2 times (x 71B)
Class com.google.common.collect.ImmutableEntry                                        : loaded 2 times (x 84B)
Class kotlin.jvm.functions.Function4                                                  : loaded 2 times (x 72B)
Class kotlin.collections.EmptySet                                                     : loaded 2 times (x 124B)
Class kotlin.annotation.Target                                                        : loaded 2 times (x 72B)
Class kotlin.collections.CollectionsKt___CollectionsKt                                : loaded 2 times (x 73B)
Class com.google.common.reflect.Types$ClassOwnership$1LocalClass                      : loaded 2 times (x 73B)
Class org.gradle.internal.exceptions.NonGradleCauseExceptionsHolder                   : loaded 2 times (x 72B)
Class org.gradle.tooling.model.idea.IdeaModuleDependency                              : loaded 2 times (x 72B)
Class org.gradle.tooling.internal.adapter.ViewBuilder                                 : loaded 2 times (x 72B)
Class com.google.common.reflect.Invokable                                             : loaded 2 times (x 105B)
Class org.gradle.api.internal.classpath.Module                                        : loaded 2 times (x 72B)
Class kotlin.text.StringsKt                                                           : loaded 2 times (x 73B)
Class com.google.common.base.FunctionalEquivalence                                    : loaded 2 times (x 85B)
Class com.google.common.util.concurrent.AbstractFuture                                : loaded 2 times (x 108B)
Class com.google.common.collect.Maps$EntryFunction                                    : loaded 2 times (x 93B)
Class com.google.common.collect.AbstractMapBasedMultimap                              : loaded 2 times (x 140B)
Class [Lcom.android.builder.model.v2.ide.CodeShrinker;                                : loaded 2 times (x 71B)
Class kotlin.collections.CollectionsKt__CollectionsKt                                 : loaded 2 times (x 73B)
Class kotlin.collections.ArraysKt___ArraysJvmKt                                       : loaded 2 times (x 73B)
Class com.google.common.collect.AllEqualOrdering                                      : loaded 2 times (x 116B)
Class com.google.common.cache.Weigher                                                 : loaded 2 times (x 72B)
Class com.google.common.base.Suppliers$MemoizingSupplier                              : loaded 2 times (x 81B)
Class com.android.builder.model.v2.ide.AndroidLibraryData                             : loaded 2 times (x 72B)
Class com.android.builder.model.v2.ide.ApiVersion                                     : loaded 2 times (x 72B)
Class com.android.ide.common.gradle.Version                                           : loaded 2 times (x 77B)
Class com.google.common.collect.CollectPreconditions                                  : loaded 2 times (x 73B)
Class kotlin.text.StringsKt___StringsJvmKt                                            : loaded 2 times (x 73B)
Class kotlin.reflect.KDeclarationContainer                                            : loaded 2 times (x 72B)
Class kotlin.annotation.Retention                                                     : loaded 2 times (x 72B)
Class org.gradle.tooling.model.eclipse.HierarchicalEclipseProject                     : loaded 2 times (x 72B)
Class kotlin.text.StringsKt__RegexExtensionsJVMKt                                     : loaded 2 times (x 73B)
Class com.google.common.collect.MapDifference                                         : loaded 2 times (x 72B)
Class kotlin.io.FileAlreadyExistsException                                            : loaded 2 times (x 84B)
Class kotlin.internal.ProgressionUtilKt                                               : loaded 2 times (x 73B)
Class com.google.common.cache.LocalCache$Strength$3                                   : loaded 2 times (x 83B)
Class org.gradle.api.internal.classpath.UnknownModuleException                        : loaded 2 times (x 84B)
Class com.android.builder.model.v2.ide.AbstractArtifact                               : loaded 2 times (x 72B)
Class com.android.builder.model.v2.ide.AndroidGradlePluginProjectFlags$BooleanFlag    : loaded 2 times (x 81B)
Class com.google.common.collect.Maps$AbstractFilteredMap                              : loaded 2 times (x 129B)
Class com.android.builder.model.v2.models.Versions$Version                            : loaded 2 times (x 72B)
Class com.google.common.collect.SortedMapDifference                                   : loaded 2 times (x 72B)
Class kotlin.io.FilesKt                                                               : loaded 2 times (x 73B)
Class kotlin.collections.MapsKt___MapsKt                                              : loaded 2 times (x 73B)
Class kotlin.collections.ArraysKt___ArraysKt                                          : loaded 2 times (x 73B)
Class kotlin.collections.CollectionsKt__IteratorsKt                                   : loaded 2 times (x 73B)
Class com.google.common.collect.TransformedIterator                                   : loaded 2 times (x 82B)
Class kotlin.sequences.SequencesKt                                                    : loaded 2 times (x 73B)
Class com.google.common.collect.AbstractMapBasedMultimap$KeySet$1                     : loaded 2 times (x 84B)
Class com.google.common.base.Converter                                                : loaded 2 times (x 92B)
Class org.gradle.tooling.model.Dependency                                             : loaded 2 times (x 72B)
Class com.google.common.cache.ReferenceEntry                                          : loaded 2 times (x 72B)
Class org.gradle.api.JavaVersion                                                      : loaded 2 times (x 81B)
Class com.google.common.cache.LocalCache$WriteThroughEntry                            : loaded 2 times (x 81B)
Class com.google.common.cache.LocalCache$HashIterator                                 : loaded 2 times (x 88B)
Class com.google.common.cache.LocalCache$EntryFactory                                 : loaded 2 times (x 85B)
Class kotlin.collections.MapsKt__MapWithDefaultKt                                     : loaded 2 times (x 73B)
Class org.gradle.tooling.internal.adapter.ProtocolToModelAdapter$ReflectionMethodInvoker: loaded 2 times (x 78B)
Class com.google.common.util.concurrent.ListenableFuture                              : loaded 2 times (x 72B)
Class com.google.common.cache.LocalCache$Strength$2                                   : loaded 2 times (x 83B)
Class com.google.common.util.concurrent.SettableFuture                                : loaded 2 times (x 116B)
Class com.google.common.reflect.Types$ClassOwnership$3                                : loaded 2 times (x 73B)
Class com.google.common.base.Stopwatch                                                : loaded 2 times (x 74B)
Class com.google.common.collect.Collections2$FilteredCollection                       : loaded 2 times (x 121B)
Class com.google.common.cache.LocalCache$Strength                                     : loaded 2 times (x 83B)
Class com.google.common.cache.Cache                                                   : loaded 2 times (x 72B)
Class com.google.common.base.NullnessCasts                                            : loaded 2 times (x 73B)
Class com.google.common.util.concurrent.AbstractFuture$Cancellation                   : loaded 2 times (x 74B)
Class com.google.common.collect.Iterables$5                                           : loaded 2 times (x 83B)
Class com.google.common.reflect.Types$NativeTypeVariableEquals                        : loaded 2 times (x 73B)
Class com.google.common.reflect.TypeParameter                                         : loaded 2 times (x 74B)
Class [Lcom.android.ide.common.gradle.Separator;                                      : loaded 2 times (x 71B)
Class org.jetbrains.kotlin.tooling.core.HasMutableExtras                              : loaded 2 times (x 72B)
Class com.google.common.cache.LocalCache$AbstractReferenceEntry                       : loaded 2 times (x 109B)
Class kotlin.text.StringsKt___StringsKt                                               : loaded 2 times (x 73B)
Class com.google.common.collect.NullsLastOrdering                                     : loaded 2 times (x 117B)
Class kotlin.collections.CollectionsKt__MutableCollectionsJVMKt                       : loaded 2 times (x 73B)
Class kotlin.ranges.IntRange                                                          : loaded 2 times (x 95B)
Class kotlin.enums.EnumEntriesKt                                                      : loaded 2 times (x 73B)
Class com.google.common.collect.ImmutableMap$Builder                                  : loaded 2 times (x 84B)
Class com.google.common.cache.LocalCache$Strength$1                                   : loaded 2 times (x 83B)
Class org.objectweb.asm.ModuleVisitor                                                 : loaded 2 times (x 83B)
Class com.google.common.collect.Sets$4                                                : loaded 2 times (x 143B)
Class com.google.common.reflect.TypeResolver                                          : loaded 2 times (x 74B)
Class com.google.common.reflect.Types$ClassOwnership$2                                : loaded 2 times (x 82B)
Class com.google.common.collect.Maps$EntryFunction$1                                  : loaded 2 times (x 93B)
Class com.google.common.base.Present                                                  : loaded 2 times (x 83B)
Class org.gradle.api.internal.classpath.DefaultModuleRegistry                         : loaded 2 times (x 86B)
Class com.android.builder.model.v2.models.VariantDependencies                         : loaded 2 times (x 72B)
Class org.objectweb.asm.SymbolTable                                                   : loaded 2 times (x 74B)
Class org.gradle.tooling.model.idea.IdeaDependencyScope                               : loaded 2 times (x 72B)
Class com.google.common.cache.CacheLoader$InvalidCacheLoadException                   : loaded 2 times (x 84B)
Class com.google.common.collect.ImmutableRangeSet$ComplementRanges                    : loaded 2 times (x 209B)
Class org.gradle.tooling.model.idea.BasicIdeaProject                                  : loaded 2 times (x 72B)
Class kotlin.collections.CollectionsKt__CollectionsJVMKt                              : loaded 2 times (x 73B)
Class org.gradle.internal.service.UnknownServiceException                             : loaded 2 times (x 85B)
Class com.google.common.collect.Lists$TransformingRandomAccessList                    : loaded 2 times (x 201B)
Class com.google.common.collect.FluentIterable                                        : loaded 2 times (x 83B)
Class com.android.builder.model.v2.ide.TestedTargetVariant                            : loaded 2 times (x 72B)
Class com.google.common.cache.LocalCache$StrongEntry                                  : loaded 2 times (x 110B)
Class com.google.common.util.concurrent.AbstractFuture$TrustedFuture                  : loaded 2 times (x 116B)
Class com.google.common.cache.LoadingCache                                            : loaded 2 times (x 72B)
Class kotlin.ranges.IntRange$Companion                                                : loaded 2 times (x 73B)
Class kotlin.text.MatcherMatchResult$groups$1                                         : loaded 2 times (x 153B)
Class kotlin.collections.EmptyMap                                                     : loaded 2 times (x 110B)
Class kotlin.reflect.KAnnotatedElement                                                : loaded 2 times (x 72B)
Class kotlin.jvm.internal.markers.KMutableCollection                                  : loaded 2 times (x 72B)
Class kotlin.coroutines.intrinsics.IntrinsicsKt                                       : loaded 2 times (x 73B)
Class org.gradle.internal.exceptions.MultiCauseException                              : loaded 2 times (x 72B)
Class org.gradle.internal.time.CountdownTimer                                         : loaded 2 times (x 72B)
Class kotlin.jvm.internal.Intrinsics                                                  : loaded 2 times (x 73B)
Class kotlin.io.FilesKt__UtilsKt                                                      : loaded 2 times (x 73B)
Class kotlin.collections.CollectionsKt___CollectionsKt$asSequence$$inlined$Sequence$1 : loaded 2 times (x 77B)
Class com.google.common.cache.LocalCache$LocalLoadingCache                            : loaded 2 times (x 136B)
Class com.google.common.collect.Sets$3                                                : loaded 2 times (x 143B)
Class org.gradle.internal.time.TimeSource                                             : loaded 2 times (x 72B)
Class com.android.builder.model.v2.models.ModelBuilderParameter                       : loaded 2 times (x 72B)
Class [Lorg.objectweb.asm.AnnotationVisitor;                                          : loaded 2 times (x 71B)
Class com.google.common.reflect.Types$ClassOwnership$1                                : loaded 2 times (x 82B)
Class com.google.common.cache.RemovalListener                                         : loaded 2 times (x 72B)
Class org.gradle.tooling.internal.gradle.GradleProjectIdentity                        : loaded 2 times (x 72B)
Class com.google.common.base.Suppliers$NonSerializableMemoizingSupplier               : loaded 2 times (x 81B)
Class org.objectweb.asm.MethodWriter                                                  : loaded 2 times (x 107B)
Class [Lcom.google.common.cache.Weigher;                                              : loaded 2 times (x 71B)
Class com.google.common.collect.RegularImmutableMap$BucketOverflowException           : loaded 2 times (x 84B)
Class kotlin.collections.MapsKt                                                       : loaded 2 times (x 73B)
Class kotlin.coroutines.intrinsics.CoroutineSingletons                                : loaded 2 times (x 81B)
Class kotlin.collections.CollectionsKt__IterablesKt                                   : loaded 2 times (x 73B)
Class org.gradle.tooling.model.ProjectModel                                           : loaded 2 times (x 72B)
Class org.gradle.tooling.model.gradle.GradleBuild                                     : loaded 2 times (x 72B)
Class org.gradle.api.internal.DefaultClassPathRegistry                                : loaded 2 times (x 78B)
Class org.gradle.api.internal.ClassPathProvider                                       : loaded 2 times (x 72B)
Class [Lorg.gradle.api.internal.ClassPathProvider;                                    : loaded 2 times (x 71B)
Class org.gradle.tooling.ToolingModelContract                                         : loaded 2 times (x 72B)
Class com.google.common.collect.Maps$EntryFunction$2                                  : loaded 2 times (x 93B)
Class com.google.common.reflect.Invokable$ConstructorInvokable                        : loaded 2 times (x 109B)
Class com.google.common.collect.ImmutableMultimap$1                                   : loaded 2 times (x 84B)
Class com.android.ide.common.gradle.Version$Companion$ParseState$EMPTY                : loaded 2 times (x 76B)
Class kotlin.ranges.OpenEndRange                                                      : loaded 2 times (x 72B)
Class kotlin.sequences.SequenceBuilderIterator                                        : loaded 2 times (x 87B)
Class kotlin.KotlinNullPointerException                                               : loaded 2 times (x 84B)
Class kotlin.sequences.Sequence                                                       : loaded 2 times (x 72B)
Class com.google.common.collect.ImmutableMultimap$Keys                                : loaded 2 times (x 168B)
Class kotlin.sequences.SequenceScope                                                  : loaded 2 times (x 75B)
Class kotlin.coroutines.intrinsics.IntrinsicsKt__IntrinsicsKt                         : loaded 2 times (x 73B)
Class kotlin.text.MatchResult                                                         : loaded 2 times (x 72B)
Class com.google.common.collect.NaturalOrdering                                       : loaded 2 times (x 117B)
Class com.google.common.collect.AbstractIterator$State                                : loaded 2 times (x 81B)
Class com.google.common.reflect.Types$JavaVersion$1                                   : loaded 2 times (x 85B)
Class com.google.common.collect.ImmutableMultimap$2                                   : loaded 2 times (x 83B)
Class com.android.ide.common.repository.AgpVersion$Companion$WhenMappings             : loaded 2 times (x 73B)
Class com.google.common.collect.RegularImmutableBiMap                                 : loaded 2 times (x 150B)
Class org.gradle.internal.exceptions.ResolutionProvider                               : loaded 2 times (x 72B)
Class org.gradle.tooling.internal.adapter.ProtocolToModelAdapter$MixInMappingAction   : loaded 2 times (x 82B)
Class com.google.common.cache.LocalCache$ValueReference                               : loaded 2 times (x 72B)
Class kotlin.ranges.RangesKt___RangesKt                                               : loaded 2 times (x 73B)
Class org.gradle.tooling.model.idea.IdeaLanguageLevel                                 : loaded 2 times (x 72B)
Class org.gradle.tooling.internal.adapter.ProtocolToModelAdapter$SafeMethodInvoker    : loaded 2 times (x 78B)
Class org.gradle.tooling.internal.adapter.WeakIdentityHashMap$WeakKey                 : loaded 2 times (x 82B)
Class org.gradle.internal.exceptions.DefaultMultiCauseException                       : loaded 2 times (x 97B)
Class kotlin.text.RegexKt                                                             : loaded 2 times (x 73B)
Class kotlin.text.StringsKt__StringNumberConversionsJVMKt                             : loaded 2 times (x 73B)
Class com.google.common.collect.Sets$2                                                : loaded 2 times (x 143B)
Class com.android.builder.model.v2.models.BasicAndroidProject                         : loaded 2 times (x 72B)
Class [Lcom.google.common.base.Function;                                              : loaded 2 times (x 71B)
Class com.google.common.collect.Maps$ViewCachingAbstractMap                           : loaded 2 times (x 127B)
Class com.google.common.collect.ImmutableSortedAsList                                 : loaded 2 times (x 223B)
Class com.google.common.reflect.Types$JavaVersion$2                                   : loaded 2 times (x 85B)
Class com.google.common.reflect.Types                                                 : loaded 2 times (x 73B)
Class com.google.common.hash.PrimitiveSink                                            : loaded 2 times (x 72B)
Class com.android.builder.model.v2.ide.ProjectInfo                                    : loaded 2 times (x 72B)
Class com.google.common.base.PatternCompiler                                          : loaded 2 times (x 72B)
Class com.google.common.util.concurrent.AbstractFuture$Failure                        : loaded 2 times (x 74B)
Class com.google.common.base.Equivalence$Equals                                       : loaded 2 times (x 84B)
Class com.google.common.collect.Hashing                                               : loaded 2 times (x 73B)
Class kotlin.text.CharsKt__CharKt                                                     : loaded 2 times (x 73B)
Class kotlin.collections.ArrayDeque$Companion                                         : loaded 2 times (x 73B)
Class kotlin.collections.ArraysKt                                                     : loaded 2 times (x 73B)
Class org.gradle.tooling.model.HierarchicalElement                                    : loaded 2 times (x 72B)
Class com.google.common.cache.LocalCache$LocalManualCache$1                           : loaded 2 times (x 77B)
Class com.google.common.cache.CacheBuilder$OneWeigher                                 : loaded 2 times (x 84B)
Class com.android.builder.model.v2.ide.Installation                                   : loaded 2 times (x 72B)
Class com.google.common.collect.ImmutableMultimap$Values                              : loaded 2 times (x 128B)
Class com.google.common.collect.Iterators$6                                           : loaded 2 times (x 83B)
Class com.android.builder.model.v2.ide.JavaArtifact                                   : loaded 2 times (x 72B)
Class com.google.common.primitives.IntsMethodsForWeb                                  : loaded 2 times (x 73B)
Class kotlin.ranges.ClosedRange                                                       : loaded 2 times (x 72B)
Class org.gradle.api.internal.DefaultClassPathProvider                                : loaded 2 times (x 78B)
Class com.google.common.collect.ComparatorOrdering                                    : loaded 2 times (x 117B)
Class com.android.ide.common.gradle.Numeric                                           : loaded 2 times (x 79B)
Class org.objectweb.asm.AnnotationVisitor                                             : loaded 2 times (x 80B)
Class com.google.common.reflect.Types$JavaVersion$3                                   : loaded 2 times (x 85B)
Class com.android.builder.model.v2.dsl.DependenciesInfo                               : loaded 2 times (x 72B)
Class com.google.common.collect.IndexedImmutableSet$1                                 : loaded 2 times (x 215B)
Class org.objectweb.asm.Label                                                         : loaded 2 times (x 75B)
Class org.objectweb.asm.CurrentFrame                                                  : loaded 2 times (x 75B)
Class org.objectweb.asm.ClassTooLargeException                                        : loaded 2 times (x 84B)
Class com.android.builder.model.v2.ide.JavaCompileOptions                             : loaded 2 times (x 72B)
Class com.google.common.collect.ByFunctionOrdering                                    : loaded 2 times (x 117B)
Class kotlin.collections.SetsKt__SetsKt                                               : loaded 2 times (x 73B)
Class kotlin.coroutines.EmptyCoroutineContext                                         : loaded 2 times (x 79B)
Class org.gradle.internal.time.Time                                                   : loaded 2 times (x 73B)
Class org.gradle.internal.classpath.DefaultClassPath$ImmutableUniqueList              : loaded 2 times (x 201B)
Class org.gradle.api.internal.ClassPathRegistry                                       : loaded 2 times (x 72B)
Class org.gradle.tooling.internal.adapter.ObjectGraphAdapter                          : loaded 2 times (x 72B)
Class com.android.ide.common.repository.AgpVersion$PreviewKind$Companion              : loaded 2 times (x 73B)
Class com.google.common.collect.Sets$1                                                : loaded 2 times (x 143B)
Class com.google.common.collect.ImmutableSet$SerializedForm                           : loaded 2 times (x 75B)
Class com.google.common.util.concurrent.internal.InternalFutureFailureAccess          : loaded 2 times (x 74B)
Class com.google.common.collect.ImmutableSet$JdkBackedSetBuilderImpl                  : loaded 2 times (x 78B)
Class org.gradle.tooling.internal.gradle.DefaultProjectIdentifier                     : loaded 2 times (x 88B)
Class com.google.common.reflect.TypeToken                                             : loaded 2 times (x 75B)
Class com.google.common.reflect.Types$JavaVersion$4                                   : loaded 2 times (x 85B)
Class com.android.builder.model.v2.models.ProjectGraph                                : loaded 2 times (x 72B)
Class com.google.common.collect.Maps$IteratorBasedAbstractMap                         : loaded 2 times (x 127B)
Class org.gradle.tooling.model.kotlin.dsl.KotlinDslScriptsModel                       : loaded 2 times (x 72B)
Class org.objectweb.asm.Frame                                                         : loaded 2 times (x 75B)
Class org.objectweb.asm.MethodVisitor                                                 : loaded 2 times (x 107B)
Class com.android.ide.common.gradle.Version$Companion$ParseState$NUMERIC              : loaded 2 times (x 76B)
Class org.gradle.internal.time.DefaultTimer                                           : loaded 2 times (x 82B)
Class org.objectweb.asm.ClassWriter                                                   : loaded 2 times (x 107B)
Class com.google.common.cache.LocalCache$EntryFactory$1                               : loaded 2 times (x 85B)
Class [Lcom.google.common.cache.RemovalListener;                                      : loaded 2 times (x 71B)
Class com.android.ide.common.repository.AgpVersion$PreviewKind                        : loaded 2 times (x 81B)
Class kotlin.collections.ArraysKt__ArraysJVMKt                                        : loaded 2 times (x 73B)
Class kotlin.text.StringsKt__StringsJVMKt                                             : loaded 2 times (x 73B)
Class com.google.common.collect.ImmutableRangeSet                                     : loaded 2 times (x 117B)
Class kotlin.text.StringsKt__AppendableKt                                             : loaded 2 times (x 73B)
Class com.google.common.collect.ImmutableEnumMap                                      : loaded 2 times (x 128B)
Class com.google.common.collect.ListMultimap                                          : loaded 2 times (x 72B)
Class com.android.builder.model.v2.models.AndroidDsl                                  : loaded 2 times (x 72B)
Class kotlin.collections.IntIterator                                                  : loaded 2 times (x 84B)
Class com.google.common.reflect.Types$JavaVersion$5                                   : loaded 2 times (x 73B)
Class [Lcom.google.common.reflect.Types$ClassOwnership;                               : loaded 2 times (x 71B)
Class com.google.common.cache.LocalCache$EntryFactory$2                               : loaded 2 times (x 85B)
Class kotlin.text.StringsKt__StringBuilderKt                                          : loaded 2 times (x 73B)
Class com.google.common.collect.RangeSet                                              : loaded 2 times (x 72B)
Class kotlin.jvm.internal.CallableReference$NoReceiver                                : loaded 2 times (x 73B)
Class com.google.common.collect.NullnessCasts                                         : loaded 2 times (x 73B)
Class org.gradle.internal.installation.GradleInstallation$1                           : loaded 2 times (x 77B)
Class kotlin.sequences.SequencesKt___SequencesKt$flatMap$2                            : loaded 2 times (x 131B)
Class com.google.common.collect.Ordering                                              : loaded 2 times (x 116B)
Class [Lcom.android.ide.common.repository.AgpVersion$PreviewKind;                     : loaded 2 times (x 71B)
Class [Lcom.google.common.collect.ImmutableMapEntry;                                  : loaded 2 times (x 71B)
Class org.gradle.api.internal.classpath.ModuleRegistry                                : loaded 2 times (x 72B)
Class com.google.common.collect.SortedIterable                                        : loaded 2 times (x 72B)
Class com.google.common.collect.ImmutableBiMap                                        : loaded 2 times (x 145B)
Class kotlin.collections.AbstractList$Companion                                       : loaded 2 times (x 73B)
Class org.objectweb.asm.ModuleWriter                                                  : loaded 2 times (x 83B)
Class com.google.common.cache.LocalCache$EntryFactory$3                               : loaded 2 times (x 85B)
Class com.google.common.base.Ticker$1                                                 : loaded 2 times (x 74B)
Class com.google.common.collect.Maps$BiMapConverter                                   : loaded 2 times (x 92B)
Class com.google.common.collect.ImmutableMapEntrySet$RegularEntrySet                  : loaded 2 times (x 154B)
Class org.gradle.tooling.model.BuildIdentifier                                        : loaded 2 times (x 72B)
Class kotlin.NoWhenBranchMatchedException                                             : loaded 2 times (x 84B)
Class com.google.common.cache.CacheLoader                                             : loaded 2 times (x 76B)
Class kotlin.sequences.SequencesKt___SequencesKt                                      : loaded 2 times (x 73B)
Class kotlin.text.MatcherMatchResult$groupValues$1                                    : loaded 2 times (x 200B)
Class com.google.common.collect.ReverseNaturalOrdering                                : loaded 2 times (x 116B)
Class [Lorg.objectweb.asm.SymbolTable$Entry;                                          : loaded 2 times (x 71B)
Class [Lcom.google.common.collect.AbstractIterator$State;                             : loaded 2 times (x 71B)
Class com.google.common.collect.AbstractListMultimap                                  : loaded 2 times (x 173B)
Class com.android.builder.model.v2.models.ndk.NativeModule                            : loaded 2 times (x 72B)
Class com.android.builder.model.v2.ide.VectorDrawablesOptions                         : loaded 2 times (x 72B)
Class com.google.common.collect.ImmutableSet$Builder                                  : loaded 2 times (x 87B)
Class com.android.ide.common.gradle.Separator                                         : loaded 2 times (x 81B)
Class com.google.common.cache.LocalCache$EntryFactory$4                               : loaded 2 times (x 85B)
Class org.gradle.tooling.model.BuildableElement                                       : loaded 2 times (x 72B)
Class org.gradle.tooling.model.HasGradleProject                                       : loaded 2 times (x 72B)
Class org.gradle.internal.classloader.DefaultClassLoaderFactory                       : loaded 2 times (x 84B)
Class com.google.common.base.Suppliers                                                : loaded 2 times (x 73B)
Class [Lcom.google.common.cache.CacheBuilder$OneWeigher;                              : loaded 2 times (x 71B)
Class org.objectweb.asm.MethodTooLargeException                                       : loaded 2 times (x 84B)
Class sync_studio_tooling177_avgspv10xguahs2ryld0da56h                                : loaded 2 times (x 173B)
Class com.google.common.base.Platform$JdkPatternCompiler                              : loaded 2 times (x 77B)
Class kotlin.collections.EmptyList                                                    : loaded 2 times (x 176B)
Class Settings_gradle$1                                                               : loaded 2 times (x 76B)
Class com.android.builder.model.v2.ide.Edge                                           : loaded 2 times (x 72B)
Class com.android.builder.model.v2.models.VariantDependenciesFlatList                 : loaded 2 times (x 72B)
Class com.google.common.cache.LocalCache$EntryFactory$5                               : loaded 2 times (x 85B)
Class com.google.common.collect.ReverseOrdering                                       : loaded 2 times (x 117B)
Class org.gradle.tooling.model.build.JavaEnvironment                                  : loaded 2 times (x 72B)
Class com.android.builder.model.v2.dsl.SigningConfig                                  : loaded 2 times (x 72B)
Class com.android.builder.model.v2.models.AndroidProject                              : loaded 2 times (x 72B)
Class org.gradle.tooling.internal.adapter.ProtocolToModelAdapter$MethodInvocationCache: loaded 2 times (x 75B)
Class org.gradle.internal.operations.MultipleBuildOperationFailures                   : loaded 2 times (x 97B)
Class org.gradle.tooling.internal.adapter.MethodInvocation                            : loaded 2 times (x 87B)
Class kotlin.collections.MapsKt__MapsJVMKt                                            : loaded 2 times (x 73B)
Class com.android.builder.model.v2.ide.SourceSetContainer                             : loaded 2 times (x 72B)
Class com.google.common.cache.LocalCache$EntryFactory$6                               : loaded 2 times (x 85B)
Class org.gradle.internal.time.Timer                                                  : loaded 2 times (x 72B)
Class kotlin.jvm.internal.markers.KMappedMarker                                       : loaded 2 times (x 72B)
Class org.gradle.internal.installation.CurrentGradleInstallationLocator               : loaded 2 times (x 73B)
Class com.google.common.cache.LocalCache$Segment                                      : loaded 2 times (x 155B)
Class kotlin.sequences.TransformingSequence                                           : loaded 2 times (x 77B)
Class org.objectweb.asm.ClassVisitor                                                  : loaded 2 times (x 90B)
Class [Lorg.objectweb.asm.Symbol;                                                     : loaded 2 times (x 71B)
Class com.google.common.collect.ImmutableMultimap$Builder                             : loaded 2 times (x 88B)
Class com.android.builder.model.v2.ide.LintOptions                                    : loaded 2 times (x 72B)
Class com.google.common.collect.Maps$KeySet                                           : loaded 2 times (x 139B)
Class com.google.common.collect.ImmutableSet$EmptySetBuilderImpl                      : loaded 2 times (x 78B)
Class com.google.common.cache.LocalCache$EntryFactory$7                               : loaded 2 times (x 85B)
Class kotlin.coroutines.jvm.internal.SpillingKt                                       : loaded 2 times (x 73B)
Class org.gradle.tooling.internal.adapter.ProtocolToModelAdapter$ViewGraphDetails     : loaded 2 times (x 74B)
Class org.gradle.tooling.model.idea.IdeaProject                                       : loaded 2 times (x 72B)
Class org.gradle.tooling.model.DomainObjectSet                                        : loaded 2 times (x 72B)
Class org.gradle.internal.service.DefaultServiceLocator                               : loaded 2 times (x 85B)
Class com.android.builder.model.v2.models.Versions                                    : loaded 2 times (x 72B)
Class com.android.builder.model.v2.ide.ArtifactDependenciesAdjacencyList              : loaded 2 times (x 72B)
Class com.android.utils.FileUtils                                                     : loaded 2 times (x 73B)
Class com.android.builder.model.v2.ide.AaptOptions$Namespacing                        : loaded 2 times (x 81B)
Class com.google.common.reflect.TypeCapture                                           : loaded 2 times (x 73B)
Class com.android.builder.model.v2.ide.Library                                        : loaded 2 times (x 72B)
Class com.google.common.reflect.TypeToken$2                                           : loaded 2 times (x 112B)
Class org.gradle.tooling.internal.adapter.TargetTypeProvider                          : loaded 2 times (x 72B)
Class kotlin.ranges.IntProgression$Companion                                          : loaded 2 times (x 73B)
Class com.google.common.collect.ImmutableMap$MapViewOfValuesAsSingletonSets           : loaded 2 times (x 128B)
Class com.android.builder.model.v2.AndroidModel                                       : loaded 2 times (x 72B)
Class com.google.common.cache.CacheLoader$UnsupportedLoadingOperationException        : loaded 2 times (x 84B)
Class com.google.common.collect.Maps$EntrySet                                         : loaded 2 times (x 138B)
Class com.google.common.collect.ImmutableMultimap$EntryCollection                     : loaded 2 times (x 130B)
Class com.android.builder.model.v2.ide.BasicArtifact                                  : loaded 2 times (x 72B)
Class kotlin.enums.EnumEntries                                                        : loaded 2 times (x 72B)
Class com.google.common.cache.LocalCache$EntryFactory$8                               : loaded 2 times (x 85B)
Class kotlin.coroutines.jvm.internal.SuspendFunction                                  : loaded 2 times (x 72B)
Class org.gradle.util.GradleVersion                                                   : loaded 2 times (x 83B)
Class org.gradle.internal.installation.CurrentGradleInstallation                      : loaded 2 times (x 75B)
Class kotlin.UninitializedPropertyAccessException                                     : loaded 2 times (x 84B)
Class com.google.common.collect.RegularImmutableMap                                   : loaded 2 times (x 122B)
Class com.android.builder.model.v2.ide.AndroidArtifact                                : loaded 2 times (x 72B)
Class kotlin.Metadata                                                                 : loaded 2 times (x 72B)
Class kotlin.text.MatchResult$Destructured                                            : loaded 2 times (x 74B)
Class com.google.common.collect.ImmutableMap$IteratorBasedImmutableMap                : loaded 2 times (x 128B)
Class org.gradle.tooling.internal.adapter.ProtocolToModelAdapter$InvocationHandlerImpl: loaded 2 times (x 79B)
Class com.google.common.cache.LocalCache$ComputingValueReference                      : loaded 2 times (x 98B)
Class org.gradle.tooling.internal.gradle.GradleBuildIdentity                          : loaded 2 times (x 72B)
Class com.google.common.collect.ImmutableMapEntry$NonTerminalImmutableMapEntry        : loaded 2 times (x 87B)
Class com.google.common.cache.CacheLoader$1                                           : loaded 2 times (x 77B)
Class com.google.common.base.Equivalence                                              : loaded 2 times (x 84B)
Class kotlin.jvm.internal.Ref$BooleanRef                                              : loaded 2 times (x 73B)
Class kotlin.jvm.internal.StringCompanionObject                                       : loaded 2 times (x 73B)
Class kotlin.coroutines.intrinsics.IntrinsicsKt__IntrinsicsJvmKt                      : loaded 2 times (x 73B)
Class kotlin.coroutines.jvm.internal.CoroutineStackFrame                              : loaded 2 times (x 72B)
Class org.gradle.tooling.internal.adapter.ProtocolToModelAdapter$MethodInvocationCache$MethodInvocationKey: loaded 2 times (x 75B)
Class org.gradle.tooling.model.gradle.ProjectPublications                             : loaded 2 times (x 72B)
Class org.gradle.util.internal.GUtil                                                  : loaded 2 times (x 73B)
Class com.android.builder.model.v2.ide.SyncIssue                                      : loaded 2 times (x 72B)
Class org.gradle.tooling.model.build.GradleEnvironment                                : loaded 2 times (x 72B)
Class com.google.common.util.concurrent.ExecutionError                                : loaded 2 times (x 84B)
Class com.android.builder.model.v2.ide.TestInfo                                       : loaded 2 times (x 72B)
Class com.google.common.collect.ImmutableEnumSet                                      : loaded 2 times (x 148B)
Class com.android.builder.model.v2.models.VariantDependenciesAdjacencyList            : loaded 2 times (x 72B)
Class com.google.common.reflect.TypeToken$1                                           : loaded 2 times (x 112B)
Class com.google.common.collect.AbstractMapBasedMultimap$WrappedCollection            : loaded 2 times (x 126B)
Class com.google.common.cache.CacheBuilder                                            : loaded 2 times (x 74B)
Class org.gradle.internal.classloader.ClassLoaderHierarchy                            : loaded 2 times (x 72B)
Class com.android.utils.StringHelper                                                  : loaded 2 times (x 73B)
Class com.google.common.cache.AbstractCache$StatsCounter                              : loaded 2 times (x 72B)
Class kotlin.io.NoSuchFileException                                                   : loaded 2 times (x 84B)
Class kotlin.collections.CollectionsKt                                                : loaded 2 times (x 73B)
Class kotlin.text.StringsKt__IndentKt                                                 : loaded 2 times (x 73B)
Class kotlin.collections.CollectionsKt__ReversedViewsKt                               : loaded 2 times (x 73B)
Class kotlin.sequences.SequencesKt__SequenceBuilderKt                                 : loaded 2 times (x 73B)
Class kotlin.io.FilesKt__FileTreeWalkKt                                               : loaded 2 times (x 73B)
Class kotlin.collections.SetsKt                                                       : loaded 2 times (x 73B)
Class kotlin.jvm.internal.CollectionToArray                                           : loaded 2 times (x 73B)
Class kotlin.sequences.FilteringSequence$iterator$1                                   : loaded 2 times (x 81B)
Class com.google.common.reflect.Types$TypeVariableImpl                                : loaded 2 times (x 74B)
Class com.android.builder.model.v2.dsl.BuildType                                      : loaded 2 times (x 72B)
Class com.google.common.collect.ImmutableMultimap                                     : loaded 2 times (x 148B)
Class kotlin.ranges.IntProgressionIterator                                            : loaded 2 times (x 84B)
Class kotlin.coroutines.CoroutineContext                                              : loaded 2 times (x 72B)
Class kotlin.coroutines.jvm.internal.DebugProbesKt                                    : loaded 2 times (x 73B)
Class org.gradle.tooling.internal.adapter.WeakIdentityHashMap                         : loaded 2 times (x 78B)
Class org.gradle.tooling.GradleConnectionException                                    : loaded 2 times (x 85B)
Class org.gradle.tooling.internal.adapter.ProtocolToModelAdapter$1                    : loaded 2 times (x 77B)
Class org.gradle.tooling.internal.adapter.ProtocolToModelAdapter$ViewDecoration       : loaded 2 times (x 72B)
Class org.gradle.internal.installation.GradleInstallation                             : loaded 2 times (x 77B)
Class [Lcom.google.common.collect.Maps$EntryFunction;                                 : loaded 2 times (x 71B)
Class org.gradle.tooling.model.Model                                                  : loaded 2 times (x 72B)
Class com.google.common.base.Suppliers$SupplierOfInstance                             : loaded 2 times (x 81B)
Class org.objectweb.asm.Edge                                                          : loaded 2 times (x 74B)
Class com.android.builder.model.v2.ide.Variant                                        : loaded 2 times (x 72B)
Class org.gradle.internal.classpath.ClassPath                                         : loaded 2 times (x 72B)
Class org.gradle.api.internal.classpath.DefaultModuleRegistry$DefaultModuleAlias      : loaded 2 times (x 82B)
Class org.gradle.internal.classloader.FilteringClassLoader                            : loaded 2 times (x 106B)
Class kotlin.NotImplementedError                                                      : loaded 2 times (x 84B)
Class com.google.common.collect.Iterables                                             : loaded 2 times (x 73B)
Class com.google.common.collect.ForwardingCollection                                  : loaded 2 times (x 132B)
Class com.google.common.collect.LexicographicalOrdering                               : loaded 2 times (x 117B)
Class org.gradle.tooling.internal.adapter.MethodInvoker                               : loaded 2 times (x 72B)
Class kotlin.sequences.FlatteningSequence                                             : loaded 2 times (x 77B)
Class kotlin.collections.MapsKt__MapsKt                                               : loaded 2 times (x 73B)
Class org.objectweb.asm.SymbolTable$Entry                                             : loaded 2 times (x 75B)
Class kotlin.text.MatcherMatchResult                                                  : loaded 2 times (x 82B)
Class kotlin.text.MatchGroupCollection                                                : loaded 2 times (x 72B)
Class [Lcom.google.common.reflect.Types$JavaVersion;                                  : loaded 2 times (x 71B)
Class kotlin.text.StringsKt__StringsKt                                                : loaded 2 times (x 73B)
Class com.google.common.collect.RegularImmutableMap$KeySet                            : loaded 2 times (x 154B)
Class com.google.common.base.PairwiseEquivalence                                      : loaded 2 times (x 85B)
Class com.google.common.base.Equivalence$Identity                                     : loaded 2 times (x 84B)
Class com.android.builder.model.v2.ide.ViewBindingOptions                             : loaded 2 times (x 72B)
Class com.google.common.base.JdkPattern                                               : loaded 2 times (x 77B)
Class com.google.common.base.Predicates                                               : loaded 2 times (x 73B)
Class kotlin.reflect.KFunction                                                        : loaded 2 times (x 72B)
Class kotlin.collections.ArrayDeque                                                   : loaded 2 times (x 209B)
Class com.google.common.collect.Lists$RandomAccessReverseList                         : loaded 2 times (x 202B)
Class com.android.ide.common.gradle.Part                                              : loaded 2 times (x 79B)
Class kotlin.ranges.IntProgression                                                    : loaded 2 times (x 83B)
Class kotlin.jvm.KotlinReflectionNotSupportedError                                    : loaded 2 times (x 84B)
Class org.gradle.tooling.model.gradle.GradleScript                                    : loaded 2 times (x 72B)

---------------  S Y S T E M  ---------------

OS:
 Windows 11 , 64 bit Build 22621 (10.0.22621.457)
OS uptime: 0 days 7:28 hours
Hyper-V role detected

CPU: total 4 (initial active 4) (4 cores per cpu, 2 threads per core) family 23 model 24 stepping 1 microcode 0x0, cx8, cmov, fxsr, ht, mmx, 3dnowpref, sse, sse2, sse3, ssse3, sse4a, sse4.1, sse4.2, popcnt, lzcnt, tsc, tscinvbit, avx, avx2, aes, clmul, bmi1, bmi2, adx, sha, fma, vzeroupper, clflush, clflushopt, hv, rdtscp, f16c
Processor Information for the first 4 processors :
  Max Mhz: 2600, Current Mhz: 2600, Mhz Limit: 2600

Memory: 4k page, system-wide physical 6020M (69M free)
TotalPageFile size 17455M (AvailPageFile size 9M)
current process WorkingSet (physical memory assigned to process): 289M, peak: 692M
current process commit charge ("private bytes"): 1027M, peak: 1044M

vm_info: OpenJDK 64-Bit Server VM (25.0.2+-15348964-b329.117) for windows-amd64 JRE (25.0.2+-15348964-b329.117), built on 2026-05-05T18:25:19Z with MS VC++ 16.10 / 16.11 (VS2019)

END.
