#
# There is insufficient memory for the Java Runtime Environment to continue.
# Native memory allocation (malloc) failed to allocate 1903640 bytes. Error detail: Chunk::new
# Possible reasons:
#   The system is out of physical RAM or swap space
#   This process is running with CompressedOops enabled, and the Java Heap may be blocking the growth of the native heap
# Possible solutions:
#   Reduce memory load on the system
#   Increase physical memory or swap space
#   Check if swap backing store is full
#   Decrease Java heap size (-Xmx/-Xms)
#   Decrease number of Java threads
#   Decrease Java thread stack sizes (-Xss)
#   Set larger code cache with -XX:ReservedCodeCacheSize=
#   JVM is running with Unscaled Compressed Oops mode in which the Java heap is
#     placed in the first 4GB address space. The Java Heap base address is the
#     maximum limit for the native heap growth. Please use -XX:HeapBaseMinAddress
#     to set the Java Heap base and to place the Java Heap above 4GB virtual address.
# This output file may be truncated or incomplete.
#
#  Out of Memory Error (arena.cpp:186), pid=16904, tid=14684
#
# JRE version: OpenJDK Runtime Environment (25.0.2) (build 25.0.2+-15348964-b329.117)
# Java VM: OpenJDK 64-Bit Server VM (25.0.2+-15348964-b329.117, mixed mode, tiered, compressed oops, compressed class ptrs, g1 gc, windows-amd64)
# No core dump will be written. Minidumps are not enabled by default on client versions of Windows
#

---------------  S U M M A R Y ------------

Command Line: --add-opens=java.base/java.lang=ALL-UNNAMED --add-opens=java.base/java.lang.invoke=ALL-UNNAMED --add-opens=java.base/java.util=ALL-UNNAMED --add-opens=java.prefs/java.util.prefs=ALL-UNNAMED --add-exports=jdk.compiler/com.sun.tools.javac.api=ALL-UNNAMED --add-exports=jdk.compiler/com.sun.tools.javac.util=ALL-UNNAMED --add-opens=java.base/java.nio.charset=ALL-UNNAMED --add-opens=java.base/java.net=ALL-UNNAMED --add-opens=java.base/java.util.concurrent=ALL-UNNAMED --add-opens=java.base/java.util.concurrent.atomic=ALL-UNNAMED --add-opens=java.xml/javax.xml.namespace=ALL-UNNAMED --add-opens=java.base/java.time=ALL-UNNAMED --enable-native-access=ALL-UNNAMED -Xmx2048m -Dfile.encoding=UTF-8 -Duser.country=ID -Duser.language=en -Duser.variant -javaagent:U:\Android-SDK\wrapper\dists\gradle-9.5.0-bin\bvnork1r7n8i6kp5cnkibsc9q\gradle-9.5.0\lib\agents\gradle-instrumentation-agent-9.5.0.jar org.gradle.launcher.daemon.bootstrap.GradleDaemon 9.5.0

Host: AMD Ryzen 3 3250U with Radeon Graphics         , 4 cores, 5G,  Windows 11 , 64 bit Build 22621 (10.0.22621.457)
Time: Tue Aug 25 09:14:06 2026 SE Asia Standard Time elapsed time: 53.342255 seconds (0d 0h 0m 53s)

---------------  T H R E A D  ---------------

Current thread (0x000001b469c29cb0):  JavaThread "C2 CompilerThread0" daemon [_thread_in_native, id=14684, stack(0x0000003ee0d00000,0x0000003ee0e00000) (1024K)]


Current CompileTask:
C2:53342 15340       4       java.util.TreeMap::put (221 bytes)

Stack: [0x0000003ee0d00000,0x0000003ee0e00000]
Native frames: (J=compiled Java code, j=interpreted, Vv=VM code, C=native code)
V  [jvm.dll+0x7bd439]  (no source info available)
V  [jvm.dll+0x78763d]  (no source info available)
V  [jvm.dll+0xa0c885]  (no source info available)
V  [jvm.dll+0xa0ef04]  (no source info available)
V  [jvm.dll+0xa0f603]  (no source info available)
V  [jvm.dll+0x309bf6]  (no source info available)
V  [jvm.dll+0x10ea69]  (no source info available)
V  [jvm.dll+0x10ed92]  (no source info available)
V  [jvm.dll+0x1a9837]  (no source info available)
V  [jvm.dll+0x3bec92]  (no source info available)
V  [jvm.dll+0x7c2cb7]  (no source info available)
V  [jvm.dll+0x2ce046]  (no source info available)
V  [jvm.dll+0x2cd221]  (no source info available)
V  [jvm.dll+0x242ffa]  (no source info available)
V  [jvm.dll+0x2dcc05]  (no source info available)
V  [jvm.dll+0x2dae06]  (no source info available)
V  [jvm.dll+0x49b59e]  (no source info available)
V  [jvm.dll+0x9ab9c8]  (no source info available)
V  [jvm.dll+0x7bb985]  (no source info available)
C  [ucrtbase.dll+0x29363]  (no source info available)
C  [KERNEL32.DLL+0x1244d]  (no source info available)
C  [ntdll.dll+0x5df78]  (no source info available)

Lock stack of current Java thread (top to bottom):


---------------  P R O C E S S  ---------------

Threads class SMR info:
_java_thread_list=0x000001b47a9c27e0, length=52, elements={
0x000001b45293f350, 0x000001b469bdd150, 0x000001b469bfb100, 0x000001b469bfd0d0,
0x000001b469bde5d0, 0x000001b469bdf190, 0x000001b469c20550, 0x000001b469c234c0,
0x000001b469c29cb0, 0x000001b469c35980, 0x000001b46e2daf40, 0x000001b46f3cc8c0,
0x000001b47137c800, 0x000001b470adb450, 0x000001b46fb6f260, 0x000001b46fba2100,
0x000001b46fbb08f0, 0x000001b469c2b310, 0x000001b471246ba0, 0x000001b471247b40,
0x000001b4712492b0, 0x000001b4712463d0, 0x000001b471248ae0, 0x000001b471249a80,
0x000001b47183ac10, 0x000001b471837560, 0x000001b471838cd0, 0x000001b4718394a0,
0x000001b471836d90, 0x000001b47183bbb0, 0x000001b471837d30, 0x000001b471839c70,
0x000001b47022ac50, 0x000001b47022bbf0, 0x000001b470228d10, 0x000001b470225e30,
0x000001b46f2ecab0, 0x000001b46e2e0300, 0x000001b46e2de3c0, 0x000001b46e2dc480,
0x000001b4734fa040, 0x000001b46e2e0ad0, 0x000001b47437a830, 0x000001b474378120,
0x000001b4738a3400, 0x000001b4734fcf20, 0x000001b4734f9870, 0x000001b4734fdec0,
0x000001b46e2e2a10, 0x000001b46fd3a780, 0x000001b47aa00fe0, 0x000001b473f218a0
}

Java Threads: ( => current thread )
  0x000001b45293f350 JavaThread "main"                              [_thread_blocked, id=16964, stack(0x0000003edfe00000,0x0000003edff00000) (1024K)]
  0x000001b469bdd150 JavaThread "Common-Cleaner"             daemon [_thread_blocked, id=3116, stack(0x0000003ee0600000,0x0000003ee0700000) (1024K)]
  0x000001b469bfb100 JavaThread "Reference Handler"          daemon [_thread_blocked, id=12640, stack(0x0000003ee0700000,0x0000003ee0800000) (1024K)]
  0x000001b469bfd0d0 JavaThread "Finalizer"                  daemon [_thread_blocked, id=3492, stack(0x0000003ee0800000,0x0000003ee0900000) (1024K)]
  0x000001b469bde5d0 JavaThread "Signal Dispatcher"          daemon [_thread_blocked, id=3852, stack(0x0000003ee0900000,0x0000003ee0a00000) (1024K)]
  0x000001b469bdf190 JavaThread "Attach Listener"            daemon [_thread_blocked, id=2564, stack(0x0000003ee0a00000,0x0000003ee0b00000) (1024K)]
  0x000001b469c20550 JavaThread "Service Thread"             daemon [_thread_blocked, id=1620, stack(0x0000003ee0b00000,0x0000003ee0c00000) (1024K)]
  0x000001b469c234c0 JavaThread "Monitor Deflation Thread"   daemon [_thread_blocked, id=16832, stack(0x0000003ee0c00000,0x0000003ee0d00000) (1024K)]
=>0x000001b469c29cb0 JavaThread "C2 CompilerThread0"         daemon [_thread_in_native, id=14684, stack(0x0000003ee0d00000,0x0000003ee0e00000) (1024K)]
  0x000001b469c35980 JavaThread "C1 CompilerThread0"         daemon [_thread_blocked, id=5472, stack(0x0000003ee0e00000,0x0000003ee0f00000) (1024K)]
  0x000001b46e2daf40 JavaThread "Notification Thread"        daemon [_thread_blocked, id=8812, stack(0x0000003ee0f00000,0x0000003ee1000000) (1024K)]
  0x000001b46f3cc8c0 JavaThread "Daemon health stats"               [_thread_blocked, id=15920, stack(0x0000003ee1400000,0x0000003ee1500000) (1024K)]
  0x000001b47137c800 JavaThread "Incoming local TCP Connector on port 8243"        [_thread_in_native, id=15228, stack(0x0000003ee1500000,0x0000003ee1600000) (1024K)]
  0x000001b470adb450 JavaThread "Daemon periodic checks"            [_thread_blocked, id=7220, stack(0x0000003ee1600000,0x0000003ee1700000) (1024K)]
  0x000001b46fb6f260 JavaThread "Daemon"                            [_thread_blocked, id=14572, stack(0x0000003ee1700000,0x0000003ee1800000) (1024K)]
  0x000001b46fba2100 JavaThread "Handler for socket connection from /127.0.0.1:8243 to /127.0.0.1:8244"        [_thread_in_native, id=5820, stack(0x0000003ee1800000,0x0000003ee1900000) (1024K)]
  0x000001b46fbb08f0 JavaThread "Cancel handler"                    [_thread_blocked, id=10884, stack(0x0000003ee1900000,0x0000003ee1a00000) (1024K)]
  0x000001b469c2b310 JavaThread "Daemon worker"                     [_thread_in_vm, id=6176, stack(0x0000003ee1a00000,0x0000003ee1b00000) (1024K)]
  0x000001b471246ba0 JavaThread "Asynchronous log dispatcher for DefaultDaemonConnection: socket connection from /127.0.0.1:8243 to /127.0.0.1:8244"        [_thread_blocked, id=12736, stack(0x0000003ee1b00000,0x0000003ee1c00000) (1024K)]
  0x000001b471247b40 JavaThread "Stdin handler"                     [_thread_blocked, id=8296, stack(0x0000003ee1c00000,0x0000003ee1d00000) (1024K)]
  0x000001b4712492b0 JavaThread "Daemon client event forwarder"        [_thread_blocked, id=2720, stack(0x0000003ee1d00000,0x0000003ee1e00000) (1024K)]
  0x000001b4712463d0 JavaThread "Cache worker for journal cache (U:\Android-SDK\caches\journal-1)"        [_thread_blocked, id=4704, stack(0x0000003ee1e00000,0x0000003ee1f00000) (1024K)]
  0x000001b471248ae0 JavaThread "File lock request listener"        [_thread_in_native, id=2728, stack(0x0000003ee1f00000,0x0000003ee2000000) (1024K)]
  0x000001b471249a80 JavaThread "Cache worker for file hash cache (U:\Android-SDK\caches\9.5.0\fileHashes)"        [_thread_blocked, id=6812, stack(0x0000003ee2000000,0x0000003ee2100000) (1024K)]
  0x000001b47183ac10 JavaThread "Cache worker for file hash cache (U:\AbsensiKaryawan\.gradle\9.5.0\fileHashes)"        [_thread_blocked, id=12872, stack(0x0000003ee2100000,0x0000003ee2200000) (1024K)]
  0x000001b471837560 JavaThread "Cache worker for Build Output Cleanup Cache (U:\AbsensiKaryawan\.gradle\buildOutputCleanup)"        [_thread_blocked, id=8468, stack(0x0000003ee2200000,0x0000003ee2300000) (1024K)]
  0x000001b471838cd0 JavaThread "File watcher server"        daemon [_thread_in_native, id=3656, stack(0x0000003ee2300000,0x0000003ee2400000) (1024K)]
  0x000001b4718394a0 JavaThread "File watcher consumer"      daemon [_thread_blocked, id=9968, stack(0x0000003ee2400000,0x0000003ee2500000) (1024K)]
  0x000001b471836d90 JavaThread "jar transforms"                    [_thread_blocked, id=8944, stack(0x0000003ee2500000,0x0000003ee2600000) (1024K)]
  0x000001b47183bbb0 JavaThread "jar transforms Thread 2"           [_thread_blocked, id=3568, stack(0x0000003ee2600000,0x0000003ee2700000) (1024K)]
  0x000001b471837d30 JavaThread "jar transforms Thread 3"           [_thread_blocked, id=11252, stack(0x0000003ee2700000,0x0000003ee2800000) (1024K)]
  0x000001b471839c70 JavaThread "jar transforms Thread 4"           [_thread_blocked, id=13320, stack(0x0000003ee2800000,0x0000003ee2900000) (1024K)]
  0x000001b47022ac50 JavaThread "Cache worker for file content cache (U:\Android-SDK\caches\9.5.0\fileContent)"        [_thread_blocked, id=16740, stack(0x0000003ee2900000,0x0000003ee2a00000) (1024K)]
  0x000001b47022bbf0 JavaThread "Cache worker for checksums cache (U:\AbsensiKaryawan\.gradle\9.5.0\checksums)"        [_thread_blocked, id=14152, stack(0x0000003ee2a00000,0x0000003ee2b00000) (1024K)]
  0x000001b470228d10 JavaThread "Cache worker for cache directory md-supplier (U:\Android-SDK\caches\9.5.0\md-supplier)"        [_thread_blocked, id=5104, stack(0x0000003ee2b00000,0x0000003ee2c00000) (1024K)]
  0x000001b470225e30 JavaThread "Cache worker for cache directory md-rule (U:\Android-SDK\caches\9.5.0\md-rule)"        [_thread_blocked, id=17208, stack(0x0000003ee2c00000,0x0000003ee2d00000) (1024K)]
  0x000001b46f2ecab0 JavaThread "Build operations"                  [_thread_blocked, id=5668, stack(0x0000003ee1000000,0x0000003ee1100000) (1024K)]
  0x000001b46e2e0300 JavaThread "Build operations Thread 2"         [_thread_blocked, id=5144, stack(0x0000003ee2d00000,0x0000003ee2e00000) (1024K)]
  0x000001b46e2de3c0 JavaThread "Build operations Thread 3"         [_thread_blocked, id=10984, stack(0x0000003ee2f00000,0x0000003ee3000000) (1024K)]
  0x000001b46e2dc480 JavaThread "Build operations Thread 4"         [_thread_blocked, id=10604, stack(0x0000003ee3000000,0x0000003ee3100000) (1024K)]
  0x000001b4734fa040 JavaThread "pool-1-thread-1"                   [_thread_blocked, id=12100, stack(0x0000003ee2e00000,0x0000003ee2f00000) (1024K)]
  0x000001b46e2e0ad0 JavaThread "pool-1-thread-2"                   [_thread_blocked, id=3132, stack(0x0000003ee3200000,0x0000003ee3300000) (1024K)]
  0x000001b47437a830 JavaThread "Memory manager"                    [_thread_blocked, id=15484, stack(0x0000003ee3300000,0x0000003ee3400000) (1024K)]
  0x000001b474378120 JavaThread "Kotlin DSL Writer"                 [_thread_blocked, id=6576, stack(0x0000003ee3100000,0x0000003ee3200000) (1024K)]
  0x000001b4738a3400 JavaThread "pool-4-thread-1"                   [_thread_blocked, id=14880, stack(0x0000003ee3400000,0x0000003ee3500000) (1024K)]
  0x000001b4734fcf20 JavaThread "included builds"                   [_thread_blocked, id=9988, stack(0x0000003ee3500000,0x0000003ee3600000) (1024K)]
  0x000001b4734f9870 JavaThread "Execution worker"                  [_thread_blocked, id=10368, stack(0x0000003ee3600000,0x0000003ee3700000) (1024K)]
  0x000001b4734fdec0 JavaThread "Execution worker Thread 2"         [_thread_blocked, id=17256, stack(0x0000003ee3700000,0x0000003ee3800000) (1024K)]
  0x000001b46e2e2a10 JavaThread "Execution worker Thread 3"         [_thread_blocked, id=4468, stack(0x0000003ee3800000,0x0000003ee3900000) (1024K)]
  0x000001b46fd3a780 JavaThread "Cache worker for execution history cache (U:\AbsensiKaryawan\.gradle\9.5.0\executionHistory)"        [_thread_blocked, id=3592, stack(0x0000003ee3900000,0x0000003ee3a00000) (1024K)]
  0x000001b47aa00fe0 JavaThread "idea-tooling-model-converter"        [_thread_blocked, id=2688, stack(0x0000003ee3a00000,0x0000003ee3b00000) (1024K)]
  0x000001b473f218a0 JavaThread "C2 CompilerThread1"         daemon [_thread_in_native, id=14320, stack(0x0000003ee3b00000,0x0000003ee3c00000) (1024K)]
Total: 52

Other Threads:
  0x000001b469b9a730 VMThread "VM Thread"                           [id=16128, stack(0x0000003ee0500000,0x0000003ee0600000) (1024K)]
  0x000001b450586240 WatcherThread "VM Periodic Task Thread"        [id=13688, stack(0x0000003ee0400000,0x0000003ee0500000) (1024K)]
  0x000001b45065dfe0 WorkerThread "GC Thread#0"                     [id=4064, stack(0x0000003edff00000,0x0000003ee0000000) (1024K)]
  0x000001b46f2e9e50 WorkerThread "GC Thread#1"                     [id=15852, stack(0x0000003ee1100000,0x0000003ee1200000) (1024K)]
  0x000001b46f3098b0 WorkerThread "GC Thread#2"                     [id=14200, stack(0x0000003ee1200000,0x0000003ee1300000) (1024K)]
  0x000001b46f309ce0 WorkerThread "GC Thread#3"                     [id=5284, stack(0x0000003ee1300000,0x0000003ee1400000) (1024K)]
  0x000001b4529aefb0 ConcurrentGCThread "G1 Main Marker"            [id=1772, stack(0x0000003ee0000000,0x0000003ee0100000) (1024K)]
  0x000001b4529b0180 WorkerThread "G1 Conc#0"                       [id=11180, stack(0x0000003ee0100000,0x0000003ee0200000) (1024K)]
  0x000001b4529de850 ConcurrentGCThread "G1 Refine#0"               [id=5712, stack(0x0000003ee0200000,0x0000003ee0300000) (1024K)]
  0x000001b469a544a0 ConcurrentGCThread "G1 Service"                [id=6528, stack(0x0000003ee0300000,0x0000003ee0400000) (1024K)]
Total: 10

Threads with active compile tasks:
C2 CompilerThread0  53627 15340       4       java.util.TreeMap::put (221 bytes)
C2 CompilerThread1  53627 15347       4       java.math.BigInteger::<init> (126 bytes)
Total: 2

VM state: not at safepoint (normal execution)

VM Mutex/Monitor currently owned by a thread: None

Heap address: 0x0000000080000000, size: 2048 MB, Compressed Oops mode: 32-bit

CDS archive(s) not mapped
Compressed class space mapped at: 0x0000000005000000-0x0000000045000000, reserved size: 1073741824
UseCompressedClassPointers 1, UseCompactObjectHeaders 0
Narrow klass pointer bits 32, Max shift 3
Narrow klass base: 0x0000000000000000, Narrow klass shift: 0
Encoding Range: [0x0000000000000000 - 0x0000000100000000), (4294967296 bytes)
Klass Range:    [0x0000000005000000 - 0x0000000045000000), (1073741824 bytes)
Klass ID Range:  [83886080 - 1157627897) (1073741817)
No protection zone.

GC Precious Log:
 CardTable entry size: 512
 Card Set container configuration: InlinePtr #cards 5 size 8 Array Of Cards #cards 10 size 36 Howl #buckets 4 coarsen threshold 1843 Howl Bitmap #cards 512 size 80 coarsen threshold 460 Card regions per heap region 1 cards per card region 2048
 CPUs: 4 total, 4 available
 Memory: 6020M
 Large Page Support: Disabled
 NUMA Support: Disabled
 Compressed Oops: Enabled (32-bit)
 Heap Region Size: 1M
 Heap Min Capacity: 8M
 Heap Initial Capacity: 96M
 Heap Max Capacity: 2G
 Pre-touch: Disabled
 Parallel Workers: 4
 Concurrent Workers: 1
 Concurrent Refinement Workers: 4
 Periodic GC: Disabled

Heap:
 garbage-first heap   total reserved 2097152K, committed 382976K, used 161132K [0x0000000080000000, 0x0000000100000000)
  region size 1024K, 35 young (35840K), 27 survivors (27648K)

Heap Regions: E=young(eden), S=young(survivor), O=old, HS=humongous(starts), HC=humongous(continues), CS=collection set, F=free, TAMS=top-at-mark-start, PB=parsable bottom
|   0|0x0000000080000000, 0x0000000080100000, 0x0000000080100000|100%|HS|  |TAMS 0x0000000080000000| PB 0x0000000080000000| Complete |  0
|   1|0x0000000080100000, 0x0000000080200000, 0x0000000080200000|100%|HC|  |TAMS 0x0000000080100000| PB 0x0000000080100000| Complete |  0
|   2|0x0000000080200000, 0x0000000080300000, 0x0000000080300000|100%|HC|  |TAMS 0x0000000080200000| PB 0x0000000080200000| Complete |  0
|   3|0x0000000080300000, 0x0000000080400000, 0x0000000080400000|100%|HC|  |TAMS 0x0000000080300000| PB 0x0000000080300000| Complete |  0
|   4|0x0000000080400000, 0x0000000080500000, 0x0000000080500000|100%| O|  |TAMS 0x0000000080400000| PB 0x0000000080400000| Untracked |  0
|   5|0x0000000080500000, 0x0000000080600000, 0x0000000080600000|100%| O|  |TAMS 0x0000000080500000| PB 0x0000000080500000| Untracked |  0
|   6|0x0000000080600000, 0x0000000080700000, 0x0000000080700000|100%| O|  |TAMS 0x0000000080600000| PB 0x0000000080600000| Untracked |  0
|   7|0x0000000080700000, 0x0000000080800000, 0x0000000080800000|100%|HS|  |TAMS 0x0000000080700000| PB 0x0000000080700000| Complete |  0
|   8|0x0000000080800000, 0x0000000080900000, 0x0000000080900000|100%| O|  |TAMS 0x0000000080800000| PB 0x0000000080800000| Untracked |  0
|   9|0x0000000080900000, 0x0000000080a00000, 0x0000000080a00000|100%| O|  |TAMS 0x0000000080900000| PB 0x0000000080900000| Untracked |  0
|  10|0x0000000080a00000, 0x0000000080b00000, 0x0000000080b00000|100%| O|  |TAMS 0x0000000080a00000| PB 0x0000000080a00000| Untracked |  0
|  11|0x0000000080b00000, 0x0000000080c00000, 0x0000000080c00000|100%| O|  |TAMS 0x0000000080b00000| PB 0x0000000080b00000| Untracked |  0
|  12|0x0000000080c00000, 0x0000000080d00000, 0x0000000080d00000|100%| O|  |TAMS 0x0000000080c00000| PB 0x0000000080c00000| Untracked |  0
|  13|0x0000000080d00000, 0x0000000080e00000, 0x0000000080e00000|100%| O|  |TAMS 0x0000000080d00000| PB 0x0000000080d00000| Untracked |  0
|  14|0x0000000080e00000, 0x0000000080f00000, 0x0000000080f00000|100%| O|  |TAMS 0x0000000080e00000| PB 0x0000000080e00000| Untracked |  0
|  15|0x0000000080f00000, 0x0000000081000000, 0x0000000081000000|100%| O|  |TAMS 0x0000000080f00000| PB 0x0000000080f00000| Untracked |  0
|  16|0x0000000081000000, 0x0000000081100000, 0x0000000081100000|100%| O|  |TAMS 0x0000000081000000| PB 0x0000000081000000| Untracked |  0
|  17|0x0000000081100000, 0x0000000081200000, 0x0000000081200000|100%| O|  |TAMS 0x0000000081100000| PB 0x0000000081100000| Untracked |  0
|  18|0x0000000081200000, 0x0000000081300000, 0x0000000081300000|100%| O|  |TAMS 0x0000000081200000| PB 0x0000000081200000| Untracked |  0
|  19|0x0000000081300000, 0x0000000081400000, 0x0000000081400000|100%| O|  |TAMS 0x0000000081300000| PB 0x0000000081300000| Untracked |  0
|  20|0x0000000081400000, 0x0000000081500000, 0x0000000081500000|100%|HS|  |TAMS 0x0000000081400000| PB 0x0000000081400000| Complete |  0
|  21|0x0000000081500000, 0x0000000081600000, 0x0000000081600000|100%| O|  |TAMS 0x0000000081500000| PB 0x0000000081500000| Untracked |  0
|  22|0x0000000081600000, 0x0000000081700000, 0x0000000081700000|100%| O|  |TAMS 0x0000000081600000| PB 0x0000000081600000| Untracked |  0
|  23|0x0000000081700000, 0x0000000081800000, 0x0000000081800000|100%|HS|  |TAMS 0x0000000081700000| PB 0x0000000081700000| Complete |  0
|  24|0x0000000081800000, 0x0000000081900000, 0x0000000081900000|100%|HC|  |TAMS 0x0000000081800000| PB 0x0000000081800000| Complete |  0
|  25|0x0000000081900000, 0x0000000081a00000, 0x0000000081a00000|100%|HC|  |TAMS 0x0000000081900000| PB 0x0000000081900000| Complete |  0
|  26|0x0000000081a00000, 0x0000000081b00000, 0x0000000081b00000|100%|HC|  |TAMS 0x0000000081a00000| PB 0x0000000081a00000| Complete |  0
|  27|0x0000000081b00000, 0x0000000081c00000, 0x0000000081c00000|100%|HC|  |TAMS 0x0000000081b00000| PB 0x0000000081b00000| Complete |  0
|  28|0x0000000081c00000, 0x0000000081d00000, 0x0000000081d00000|100%|HC|  |TAMS 0x0000000081c00000| PB 0x0000000081c00000| Complete |  0
|  29|0x0000000081d00000, 0x0000000081e00000, 0x0000000081e00000|100%|HS|  |TAMS 0x0000000081d00000| PB 0x0000000081d00000| Complete |  0
|  30|0x0000000081e00000, 0x0000000081f00000, 0x0000000081f00000|100%| O|  |TAMS 0x0000000081e00000| PB 0x0000000081e00000| Untracked |  0
|  31|0x0000000081f00000, 0x0000000082000000, 0x0000000082000000|100%| O|  |TAMS 0x0000000081f00000| PB 0x0000000081f00000| Untracked |  0
|  32|0x0000000082000000, 0x0000000082100000, 0x0000000082100000|100%| O|  |TAMS 0x0000000082000000| PB 0x0000000082000000| Untracked |  0
|  33|0x0000000082100000, 0x0000000082200000, 0x0000000082200000|100%| O|  |TAMS 0x0000000082100000| PB 0x0000000082100000| Untracked |  0
|  34|0x0000000082200000, 0x0000000082300000, 0x0000000082300000|100%| O|  |TAMS 0x0000000082200000| PB 0x0000000082200000| Untracked |  0
|  35|0x0000000082300000, 0x0000000082400000, 0x0000000082400000|100%| O|  |TAMS 0x0000000082300000| PB 0x0000000082300000| Untracked |  0
|  36|0x0000000082400000, 0x0000000082500000, 0x0000000082500000|100%|HS|  |TAMS 0x0000000082400000| PB 0x0000000082400000| Complete |  0
|  37|0x0000000082500000, 0x0000000082600000, 0x0000000082600000|100%|HS|  |TAMS 0x0000000082500000| PB 0x0000000082500000| Complete |  0
|  38|0x0000000082600000, 0x0000000082700000, 0x0000000082700000|100%|HC|  |TAMS 0x0000000082600000| PB 0x0000000082600000| Complete |  0
|  39|0x0000000082700000, 0x0000000082800000, 0x0000000082800000|100%|HC|  |TAMS 0x0000000082700000| PB 0x0000000082700000| Complete |  0
|  40|0x0000000082800000, 0x0000000082900000, 0x0000000082900000|100%|HC|  |TAMS 0x0000000082800000| PB 0x0000000082800000| Complete |  0
|  41|0x0000000082900000, 0x0000000082a00000, 0x0000000082a00000|100%|HC|  |TAMS 0x0000000082900000| PB 0x0000000082900000| Complete |  0
|  42|0x0000000082a00000, 0x0000000082b00000, 0x0000000082b00000|100%|HC|  |TAMS 0x0000000082a00000| PB 0x0000000082a00000| Complete |  0
|  43|0x0000000082b00000, 0x0000000082c00000, 0x0000000082c00000|100%|HS|  |TAMS 0x0000000082b00000| PB 0x0000000082b00000| Complete |  0
|  44|0x0000000082c00000, 0x0000000082d00000, 0x0000000082d00000|100%|HS|  |TAMS 0x0000000082c00000| PB 0x0000000082c00000| Complete |  0
|  45|0x0000000082d00000, 0x0000000082e00000, 0x0000000082e00000|100%| O|  |TAMS 0x0000000082d00000| PB 0x0000000082d00000| Untracked |  0
|  46|0x0000000082e00000, 0x0000000082f00000, 0x0000000082f00000|100%| O|  |TAMS 0x0000000082e00000| PB 0x0000000082e00000| Untracked |  0
|  47|0x0000000082f00000, 0x0000000083000000, 0x0000000083000000|100%| O|  |TAMS 0x0000000082f00000| PB 0x0000000082f00000| Untracked |  0
|  48|0x0000000083000000, 0x0000000083100000, 0x0000000083100000|100%| O|  |TAMS 0x0000000083000000| PB 0x0000000083000000| Untracked |  0
|  49|0x0000000083100000, 0x0000000083200000, 0x0000000083200000|100%| O|  |TAMS 0x0000000083100000| PB 0x0000000083100000| Untracked |  0
|  50|0x0000000083200000, 0x0000000083300000, 0x0000000083300000|100%| O|  |TAMS 0x0000000083200000| PB 0x0000000083200000| Untracked |  0
|  51|0x0000000083300000, 0x0000000083400000, 0x0000000083400000|100%| O|  |TAMS 0x0000000083300000| PB 0x0000000083300000| Untracked |  0
|  52|0x0000000083400000, 0x0000000083500000, 0x0000000083500000|100%| O|  |TAMS 0x0000000083400000| PB 0x0000000083400000| Untracked |  0
|  53|0x0000000083500000, 0x0000000083600000, 0x0000000083600000|100%| O|  |TAMS 0x0000000083500000| PB 0x0000000083500000| Untracked |  0
|  54|0x0000000083600000, 0x0000000083700000, 0x0000000083700000|100%| O|  |TAMS 0x0000000083600000| PB 0x0000000083600000| Untracked |  0
|  55|0x0000000083700000, 0x0000000083800000, 0x0000000083800000|100%| O|  |TAMS 0x0000000083700000| PB 0x0000000083700000| Untracked |  0
|  56|0x0000000083800000, 0x0000000083900000, 0x0000000083900000|100%| O|  |TAMS 0x0000000083800000| PB 0x0000000083800000| Untracked |  0
|  57|0x0000000083900000, 0x0000000083a00000, 0x0000000083a00000|100%| O|  |TAMS 0x0000000083900000| PB 0x0000000083900000| Untracked |  0
|  58|0x0000000083a00000, 0x0000000083b00000, 0x0000000083b00000|100%| O|  |TAMS 0x0000000083a00000| PB 0x0000000083a00000| Untracked |  0
|  59|0x0000000083b00000, 0x0000000083c00000, 0x0000000083c00000|100%| O|  |TAMS 0x0000000083b00000| PB 0x0000000083b00000| Untracked |  0
|  60|0x0000000083c00000, 0x0000000083d00000, 0x0000000083d00000|100%| O|  |TAMS 0x0000000083c00000| PB 0x0000000083c00000| Untracked |  0
|  61|0x0000000083d00000, 0x0000000083e00000, 0x0000000083e00000|100%| O|  |TAMS 0x0000000083d00000| PB 0x0000000083d00000| Untracked |  0
|  62|0x0000000083e00000, 0x0000000083f00000, 0x0000000083f00000|100%| O|  |TAMS 0x0000000083e00000| PB 0x0000000083e00000| Untracked |  0
|  63|0x0000000083f00000, 0x0000000084000000, 0x0000000084000000|100%| O|  |TAMS 0x0000000083f00000| PB 0x0000000083f00000| Untracked |  0
|  64|0x0000000084000000, 0x0000000084100000, 0x0000000084100000|100%| O|  |TAMS 0x0000000084000000| PB 0x0000000084000000| Untracked |  0
|  65|0x0000000084100000, 0x0000000084200000, 0x0000000084200000|100%|HS|  |TAMS 0x0000000084100000| PB 0x0000000084100000| Complete |  0
|  66|0x0000000084200000, 0x0000000084300000, 0x0000000084300000|100%| O|  |TAMS 0x0000000084200000| PB 0x0000000084200000| Untracked |  0
|  67|0x0000000084300000, 0x0000000084400000, 0x0000000084400000|100%| O|  |TAMS 0x0000000084300000| PB 0x0000000084300000| Untracked |  0
|  68|0x0000000084400000, 0x0000000084500000, 0x0000000084500000|100%| O|  |TAMS 0x0000000084400000| PB 0x0000000084400000| Untracked |  0
|  69|0x0000000084500000, 0x0000000084600000, 0x0000000084600000|100%| O|  |TAMS 0x0000000084500000| PB 0x0000000084500000| Untracked |  0
|  70|0x0000000084600000, 0x0000000084700000, 0x0000000084700000|100%| O|  |TAMS 0x0000000084600000| PB 0x0000000084600000| Untracked |  0
|  71|0x0000000084700000, 0x0000000084700000, 0x0000000084800000|  0%| F|  |TAMS 0x0000000084700000| PB 0x0000000084700000| Untracked |  0
|  72|0x0000000084800000, 0x0000000084900000, 0x0000000084900000|100%| O|  |TAMS 0x0000000084800000| PB 0x0000000084800000| Untracked |  0
|  73|0x0000000084900000, 0x0000000084a00000, 0x0000000084a00000|100%| O|  |TAMS 0x0000000084900000| PB 0x0000000084900000| Untracked |  0
|  74|0x0000000084a00000, 0x0000000084b00000, 0x0000000084b00000|100%| O|  |TAMS 0x0000000084a00000| PB 0x0000000084a00000| Untracked |  0
|  75|0x0000000084b00000, 0x0000000084c00000, 0x0000000084c00000|100%| O|  |TAMS 0x0000000084b00000| PB 0x0000000084b00000| Untracked |  0
|  76|0x0000000084c00000, 0x0000000084d00000, 0x0000000084d00000|100%| O|  |TAMS 0x0000000084c00000| PB 0x0000000084c00000| Untracked |  0
|  77|0x0000000084d00000, 0x0000000084e00000, 0x0000000084e00000|100%| O|  |TAMS 0x0000000084d00000| PB 0x0000000084d00000| Untracked |  0
|  78|0x0000000084e00000, 0x0000000084f00000, 0x0000000084f00000|100%| O|  |TAMS 0x0000000084e00000| PB 0x0000000084e00000| Untracked |  0
|  79|0x0000000084f00000, 0x0000000085000000, 0x0000000085000000|100%|HS|  |TAMS 0x0000000084f00000| PB 0x0000000084f00000| Complete |  0
|  80|0x0000000085000000, 0x0000000085100000, 0x0000000085100000|100%| O|  |TAMS 0x0000000085000000| PB 0x0000000085000000| Untracked |  0
|  81|0x0000000085100000, 0x0000000085200000, 0x0000000085200000|100%| O|  |TAMS 0x0000000085100000| PB 0x0000000085100000| Untracked |  0
|  82|0x0000000085200000, 0x0000000085300000, 0x0000000085300000|100%| O|  |TAMS 0x0000000085200000| PB 0x0000000085200000| Untracked |  0
|  83|0x0000000085300000, 0x0000000085400000, 0x0000000085400000|100%| O|  |TAMS 0x0000000085300000| PB 0x0000000085300000| Untracked |  0
|  84|0x0000000085400000, 0x0000000085500000, 0x0000000085500000|100%| O|  |TAMS 0x0000000085400000| PB 0x0000000085400000| Untracked |  0
|  85|0x0000000085500000, 0x0000000085600000, 0x0000000085600000|100%| O|  |TAMS 0x0000000085500000| PB 0x0000000085500000| Untracked |  0
|  86|0x0000000085600000, 0x0000000085700000, 0x0000000085700000|100%| O|  |TAMS 0x0000000085600000| PB 0x0000000085600000| Untracked |  0
|  87|0x0000000085700000, 0x0000000085800000, 0x0000000085800000|100%| O|  |TAMS 0x0000000085700000| PB 0x0000000085700000| Untracked |  0
|  88|0x0000000085800000, 0x0000000085900000, 0x0000000085900000|100%| O|  |TAMS 0x0000000085800000| PB 0x0000000085800000| Untracked |  0
|  89|0x0000000085900000, 0x0000000085a00000, 0x0000000085a00000|100%|HS|  |TAMS 0x0000000085900000| PB 0x0000000085900000| Complete |  0
|  90|0x0000000085a00000, 0x0000000085b00000, 0x0000000085b00000|100%|HC|  |TAMS 0x0000000085a00000| PB 0x0000000085a00000| Complete |  0
|  91|0x0000000085b00000, 0x0000000085c00000, 0x0000000085c00000|100%| O|  |TAMS 0x0000000085b00000| PB 0x0000000085b00000| Untracked |  0
|  92|0x0000000085c00000, 0x0000000085c00000, 0x0000000085d00000|  0%| F|  |TAMS 0x0000000085c00000| PB 0x0000000085c00000| Untracked |  0
|  93|0x0000000085d00000, 0x0000000085e00000, 0x0000000085e00000|100%| O|  |TAMS 0x0000000085d00000| PB 0x0000000085d00000| Untracked |  0
|  94|0x0000000085e00000, 0x0000000085f00000, 0x0000000085f00000|100%| O|  |TAMS 0x0000000085e00000| PB 0x0000000085e00000| Untracked |  0
|  95|0x0000000085f00000, 0x0000000086000000, 0x0000000086000000|100%| O|  |TAMS 0x0000000085f00000| PB 0x0000000085f00000| Untracked |  0
|  96|0x0000000086000000, 0x000000008609a800, 0x0000000086100000| 60%| O|Cm|TAMS 0x0000000086000000| PB 0x0000000086000000| Complete |  0
|  97|0x0000000086100000, 0x0000000086200000, 0x0000000086200000|100%|HS|  |TAMS 0x0000000086100000| PB 0x0000000086100000| Complete |  0
|  98|0x0000000086200000, 0x0000000086300000, 0x0000000086300000|100%|HS|  |TAMS 0x0000000086200000| PB 0x0000000086200000| Complete |  0
|  99|0x0000000086300000, 0x0000000086400000, 0x0000000086400000|100%|HS|  |TAMS 0x0000000086300000| PB 0x0000000086300000| Complete |  0
| 100|0x0000000086400000, 0x0000000086400000, 0x0000000086500000|  0%| F|  |TAMS 0x0000000086400000| PB 0x0000000086400000| Untracked |  0
| 101|0x0000000086500000, 0x0000000086600000, 0x0000000086600000|100%|HS|  |TAMS 0x0000000086500000| PB 0x0000000086500000| Complete |  0
| 102|0x0000000086600000, 0x0000000086700000, 0x0000000086700000|100%|HS|  |TAMS 0x0000000086600000| PB 0x0000000086600000| Complete |  0
| 103|0x0000000086700000, 0x0000000086800000, 0x0000000086800000|100%|HS|  |TAMS 0x0000000086700000| PB 0x0000000086700000| Complete |  0
| 104|0x0000000086800000, 0x0000000086900000, 0x0000000086900000|100%|HC|  |TAMS 0x0000000086800000| PB 0x0000000086800000| Complete |  0
| 105|0x0000000086900000, 0x0000000086900000, 0x0000000086a00000|  0%| F|  |TAMS 0x0000000086900000| PB 0x0000000086900000| Untracked |  0
| 106|0x0000000086a00000, 0x0000000086b00000, 0x0000000086b00000|100%| O|  |TAMS 0x0000000086a00000| PB 0x0000000086a00000| Untracked |  0
| 107|0x0000000086b00000, 0x0000000086c00000, 0x0000000086c00000|100%| O|  |TAMS 0x0000000086b00000| PB 0x0000000086b00000| Untracked |  0
| 108|0x0000000086c00000, 0x0000000086d00000, 0x0000000086d00000|100%| O|  |TAMS 0x0000000086c00000| PB 0x0000000086c00000| Untracked |  0
| 109|0x0000000086d00000, 0x0000000086e00000, 0x0000000086e00000|100%|HS|  |TAMS 0x0000000086d00000| PB 0x0000000086d00000| Complete |  0
| 110|0x0000000086e00000, 0x0000000086e00000, 0x0000000086f00000|  0%| F|  |TAMS 0x0000000086e00000| PB 0x0000000086e00000| Untracked |  0
| 111|0x0000000086f00000, 0x0000000086f00000, 0x0000000087000000|  0%| F|  |TAMS 0x0000000086f00000| PB 0x0000000086f00000| Untracked |  0
| 112|0x0000000087000000, 0x0000000087000000, 0x0000000087100000|  0%| F|  |TAMS 0x0000000087000000| PB 0x0000000087000000| Untracked |  0
| 113|0x0000000087100000, 0x0000000087100000, 0x0000000087200000|  0%| F|  |TAMS 0x0000000087100000| PB 0x0000000087100000| Untracked |  0
| 114|0x0000000087200000, 0x0000000087200000, 0x0000000087300000|  0%| F|  |TAMS 0x0000000087200000| PB 0x0000000087200000| Untracked |  0
| 115|0x0000000087300000, 0x0000000087300000, 0x0000000087400000|  0%| F|  |TAMS 0x0000000087300000| PB 0x0000000087300000| Untracked |  0
| 116|0x0000000087400000, 0x0000000087500000, 0x0000000087500000|100%| S|CS|TAMS 0x0000000087400000| PB 0x0000000087400000| Complete |  0
| 117|0x0000000087500000, 0x0000000087600000, 0x0000000087600000|100%| O|  |TAMS 0x0000000087500000| PB 0x0000000087500000| Untracked |  0
| 118|0x0000000087600000, 0x0000000087700000, 0x0000000087700000|100%| O|  |TAMS 0x0000000087600000| PB 0x0000000087600000| Untracked |  0
| 119|0x0000000087700000, 0x0000000087800000, 0x0000000087800000|100%| O|  |TAMS 0x0000000087700000| PB 0x0000000087700000| Untracked |  0
| 120|0x0000000087800000, 0x0000000087900000, 0x0000000087900000|100%| S|CS|TAMS 0x0000000087800000| PB 0x0000000087800000| Complete |  0
| 121|0x0000000087900000, 0x0000000087a00000, 0x0000000087a00000|100%| S|CS|TAMS 0x0000000087900000| PB 0x0000000087900000| Complete |  0
| 122|0x0000000087a00000, 0x0000000087b00000, 0x0000000087b00000|100%| S|CS|TAMS 0x0000000087a00000| PB 0x0000000087a00000| Complete |  0
| 123|0x0000000087b00000, 0x0000000087c00000, 0x0000000087c00000|100%| S|CS|TAMS 0x0000000087b00000| PB 0x0000000087b00000| Complete |  0
| 124|0x0000000087c00000, 0x0000000087d00000, 0x0000000087d00000|100%| S|CS|TAMS 0x0000000087c00000| PB 0x0000000087c00000| Complete |  0
| 125|0x0000000087d00000, 0x0000000087e00000, 0x0000000087e00000|100%| S|CS|TAMS 0x0000000087d00000| PB 0x0000000087d00000| Complete |  0
| 126|0x0000000087e00000, 0x0000000087f00000, 0x0000000087f00000|100%| S|CS|TAMS 0x0000000087e00000| PB 0x0000000087e00000| Complete |  0
| 127|0x0000000087f00000, 0x0000000088000000, 0x0000000088000000|100%| S|CS|TAMS 0x0000000087f00000| PB 0x0000000087f00000| Complete |  0
| 128|0x0000000088000000, 0x0000000088000000, 0x0000000088100000|  0%| F|  |TAMS 0x0000000088000000| PB 0x0000000088000000| Untracked |  0
| 129|0x0000000088100000, 0x0000000088100000, 0x0000000088200000|  0%| F|  |TAMS 0x0000000088100000| PB 0x0000000088100000| Untracked |  0
| 130|0x0000000088200000, 0x0000000088200000, 0x0000000088300000|  0%| F|  |TAMS 0x0000000088200000| PB 0x0000000088200000| Untracked |  0
| 131|0x0000000088300000, 0x0000000088300000, 0x0000000088400000|  0%| F|  |TAMS 0x0000000088300000| PB 0x0000000088300000| Untracked |  0
| 132|0x0000000088400000, 0x0000000088400000, 0x0000000088500000|  0%| F|  |TAMS 0x0000000088400000| PB 0x0000000088400000| Untracked |  0
| 133|0x0000000088500000, 0x0000000088500000, 0x0000000088600000|  0%| F|  |TAMS 0x0000000088500000| PB 0x0000000088500000| Untracked |  0
| 134|0x0000000088600000, 0x0000000088600000, 0x0000000088700000|  0%| F|  |TAMS 0x0000000088600000| PB 0x0000000088600000| Untracked |  0
| 135|0x0000000088700000, 0x0000000088700000, 0x0000000088800000|  0%| F|  |TAMS 0x0000000088700000| PB 0x0000000088700000| Untracked |  0
| 136|0x0000000088800000, 0x0000000088800000, 0x0000000088900000|  0%| F|  |TAMS 0x0000000088800000| PB 0x0000000088800000| Untracked |  0
| 137|0x0000000088900000, 0x0000000088a00000, 0x0000000088a00000|100%| O|  |TAMS 0x0000000088900000| PB 0x0000000088900000| Untracked |  0
| 138|0x0000000088a00000, 0x0000000088b00000, 0x0000000088b00000|100%| O|  |TAMS 0x0000000088a00000| PB 0x0000000088a00000| Untracked |  0
| 139|0x0000000088b00000, 0x0000000088c00000, 0x0000000088c00000|100%| O|  |TAMS 0x0000000088b00000| PB 0x0000000088b00000| Untracked |  0
| 140|0x0000000088c00000, 0x0000000088d00000, 0x0000000088d00000|100%| O|  |TAMS 0x0000000088c00000| PB 0x0000000088c00000| Untracked |  0
| 141|0x0000000088d00000, 0x0000000088e00000, 0x0000000088e00000|100%| O|  |TAMS 0x0000000088d00000| PB 0x0000000088d00000| Untracked |  0
| 142|0x0000000088e00000, 0x0000000088f00000, 0x0000000088f00000|100%| O|  |TAMS 0x0000000088e00000| PB 0x0000000088e00000| Untracked |  0
| 143|0x0000000088f00000, 0x0000000089000000, 0x0000000089000000|100%| O|  |TAMS 0x0000000088f00000| PB 0x0000000088f00000| Untracked |  0
| 144|0x0000000089000000, 0x0000000089100000, 0x0000000089100000|100%| O|  |TAMS 0x0000000089000000| PB 0x0000000089000000| Untracked |  0
| 145|0x0000000089100000, 0x0000000089200000, 0x0000000089200000|100%| O|  |TAMS 0x0000000089100000| PB 0x0000000089100000| Untracked |  0
| 146|0x0000000089200000, 0x0000000089300000, 0x0000000089300000|100%| O|  |TAMS 0x0000000089200000| PB 0x0000000089200000| Untracked |  0
| 147|0x0000000089300000, 0x0000000089300000, 0x0000000089400000|  0%| F|  |TAMS 0x0000000089300000| PB 0x0000000089300000| Untracked |  0
| 148|0x0000000089400000, 0x0000000089400000, 0x0000000089500000|  0%| F|  |TAMS 0x0000000089400000| PB 0x0000000089400000| Untracked |  0
| 149|0x0000000089500000, 0x0000000089500000, 0x0000000089600000|  0%| F|  |TAMS 0x0000000089500000| PB 0x0000000089500000| Untracked |  0
| 150|0x0000000089600000, 0x0000000089600000, 0x0000000089700000|  0%| F|  |TAMS 0x0000000089600000| PB 0x0000000089600000| Untracked |  0
| 151|0x0000000089700000, 0x0000000089700000, 0x0000000089800000|  0%| F|  |TAMS 0x0000000089700000| PB 0x0000000089700000| Untracked |  0
| 152|0x0000000089800000, 0x0000000089800000, 0x0000000089900000|  0%| F|  |TAMS 0x0000000089800000| PB 0x0000000089800000| Untracked |  0
| 153|0x0000000089900000, 0x0000000089900000, 0x0000000089a00000|  0%| F|  |TAMS 0x0000000089900000| PB 0x0000000089900000| Untracked |  0
| 154|0x0000000089a00000, 0x0000000089a00000, 0x0000000089b00000|  0%| F|  |TAMS 0x0000000089a00000| PB 0x0000000089a00000| Untracked |  0
| 155|0x0000000089b00000, 0x0000000089b00000, 0x0000000089c00000|  0%| F|  |TAMS 0x0000000089b00000| PB 0x0000000089b00000| Untracked |  0
| 156|0x0000000089c00000, 0x0000000089c00000, 0x0000000089d00000|  0%| F|  |TAMS 0x0000000089c00000| PB 0x0000000089c00000| Untracked |  0
| 157|0x0000000089d00000, 0x0000000089d00000, 0x0000000089e00000|  0%| F|  |TAMS 0x0000000089d00000| PB 0x0000000089d00000| Untracked |  0
| 158|0x0000000089e00000, 0x0000000089e00000, 0x0000000089f00000|  0%| F|  |TAMS 0x0000000089e00000| PB 0x0000000089e00000| Untracked |  0
| 159|0x0000000089f00000, 0x0000000089f00000, 0x000000008a000000|  0%| F|  |TAMS 0x0000000089f00000| PB 0x0000000089f00000| Untracked |  0
| 160|0x000000008a000000, 0x000000008a000000, 0x000000008a100000|  0%| F|  |TAMS 0x000000008a000000| PB 0x000000008a000000| Untracked |  0
| 161|0x000000008a100000, 0x000000008a100000, 0x000000008a200000|  0%| F|  |TAMS 0x000000008a100000| PB 0x000000008a100000| Untracked |  0
| 162|0x000000008a200000, 0x000000008a200000, 0x000000008a300000|  0%| F|  |TAMS 0x000000008a200000| PB 0x000000008a200000| Untracked |  0
| 163|0x000000008a300000, 0x000000008a300000, 0x000000008a400000|  0%| F|  |TAMS 0x000000008a300000| PB 0x000000008a300000| Untracked |  0
| 164|0x000000008a400000, 0x000000008a400000, 0x000000008a500000|  0%| F|  |TAMS 0x000000008a400000| PB 0x000000008a400000| Untracked |  0
| 165|0x000000008a500000, 0x000000008a500000, 0x000000008a600000|  0%| F|  |TAMS 0x000000008a500000| PB 0x000000008a500000| Untracked |  0
| 166|0x000000008a600000, 0x000000008a600000, 0x000000008a700000|  0%| F|  |TAMS 0x000000008a600000| PB 0x000000008a600000| Untracked |  0
| 167|0x000000008a700000, 0x000000008a700000, 0x000000008a800000|  0%| F|  |TAMS 0x000000008a700000| PB 0x000000008a700000| Untracked |  0
| 168|0x000000008a800000, 0x000000008a800000, 0x000000008a900000|  0%| F|  |TAMS 0x000000008a800000| PB 0x000000008a800000| Untracked |  0
| 169|0x000000008a900000, 0x000000008a900000, 0x000000008aa00000|  0%| F|  |TAMS 0x000000008a900000| PB 0x000000008a900000| Untracked |  0
| 170|0x000000008aa00000, 0x000000008aa00000, 0x000000008ab00000|  0%| F|  |TAMS 0x000000008aa00000| PB 0x000000008aa00000| Untracked |  0
| 171|0x000000008ab00000, 0x000000008ab00000, 0x000000008ac00000|  0%| F|  |TAMS 0x000000008ab00000| PB 0x000000008ab00000| Untracked |  0
| 172|0x000000008ac00000, 0x000000008ac00000, 0x000000008ad00000|  0%| F|  |TAMS 0x000000008ac00000| PB 0x000000008ac00000| Untracked |  0
| 173|0x000000008ad00000, 0x000000008ad00000, 0x000000008ae00000|  0%| F|  |TAMS 0x000000008ad00000| PB 0x000000008ad00000| Untracked |  0
| 174|0x000000008ae00000, 0x000000008ae00000, 0x000000008af00000|  0%| F|  |TAMS 0x000000008ae00000| PB 0x000000008ae00000| Untracked |  0
| 175|0x000000008af00000, 0x000000008af00000, 0x000000008b000000|  0%| F|  |TAMS 0x000000008af00000| PB 0x000000008af00000| Untracked |  0
| 176|0x000000008b000000, 0x000000008b000000, 0x000000008b100000|  0%| F|  |TAMS 0x000000008b000000| PB 0x000000008b000000| Untracked |  0
| 177|0x000000008b100000, 0x000000008b100000, 0x000000008b200000|  0%| F|  |TAMS 0x000000008b100000| PB 0x000000008b100000| Untracked |  0
| 178|0x000000008b200000, 0x000000008b200000, 0x000000008b300000|  0%| F|  |TAMS 0x000000008b200000| PB 0x000000008b200000| Untracked |  0
| 179|0x000000008b300000, 0x000000008b300000, 0x000000008b400000|  0%| F|  |TAMS 0x000000008b300000| PB 0x000000008b300000| Untracked |  0
| 180|0x000000008b400000, 0x000000008b400000, 0x000000008b500000|  0%| F|  |TAMS 0x000000008b400000| PB 0x000000008b400000| Untracked |  0
| 181|0x000000008b500000, 0x000000008b500000, 0x000000008b600000|  0%| F|  |TAMS 0x000000008b500000| PB 0x000000008b500000| Untracked |  0
| 182|0x000000008b600000, 0x000000008b600000, 0x000000008b700000|  0%| F|  |TAMS 0x000000008b600000| PB 0x000000008b600000| Untracked |  0
| 183|0x000000008b700000, 0x000000008b700000, 0x000000008b800000|  0%| F|  |TAMS 0x000000008b700000| PB 0x000000008b700000| Untracked |  0
| 184|0x000000008b800000, 0x000000008b800000, 0x000000008b900000|  0%| F|  |TAMS 0x000000008b800000| PB 0x000000008b800000| Untracked |  0
| 185|0x000000008b900000, 0x000000008b900000, 0x000000008ba00000|  0%| F|  |TAMS 0x000000008b900000| PB 0x000000008b900000| Untracked |  0
| 186|0x000000008ba00000, 0x000000008ba00000, 0x000000008bb00000|  0%| F|  |TAMS 0x000000008ba00000| PB 0x000000008ba00000| Untracked |  0
| 187|0x000000008bb00000, 0x000000008bb00000, 0x000000008bc00000|  0%| F|  |TAMS 0x000000008bb00000| PB 0x000000008bb00000| Untracked |  0
| 188|0x000000008bc00000, 0x000000008bc00000, 0x000000008bd00000|  0%| F|  |TAMS 0x000000008bc00000| PB 0x000000008bc00000| Untracked |  0
| 189|0x000000008bd00000, 0x000000008bd00000, 0x000000008be00000|  0%| F|  |TAMS 0x000000008bd00000| PB 0x000000008bd00000| Untracked |  0
| 190|0x000000008be00000, 0x000000008be00000, 0x000000008bf00000|  0%| F|  |TAMS 0x000000008be00000| PB 0x000000008be00000| Untracked |  0
| 191|0x000000008bf00000, 0x000000008bf00000, 0x000000008c000000|  0%| F|  |TAMS 0x000000008bf00000| PB 0x000000008bf00000| Untracked |  0
| 192|0x000000008c000000, 0x000000008c000000, 0x000000008c100000|  0%| F|  |TAMS 0x000000008c000000| PB 0x000000008c000000| Untracked |  0
| 193|0x000000008c100000, 0x000000008c100000, 0x000000008c200000|  0%| F|  |TAMS 0x000000008c100000| PB 0x000000008c100000| Untracked |  0
| 194|0x000000008c200000, 0x000000008c200000, 0x000000008c300000|  0%| F|  |TAMS 0x000000008c200000| PB 0x000000008c200000| Untracked |  0
| 195|0x000000008c300000, 0x000000008c300000, 0x000000008c400000|  0%| F|  |TAMS 0x000000008c300000| PB 0x000000008c300000| Untracked |  0
| 196|0x000000008c400000, 0x000000008c400000, 0x000000008c500000|  0%| F|  |TAMS 0x000000008c400000| PB 0x000000008c400000| Untracked |  0
| 197|0x000000008c500000, 0x000000008c500000, 0x000000008c600000|  0%| F|  |TAMS 0x000000008c500000| PB 0x000000008c500000| Untracked |  0
| 198|0x000000008c600000, 0x000000008c600000, 0x000000008c700000|  0%| F|  |TAMS 0x000000008c600000| PB 0x000000008c600000| Untracked |  0
| 199|0x000000008c700000, 0x000000008c700000, 0x000000008c800000|  0%| F|  |TAMS 0x000000008c700000| PB 0x000000008c700000| Untracked |  0
| 200|0x000000008c800000, 0x000000008c800000, 0x000000008c900000|  0%| F|  |TAMS 0x000000008c800000| PB 0x000000008c800000| Untracked |  0
| 201|0x000000008c900000, 0x000000008c900000, 0x000000008ca00000|  0%| F|  |TAMS 0x000000008c900000| PB 0x000000008c900000| Untracked |  0
| 202|0x000000008ca00000, 0x000000008ca00000, 0x000000008cb00000|  0%| F|  |TAMS 0x000000008ca00000| PB 0x000000008ca00000| Untracked |  0
| 203|0x000000008cb00000, 0x000000008cb00000, 0x000000008cc00000|  0%| F|  |TAMS 0x000000008cb00000| PB 0x000000008cb00000| Untracked |  0
| 204|0x000000008cc00000, 0x000000008cc00000, 0x000000008cd00000|  0%| F|  |TAMS 0x000000008cc00000| PB 0x000000008cc00000| Untracked |  0
| 205|0x000000008cd00000, 0x000000008cd00000, 0x000000008ce00000|  0%| F|  |TAMS 0x000000008cd00000| PB 0x000000008cd00000| Untracked |  0
| 206|0x000000008ce00000, 0x000000008ce00000, 0x000000008cf00000|  0%| F|  |TAMS 0x000000008ce00000| PB 0x000000008ce00000| Untracked |  0
| 207|0x000000008cf00000, 0x000000008cf00000, 0x000000008d000000|  0%| F|  |TAMS 0x000000008cf00000| PB 0x000000008cf00000| Untracked |  0
| 208|0x000000008d000000, 0x000000008d000000, 0x000000008d100000|  0%| F|  |TAMS 0x000000008d000000| PB 0x000000008d000000| Untracked |  0
| 209|0x000000008d100000, 0x000000008d100000, 0x000000008d200000|  0%| F|  |TAMS 0x000000008d100000| PB 0x000000008d100000| Untracked |  0
| 210|0x000000008d200000, 0x000000008d200000, 0x000000008d300000|  0%| F|  |TAMS 0x000000008d200000| PB 0x000000008d200000| Untracked |  0
| 211|0x000000008d300000, 0x000000008d300000, 0x000000008d400000|  0%| F|  |TAMS 0x000000008d300000| PB 0x000000008d300000| Untracked |  0
| 212|0x000000008d400000, 0x000000008d400000, 0x000000008d500000|  0%| F|  |TAMS 0x000000008d400000| PB 0x000000008d400000| Untracked |  0
| 213|0x000000008d500000, 0x000000008d500000, 0x000000008d600000|  0%| F|  |TAMS 0x000000008d500000| PB 0x000000008d500000| Untracked |  0
| 214|0x000000008d600000, 0x000000008d600000, 0x000000008d700000|  0%| F|  |TAMS 0x000000008d600000| PB 0x000000008d600000| Untracked |  0
| 215|0x000000008d700000, 0x000000008d700000, 0x000000008d800000|  0%| F|  |TAMS 0x000000008d700000| PB 0x000000008d700000| Untracked |  0
| 216|0x000000008d800000, 0x000000008d800000, 0x000000008d900000|  0%| F|  |TAMS 0x000000008d800000| PB 0x000000008d800000| Untracked |  0
| 217|0x000000008d900000, 0x000000008d900000, 0x000000008da00000|  0%| F|  |TAMS 0x000000008d900000| PB 0x000000008d900000| Untracked |  0
| 218|0x000000008da00000, 0x000000008da00000, 0x000000008db00000|  0%| F|  |TAMS 0x000000008da00000| PB 0x000000008da00000| Untracked |  0
| 219|0x000000008db00000, 0x000000008db00000, 0x000000008dc00000|  0%| F|  |TAMS 0x000000008db00000| PB 0x000000008db00000| Untracked |  0
| 220|0x000000008dc00000, 0x000000008dc00000, 0x000000008dd00000|  0%| F|  |TAMS 0x000000008dc00000| PB 0x000000008dc00000| Untracked |  0
| 221|0x000000008dd00000, 0x000000008dd00000, 0x000000008de00000|  0%| F|  |TAMS 0x000000008dd00000| PB 0x000000008dd00000| Untracked |  0
| 222|0x000000008de00000, 0x000000008de00000, 0x000000008df00000|  0%| F|  |TAMS 0x000000008de00000| PB 0x000000008de00000| Untracked |  0
| 223|0x000000008df00000, 0x000000008df00000, 0x000000008e000000|  0%| F|  |TAMS 0x000000008df00000| PB 0x000000008df00000| Untracked |  0
| 224|0x000000008e000000, 0x000000008e000000, 0x000000008e100000|  0%| F|  |TAMS 0x000000008e000000| PB 0x000000008e000000| Untracked |  0
| 225|0x000000008e100000, 0x000000008e100000, 0x000000008e200000|  0%| F|  |TAMS 0x000000008e100000| PB 0x000000008e100000| Untracked |  0
| 226|0x000000008e200000, 0x000000008e200000, 0x000000008e300000|  0%| F|  |TAMS 0x000000008e200000| PB 0x000000008e200000| Untracked |  0
| 227|0x000000008e300000, 0x000000008e300000, 0x000000008e400000|  0%| F|  |TAMS 0x000000008e300000| PB 0x000000008e300000| Untracked |  0
| 228|0x000000008e400000, 0x000000008e400000, 0x000000008e500000|  0%| F|  |TAMS 0x000000008e400000| PB 0x000000008e400000| Untracked |  0
| 229|0x000000008e500000, 0x000000008e500000, 0x000000008e600000|  0%| F|  |TAMS 0x000000008e500000| PB 0x000000008e500000| Untracked |  0
| 230|0x000000008e600000, 0x000000008e600000, 0x000000008e700000|  0%| F|  |TAMS 0x000000008e600000| PB 0x000000008e600000| Untracked |  0
| 231|0x000000008e700000, 0x000000008e700000, 0x000000008e800000|  0%| F|  |TAMS 0x000000008e700000| PB 0x000000008e700000| Untracked |  0
| 232|0x000000008e800000, 0x000000008e800000, 0x000000008e900000|  0%| F|  |TAMS 0x000000008e800000| PB 0x000000008e800000| Untracked |  0
| 233|0x000000008e900000, 0x000000008e900000, 0x000000008ea00000|  0%| F|  |TAMS 0x000000008e900000| PB 0x000000008e900000| Untracked |  0
| 234|0x000000008ea00000, 0x000000008ea00000, 0x000000008eb00000|  0%| F|  |TAMS 0x000000008ea00000| PB 0x000000008ea00000| Untracked |  0
| 235|0x000000008eb00000, 0x000000008eb00000, 0x000000008ec00000|  0%| F|  |TAMS 0x000000008eb00000| PB 0x000000008eb00000| Untracked |  0
| 236|0x000000008ec00000, 0x000000008ec00000, 0x000000008ed00000|  0%| F|  |TAMS 0x000000008ec00000| PB 0x000000008ec00000| Untracked |  0
| 237|0x000000008ed00000, 0x000000008ed00000, 0x000000008ee00000|  0%| F|  |TAMS 0x000000008ed00000| PB 0x000000008ed00000| Untracked |  0
| 238|0x000000008ee00000, 0x000000008ee00000, 0x000000008ef00000|  0%| F|  |TAMS 0x000000008ee00000| PB 0x000000008ee00000| Untracked |  0
| 239|0x000000008ef00000, 0x000000008ef00000, 0x000000008f000000|  0%| F|  |TAMS 0x000000008ef00000| PB 0x000000008ef00000| Untracked |  0
| 240|0x000000008f000000, 0x000000008f000000, 0x000000008f100000|  0%| F|  |TAMS 0x000000008f000000| PB 0x000000008f000000| Untracked |  0
| 241|0x000000008f100000, 0x000000008f100000, 0x000000008f200000|  0%| F|  |TAMS 0x000000008f100000| PB 0x000000008f100000| Untracked |  0
| 242|0x000000008f200000, 0x000000008f200000, 0x000000008f300000|  0%| F|  |TAMS 0x000000008f200000| PB 0x000000008f200000| Untracked |  0
| 243|0x000000008f300000, 0x000000008f300000, 0x000000008f400000|  0%| F|  |TAMS 0x000000008f300000| PB 0x000000008f300000| Untracked |  0
| 244|0x000000008f400000, 0x000000008f400000, 0x000000008f500000|  0%| F|  |TAMS 0x000000008f400000| PB 0x000000008f400000| Untracked |  0
| 245|0x000000008f500000, 0x000000008f500000, 0x000000008f600000|  0%| F|  |TAMS 0x000000008f500000| PB 0x000000008f500000| Untracked |  0
| 246|0x000000008f600000, 0x000000008f600000, 0x000000008f700000|  0%| F|  |TAMS 0x000000008f600000| PB 0x000000008f600000| Untracked |  0
| 247|0x000000008f700000, 0x000000008f700000, 0x000000008f800000|  0%| F|  |TAMS 0x000000008f700000| PB 0x000000008f700000| Untracked |  0
| 248|0x000000008f800000, 0x000000008f800000, 0x000000008f900000|  0%| F|  |TAMS 0x000000008f800000| PB 0x000000008f800000| Untracked |  0
| 249|0x000000008f900000, 0x000000008f900000, 0x000000008fa00000|  0%| F|  |TAMS 0x000000008f900000| PB 0x000000008f900000| Untracked |  0
| 250|0x000000008fa00000, 0x000000008fa00000, 0x000000008fb00000|  0%| F|  |TAMS 0x000000008fa00000| PB 0x000000008fa00000| Untracked |  0
| 251|0x000000008fb00000, 0x000000008fb00000, 0x000000008fc00000|  0%| F|  |TAMS 0x000000008fb00000| PB 0x000000008fb00000| Untracked |  0
| 252|0x000000008fc00000, 0x000000008fc00000, 0x000000008fd00000|  0%| F|  |TAMS 0x000000008fc00000| PB 0x000000008fc00000| Untracked |  0
| 253|0x000000008fd00000, 0x000000008fd00000, 0x000000008fe00000|  0%| F|  |TAMS 0x000000008fd00000| PB 0x000000008fd00000| Untracked |  0
| 254|0x000000008fe00000, 0x000000008fe00000, 0x000000008ff00000|  0%| F|  |TAMS 0x000000008fe00000| PB 0x000000008fe00000| Untracked |  0
| 255|0x000000008ff00000, 0x000000008ff00000, 0x0000000090000000|  0%| F|  |TAMS 0x000000008ff00000| PB 0x000000008ff00000| Untracked |  0
| 256|0x0000000090000000, 0x0000000090000000, 0x0000000090100000|  0%| F|  |TAMS 0x0000000090000000| PB 0x0000000090000000| Untracked |  0
| 257|0x0000000090100000, 0x0000000090100000, 0x0000000090200000|  0%| F|  |TAMS 0x0000000090100000| PB 0x0000000090100000| Untracked |  0
| 258|0x0000000090200000, 0x0000000090200000, 0x0000000090300000|  0%| F|  |TAMS 0x0000000090200000| PB 0x0000000090200000| Untracked |  0
| 259|0x0000000090300000, 0x0000000090300000, 0x0000000090400000|  0%| F|  |TAMS 0x0000000090300000| PB 0x0000000090300000| Untracked |  0
| 260|0x0000000090400000, 0x0000000090400000, 0x0000000090500000|  0%| F|  |TAMS 0x0000000090400000| PB 0x0000000090400000| Untracked |  0
| 261|0x0000000090500000, 0x0000000090500000, 0x0000000090600000|  0%| F|  |TAMS 0x0000000090500000| PB 0x0000000090500000| Untracked |  0
| 262|0x0000000090600000, 0x0000000090600000, 0x0000000090700000|  0%| F|  |TAMS 0x0000000090600000| PB 0x0000000090600000| Untracked |  0
| 263|0x0000000090700000, 0x0000000090700000, 0x0000000090800000|  0%| F|  |TAMS 0x0000000090700000| PB 0x0000000090700000| Untracked |  0
| 264|0x0000000090800000, 0x0000000090800000, 0x0000000090900000|  0%| F|  |TAMS 0x0000000090800000| PB 0x0000000090800000| Untracked |  0
| 265|0x0000000090900000, 0x0000000090900000, 0x0000000090a00000|  0%| F|  |TAMS 0x0000000090900000| PB 0x0000000090900000| Untracked |  0
| 266|0x0000000090a00000, 0x0000000090a00000, 0x0000000090b00000|  0%| F|  |TAMS 0x0000000090a00000| PB 0x0000000090a00000| Untracked |  0
| 267|0x0000000090b00000, 0x0000000090b00000, 0x0000000090c00000|  0%| F|  |TAMS 0x0000000090b00000| PB 0x0000000090b00000| Untracked |  0
| 268|0x0000000090c00000, 0x0000000090c00000, 0x0000000090d00000|  0%| F|  |TAMS 0x0000000090c00000| PB 0x0000000090c00000| Untracked |  0
| 269|0x0000000090d00000, 0x0000000090d00000, 0x0000000090e00000|  0%| F|  |TAMS 0x0000000090d00000| PB 0x0000000090d00000| Untracked |  0
| 270|0x0000000090e00000, 0x0000000090e00000, 0x0000000090f00000|  0%| F|  |TAMS 0x0000000090e00000| PB 0x0000000090e00000| Untracked |  0
| 271|0x0000000090f00000, 0x0000000090f00000, 0x0000000091000000|  0%| F|  |TAMS 0x0000000090f00000| PB 0x0000000090f00000| Untracked |  0
| 272|0x0000000091000000, 0x0000000091000000, 0x0000000091100000|  0%| F|  |TAMS 0x0000000091000000| PB 0x0000000091000000| Untracked |  0
| 273|0x0000000091100000, 0x0000000091100000, 0x0000000091200000|  0%| F|  |TAMS 0x0000000091100000| PB 0x0000000091100000| Untracked |  0
| 274|0x0000000091200000, 0x0000000091200000, 0x0000000091300000|  0%| F|  |TAMS 0x0000000091200000| PB 0x0000000091200000| Untracked |  0
| 275|0x0000000091300000, 0x0000000091300000, 0x0000000091400000|  0%| F|  |TAMS 0x0000000091300000| PB 0x0000000091300000| Untracked |  0
| 276|0x0000000091400000, 0x0000000091400000, 0x0000000091500000|  0%| F|  |TAMS 0x0000000091400000| PB 0x0000000091400000| Untracked |  0
| 277|0x0000000091500000, 0x0000000091500000, 0x0000000091600000|  0%| F|  |TAMS 0x0000000091500000| PB 0x0000000091500000| Untracked |  0
| 278|0x0000000091600000, 0x0000000091600000, 0x0000000091700000|  0%| F|  |TAMS 0x0000000091600000| PB 0x0000000091600000| Untracked |  0
| 279|0x0000000091700000, 0x0000000091700000, 0x0000000091800000|  0%| F|  |TAMS 0x0000000091700000| PB 0x0000000091700000| Untracked |  0
| 280|0x0000000091800000, 0x0000000091800000, 0x0000000091900000|  0%| F|  |TAMS 0x0000000091800000| PB 0x0000000091800000| Untracked |  0
| 281|0x0000000091900000, 0x0000000091900000, 0x0000000091a00000|  0%| F|  |TAMS 0x0000000091900000| PB 0x0000000091900000| Untracked |  0
| 282|0x0000000091a00000, 0x0000000091a00000, 0x0000000091b00000|  0%| F|  |TAMS 0x0000000091a00000| PB 0x0000000091a00000| Untracked |  0
| 283|0x0000000091b00000, 0x0000000091b00000, 0x0000000091c00000|  0%| F|  |TAMS 0x0000000091b00000| PB 0x0000000091b00000| Untracked |  0
| 284|0x0000000091c00000, 0x0000000091c00000, 0x0000000091d00000|  0%| F|  |TAMS 0x0000000091c00000| PB 0x0000000091c00000| Untracked |  0
| 285|0x0000000091d00000, 0x0000000091d00000, 0x0000000091e00000|  0%| F|  |TAMS 0x0000000091d00000| PB 0x0000000091d00000| Untracked |  0
| 286|0x0000000091e00000, 0x0000000091e00000, 0x0000000091f00000|  0%| F|  |TAMS 0x0000000091e00000| PB 0x0000000091e00000| Untracked |  0
| 287|0x0000000091f00000, 0x0000000091f00000, 0x0000000092000000|  0%| F|  |TAMS 0x0000000091f00000| PB 0x0000000091f00000| Untracked |  0
| 288|0x0000000092000000, 0x0000000092000000, 0x0000000092100000|  0%| F|  |TAMS 0x0000000092000000| PB 0x0000000092000000| Untracked |  0
| 289|0x0000000092100000, 0x0000000092100000, 0x0000000092200000|  0%| F|  |TAMS 0x0000000092100000| PB 0x0000000092100000| Untracked |  0
| 290|0x0000000092200000, 0x0000000092200000, 0x0000000092300000|  0%| F|  |TAMS 0x0000000092200000| PB 0x0000000092200000| Untracked |  0
| 291|0x0000000092300000, 0x0000000092300000, 0x0000000092400000|  0%| F|  |TAMS 0x0000000092300000| PB 0x0000000092300000| Untracked |  0
| 292|0x0000000092400000, 0x0000000092400000, 0x0000000092500000|  0%| F|  |TAMS 0x0000000092400000| PB 0x0000000092400000| Untracked |  0
| 293|0x0000000092500000, 0x0000000092500000, 0x0000000092600000|  0%| F|  |TAMS 0x0000000092500000| PB 0x0000000092500000| Untracked |  0
| 294|0x0000000092600000, 0x0000000092600000, 0x0000000092700000|  0%| F|  |TAMS 0x0000000092600000| PB 0x0000000092600000| Untracked |  0
| 295|0x0000000092700000, 0x0000000092700000, 0x0000000092800000|  0%| F|  |TAMS 0x0000000092700000| PB 0x0000000092700000| Untracked |  0
| 296|0x0000000092800000, 0x0000000092800000, 0x0000000092900000|  0%| F|  |TAMS 0x0000000092800000| PB 0x0000000092800000| Untracked |  0
| 297|0x0000000092900000, 0x0000000092900000, 0x0000000092a00000|  0%| F|  |TAMS 0x0000000092900000| PB 0x0000000092900000| Untracked |  0
| 298|0x0000000092a00000, 0x0000000092a00000, 0x0000000092b00000|  0%| F|  |TAMS 0x0000000092a00000| PB 0x0000000092a00000| Untracked |  0
| 299|0x0000000092b00000, 0x0000000092b00000, 0x0000000092c00000|  0%| F|  |TAMS 0x0000000092b00000| PB 0x0000000092b00000| Untracked |  0
| 300|0x0000000092c00000, 0x0000000092c00000, 0x0000000092d00000|  0%| F|  |TAMS 0x0000000092c00000| PB 0x0000000092c00000| Untracked |  0
| 301|0x0000000092d00000, 0x0000000092d00000, 0x0000000092e00000|  0%| F|  |TAMS 0x0000000092d00000| PB 0x0000000092d00000| Untracked |  0
| 302|0x0000000092e00000, 0x0000000092e00000, 0x0000000092f00000|  0%| F|  |TAMS 0x0000000092e00000| PB 0x0000000092e00000| Untracked |  0
| 303|0x0000000092f00000, 0x0000000092f00000, 0x0000000093000000|  0%| F|  |TAMS 0x0000000092f00000| PB 0x0000000092f00000| Untracked |  0
| 304|0x0000000093000000, 0x0000000093000000, 0x0000000093100000|  0%| F|  |TAMS 0x0000000093000000| PB 0x0000000093000000| Untracked |  0
| 305|0x0000000093100000, 0x0000000093100000, 0x0000000093200000|  0%| F|  |TAMS 0x0000000093100000| PB 0x0000000093100000| Untracked |  0
| 306|0x0000000093200000, 0x0000000093200000, 0x0000000093300000|  0%| F|  |TAMS 0x0000000093200000| PB 0x0000000093200000| Untracked |  0
| 307|0x0000000093300000, 0x0000000093300000, 0x0000000093400000|  0%| F|  |TAMS 0x0000000093300000| PB 0x0000000093300000| Untracked |  0
| 308|0x0000000093400000, 0x0000000093400000, 0x0000000093500000|  0%| F|  |TAMS 0x0000000093400000| PB 0x0000000093400000| Untracked |  0
| 309|0x0000000093500000, 0x0000000093500000, 0x0000000093600000|  0%| F|  |TAMS 0x0000000093500000| PB 0x0000000093500000| Untracked |  0
| 310|0x0000000093600000, 0x0000000093600000, 0x0000000093700000|  0%| F|  |TAMS 0x0000000093600000| PB 0x0000000093600000| Untracked |  0
| 311|0x0000000093700000, 0x0000000093700000, 0x0000000093800000|  0%| F|  |TAMS 0x0000000093700000| PB 0x0000000093700000| Untracked |  0
| 312|0x0000000093800000, 0x0000000093800000, 0x0000000093900000|  0%| F|  |TAMS 0x0000000093800000| PB 0x0000000093800000| Untracked |  0
| 313|0x0000000093900000, 0x0000000093900000, 0x0000000093a00000|  0%| F|  |TAMS 0x0000000093900000| PB 0x0000000093900000| Untracked |  0
| 314|0x0000000093a00000, 0x0000000093a00000, 0x0000000093b00000|  0%| F|  |TAMS 0x0000000093a00000| PB 0x0000000093a00000| Untracked |  0
| 315|0x0000000093b00000, 0x0000000093b00000, 0x0000000093c00000|  0%| F|  |TAMS 0x0000000093b00000| PB 0x0000000093b00000| Untracked |  0
| 316|0x0000000093c00000, 0x0000000093c00000, 0x0000000093d00000|  0%| F|  |TAMS 0x0000000093c00000| PB 0x0000000093c00000| Untracked |  0
| 317|0x0000000093d00000, 0x0000000093d00000, 0x0000000093e00000|  0%| F|  |TAMS 0x0000000093d00000| PB 0x0000000093d00000| Untracked |  0
| 318|0x0000000093e00000, 0x0000000093e00000, 0x0000000093f00000|  0%| F|  |TAMS 0x0000000093e00000| PB 0x0000000093e00000| Untracked |  0
| 319|0x0000000093f00000, 0x0000000093f00000, 0x0000000094000000|  0%| F|  |TAMS 0x0000000093f00000| PB 0x0000000093f00000| Untracked |  0
| 320|0x0000000094000000, 0x0000000094000000, 0x0000000094100000|  0%| F|  |TAMS 0x0000000094000000| PB 0x0000000094000000| Untracked |  0
| 321|0x0000000094100000, 0x0000000094100000, 0x0000000094200000|  0%| F|  |TAMS 0x0000000094100000| PB 0x0000000094100000| Untracked |  0
| 322|0x0000000094200000, 0x0000000094200000, 0x0000000094300000|  0%| F|  |TAMS 0x0000000094200000| PB 0x0000000094200000| Untracked |  0
| 323|0x0000000094300000, 0x0000000094300000, 0x0000000094400000|  0%| F|  |TAMS 0x0000000094300000| PB 0x0000000094300000| Untracked |  0
| 324|0x0000000094400000, 0x0000000094400000, 0x0000000094500000|  0%| F|  |TAMS 0x0000000094400000| PB 0x0000000094400000| Untracked |  0
| 325|0x0000000094500000, 0x0000000094500000, 0x0000000094600000|  0%| F|  |TAMS 0x0000000094500000| PB 0x0000000094500000| Untracked |  0
| 326|0x0000000094600000, 0x0000000094600000, 0x0000000094700000|  0%| F|  |TAMS 0x0000000094600000| PB 0x0000000094600000| Untracked |  0
| 327|0x0000000094700000, 0x0000000094700000, 0x0000000094800000|  0%| F|  |TAMS 0x0000000094700000| PB 0x0000000094700000| Untracked |  0
| 328|0x0000000094800000, 0x0000000094800000, 0x0000000094900000|  0%| F|  |TAMS 0x0000000094800000| PB 0x0000000094800000| Untracked |  0
| 329|0x0000000094900000, 0x0000000094900000, 0x0000000094a00000|  0%| F|  |TAMS 0x0000000094900000| PB 0x0000000094900000| Untracked |  0
| 330|0x0000000094a00000, 0x0000000094a00000, 0x0000000094b00000|  0%| F|  |TAMS 0x0000000094a00000| PB 0x0000000094a00000| Untracked |  0
| 331|0x0000000094b00000, 0x0000000094b00000, 0x0000000094c00000|  0%| F|  |TAMS 0x0000000094b00000| PB 0x0000000094b00000| Untracked |  0
| 332|0x0000000094c00000, 0x0000000094c00000, 0x0000000094d00000|  0%| F|  |TAMS 0x0000000094c00000| PB 0x0000000094c00000| Untracked |  0
| 333|0x0000000094d00000, 0x0000000094d00000, 0x0000000094e00000|  0%| F|  |TAMS 0x0000000094d00000| PB 0x0000000094d00000| Untracked |  0
| 334|0x0000000094e00000, 0x0000000094e00000, 0x0000000094f00000|  0%| F|  |TAMS 0x0000000094e00000| PB 0x0000000094e00000| Untracked |  0
| 335|0x0000000094f00000, 0x0000000094f00000, 0x0000000095000000|  0%| F|  |TAMS 0x0000000094f00000| PB 0x0000000094f00000| Untracked |  0
| 336|0x0000000095000000, 0x0000000095000000, 0x0000000095100000|  0%| F|  |TAMS 0x0000000095000000| PB 0x0000000095000000| Untracked |  0
| 337|0x0000000095100000, 0x0000000095100000, 0x0000000095200000|  0%| F|  |TAMS 0x0000000095100000| PB 0x0000000095100000| Untracked |  0
| 338|0x0000000095200000, 0x0000000095200000, 0x0000000095300000|  0%| F|  |TAMS 0x0000000095200000| PB 0x0000000095200000| Untracked |  0
| 339|0x0000000095300000, 0x0000000095300000, 0x0000000095400000|  0%| F|  |TAMS 0x0000000095300000| PB 0x0000000095300000| Untracked |  0
| 340|0x0000000095400000, 0x0000000095400000, 0x0000000095500000|  0%| F|  |TAMS 0x0000000095400000| PB 0x0000000095400000| Untracked |  0
| 341|0x0000000095500000, 0x0000000095580000, 0x0000000095600000| 50%| E|  |TAMS 0x0000000095500000| PB 0x0000000095500000| Complete |  0
| 342|0x0000000095600000, 0x0000000095700000, 0x0000000095700000|100%| S|CS|TAMS 0x0000000095600000| PB 0x0000000095600000| Complete |  0
| 343|0x0000000095700000, 0x0000000095800000, 0x0000000095800000|100%| S|CS|TAMS 0x0000000095700000| PB 0x0000000095700000| Complete |  0
| 344|0x0000000095800000, 0x0000000095900000, 0x0000000095900000|100%| E|CS|TAMS 0x0000000095800000| PB 0x0000000095800000| Complete |  0
| 345|0x0000000095900000, 0x0000000095a00000, 0x0000000095a00000|100%| E|CS|TAMS 0x0000000095900000| PB 0x0000000095900000| Complete |  0
| 346|0x0000000095a00000, 0x0000000095b00000, 0x0000000095b00000|100%| E|CS|TAMS 0x0000000095a00000| PB 0x0000000095a00000| Complete |  0
| 347|0x0000000095b00000, 0x0000000095c00000, 0x0000000095c00000|100%| S|CS|TAMS 0x0000000095b00000| PB 0x0000000095b00000| Complete |  0
| 348|0x0000000095c00000, 0x0000000095d00000, 0x0000000095d00000|100%| S|CS|TAMS 0x0000000095c00000| PB 0x0000000095c00000| Complete |  0
| 349|0x0000000095d00000, 0x0000000095e00000, 0x0000000095e00000|100%| S|CS|TAMS 0x0000000095d00000| PB 0x0000000095d00000| Complete |  0
| 350|0x0000000095e00000, 0x0000000095f00000, 0x0000000095f00000|100%| S|CS|TAMS 0x0000000095e00000| PB 0x0000000095e00000| Complete |  0
| 351|0x0000000095f00000, 0x0000000096000000, 0x0000000096000000|100%| S|CS|TAMS 0x0000000095f00000| PB 0x0000000095f00000| Complete |  0
| 352|0x0000000096000000, 0x0000000096100000, 0x0000000096100000|100%| S|CS|TAMS 0x0000000096000000| PB 0x0000000096000000| Complete |  0
| 353|0x0000000096100000, 0x0000000096200000, 0x0000000096200000|100%| S|CS|TAMS 0x0000000096100000| PB 0x0000000096100000| Complete |  0
| 354|0x0000000096200000, 0x0000000096300000, 0x0000000096300000|100%| S|CS|TAMS 0x0000000096200000| PB 0x0000000096200000| Complete |  0
| 355|0x0000000096300000, 0x0000000096400000, 0x0000000096400000|100%| S|CS|TAMS 0x0000000096300000| PB 0x0000000096300000| Complete |  0
| 356|0x0000000096400000, 0x0000000096500000, 0x0000000096500000|100%| S|CS|TAMS 0x0000000096400000| PB 0x0000000096400000| Complete |  0
| 357|0x0000000096500000, 0x0000000096600000, 0x0000000096600000|100%| S|CS|TAMS 0x0000000096500000| PB 0x0000000096500000| Complete |  0
| 358|0x0000000096600000, 0x0000000096700000, 0x0000000096700000|100%| S|CS|TAMS 0x0000000096600000| PB 0x0000000096600000| Complete |  0
| 359|0x0000000096700000, 0x0000000096800000, 0x0000000096800000|100%| S|CS|TAMS 0x0000000096700000| PB 0x0000000096700000| Complete |  0
| 360|0x0000000096800000, 0x0000000096900000, 0x0000000096900000|100%| S|CS|TAMS 0x0000000096800000| PB 0x0000000096800000| Complete |  0
| 361|0x0000000096900000, 0x0000000096a00000, 0x0000000096a00000|100%| S|CS|TAMS 0x0000000096900000| PB 0x0000000096900000| Complete |  0
| 362|0x0000000096a00000, 0x0000000096a80000, 0x0000000096b00000| 50%| S|CS|TAMS 0x0000000096a00000| PB 0x0000000096a00000| Complete |  0
|2037|0x00000000ff500000, 0x00000000ff540800, 0x00000000ff600000| 25%| O|  |TAMS 0x00000000ff500000| PB 0x00000000ff500000| Untracked |  0
|2038|0x00000000ff600000, 0x00000000ff700000, 0x00000000ff700000|100%| O|Cm|TAMS 0x00000000ff600000| PB 0x00000000ff600000| Complete |  0
|2039|0x00000000ff700000, 0x00000000ff800000, 0x00000000ff800000|100%| E|CS|TAMS 0x00000000ff700000| PB 0x00000000ff700000| Complete |  0
|2040|0x00000000ff800000, 0x00000000ff900000, 0x00000000ff900000|100%| O|  |TAMS 0x00000000ff800000| PB 0x00000000ff800000| Untracked |  0
|2041|0x00000000ff900000, 0x00000000ffa00000, 0x00000000ffa00000|100%| O|  |TAMS 0x00000000ff900000| PB 0x00000000ff900000| Untracked |  0
|2042|0x00000000ffa00000, 0x00000000ffb00000, 0x00000000ffb00000|100%| E|  |TAMS 0x00000000ffa00000| PB 0x00000000ffa00000| Complete |  0
|2043|0x00000000ffb00000, 0x00000000ffc00000, 0x00000000ffc00000|100%| E|CS|TAMS 0x00000000ffb00000| PB 0x00000000ffb00000| Complete |  0
|2044|0x00000000ffc00000, 0x00000000ffd00000, 0x00000000ffd00000|100%| O|  |TAMS 0x00000000ffc00000| PB 0x00000000ffc00000| Untracked |  0
|2045|0x00000000ffd00000, 0x00000000ffe00000, 0x00000000ffe00000|100%| O|  |TAMS 0x00000000ffd00000| PB 0x00000000ffd00000| Untracked |  0
|2046|0x00000000ffe00000, 0x00000000fff00000, 0x00000000fff00000|100%| E|CS|TAMS 0x00000000ffe00000| PB 0x00000000ffe00000| Complete |  0
|2047|0x00000000fff00000, 0x0000000100000000, 0x0000000100000000|100%| O|  |TAMS 0x00000000fff00000| PB 0x00000000fff00000| Untracked |  0

Card table byte_map: [0x000001b465210000,0x000001b465610000] _byte_map_base: 0x000001b464e10000

Marking Bits: (CMBitMap*) 0x000001b45065e420
 Bits: [0x000001b465610000, 0x000001b467610000)

Polling page: 0x000001b4520e0000

Metaspace:
Metaspace        used 124897K, committed 127104K, reserved 1179648K
 class space     used 18390K, committed 19456K, reserved 1048576K

Usage:
  Non-class:    104.01 MB used.
      Class:     17.96 MB used.
       Both:    121.97 MB used.

Virtual space:
  Non-class space:      128.00 MB reserved,     105.12 MB ( 82%) committed,  2 nodes.
      Class space:        1.00 GB reserved,      19.00 MB (  2%) committed,  1 nodes.
             Both:        1.12 GB reserved,     124.12 MB ( 11%) committed. 

Chunk freelists:
   Non-Class:  6.17 MB
       Class:  13.03 MB
        Both:  19.20 MB

MaxMetaspaceSize: unlimited
CompressedClassSpaceSize: 1.00 GB
Initial GC threshold: 21.00 MB
Current GC threshold: 193.06 MB
CDS: off
 - commit_granule_bytes: 65536.
 - commit_granule_words: 8192.
 - virtual_space_node_default_size: 8388608.
 - enlarge_chunks_in_place: 1.
UseCompressedClassPointers 1, UseCompactObjectHeaders 0
Narrow klass pointer bits 32, Max shift 3
Narrow klass base: 0x0000000000000000, Narrow klass shift: 0
Encoding Range: [0x0000000000000000 - 0x0000000100000000), (4294967296 bytes)
Klass Range:    [0x0000000005000000 - 0x0000000045000000), (1073741824 bytes)
Klass ID Range:  [83886080 - 1157627897) (1073741817)
No protection zone.


Internal statistics:

num_allocs_failed_limit: 6.
num_arena_births: 4190.
num_arena_deaths: 0.
num_vsnodes_births: 3.
num_vsnodes_deaths: 0.
num_space_committed: 1984.
num_space_uncommitted: 0.
num_chunks_returned_to_freelist: 6.
num_chunks_taken_from_freelist: 9171.
num_chunk_merges: 6.
num_chunk_splits: 6224.
num_chunks_enlarged: 4224.
num_inconsistent_stats: 0.

CodeHeap 'non-profiled nmethods': size=120064Kb used=6958Kb max_used=6958Kb free=113105Kb
 bounds [0x000001b45d8d0000, 0x000001b45dfa0000, 0x000001b464e10000]
CodeHeap 'profiled nmethods': size=120000Kb used=17765Kb max_used=17765Kb free=102234Kb
 bounds [0x000001b455e10000, 0x000001b456f70000, 0x000001b45d340000]
CodeHeap 'non-nmethods': size=5696Kb used=2067Kb max_used=2201Kb free=3628Kb
 bounds [0x000001b45d340000, 0x000001b45d5b0000, 0x000001b45d8d0000]
CodeCache: size=245760Kb, used=26790Kb, max_used=26924Kb, free=218967Kb
 total_blobs=13756, nmethods=12830, adapters=826, full_count=0
Compilation: enabled, stopped_count=0, restarted_count=0

Compilation events (20 events):
Event: 53.321 Thread 0x000001b469c35980 nmethod 15363 0x000001b45df97708 code [0x000001b45df97800, 0x000001b45df978c8]
Event: 53.321 Thread 0x000001b469c35980 15364       1       sun.security.x509.Extension::getExtensionValue (5 bytes)
Event: 53.321 Thread 0x000001b469c35980 nmethod 15364 0x000001b45df97a08 code [0x000001b45df97b00, 0x000001b45df97bc8]
Event: 53.322 Thread 0x000001b469c35980 15366       3       java.util.Date::<init> (10 bytes)
Event: 53.322 Thread 0x000001b469c35980 nmethod 15366 0x000001b456f55388 code [0x000001b456f55480, 0x000001b456f555e8]
Event: 53.322 Thread 0x000001b469c35980 15367       3       sun.security.util.DerValue::getOctetString (138 bytes)
Event: 53.323 Thread 0x000001b469c35980 nmethod 15367 0x000001b456f55688 code [0x000001b456f55780, 0x000001b456f56b60]
Event: 53.323 Thread 0x000001b469c35980 15368       3       java.math.BigInteger::compareTo (75 bytes)
Event: 53.324 Thread 0x000001b469c35980 nmethod 15368 0x000001b456f56b88 code [0x000001b456f56c80, 0x000001b456f57030]
Event: 53.324 Thread 0x000001b469c35980 15369       3       sun.util.calendar.CalendarUtils::isGregorianLeapYear (40 bytes)
Event: 53.324 Thread 0x000001b469c35980 nmethod 15369 0x000001b456f57088 code [0x000001b456f57180, 0x000001b456f573a0]
Event: 53.324 Thread 0x000001b469c35980 15370       3       sun.security.util.DerOutputStream::write (28 bytes)
Event: 53.324 Thread 0x000001b469c35980 nmethod 15370 0x000001b456f57408 code [0x000001b456f57500, 0x000001b456f57a68]
Event: 53.326 Thread 0x000001b469c35980 15372       3       sun.security.util.DerInputStream::getSequence (11 bytes)
Event: 53.326 Thread 0x000001b469c35980 nmethod 15372 0x000001b456f57a88 code [0x000001b456f57b80, 0x000001b456f57d30]
Event: 53.326 Thread 0x000001b469c35980 15373       3       sun.util.calendar.BaseCalendar::getFixedDate (324 bytes)
Event: 53.326 Thread 0x000001b473f218a0 15365       4       java.util.TreeMap::fixAfterInsertion (267 bytes)
Event: 53.328 Thread 0x000001b469c35980 nmethod 15373 0x000001b456f57d88 code [0x000001b456f57e80, 0x000001b456f59700]
Event: 53.338 Thread 0x000001b473f218a0 nmethod 15365 0x000001b45df97d08 code [0x000001b45df97e00, 0x000001b45df99cf8]
Event: 53.338 Thread 0x000001b473f218a0 15347       4       java.math.BigInteger::<init> (126 bytes)

GC Heap Usage History (20 events):
Event: 32.787 {heap Before GC invocations=57 (full 0):
 garbage-first heap   total reserved 2097152K, committed 242688K, used 229252K [0x0000000080000000, 0x0000000100000000)
  region size 1024K, 129 young (132096K), 9 survivors (9216K)
}
Event: 32.798 {heap After GC invocations=58 (full 0):
 garbage-first heap   total reserved 2097152K, committed 242688K, used 107384K [0x0000000080000000, 0x0000000100000000)
  region size 1024K, 10 young (10240K), 10 survivors (10240K)
}
Event: 33.188 {heap Before GC invocations=59 (full 0):
 garbage-first heap   total reserved 2097152K, committed 242688K, used 229240K [0x0000000080000000, 0x0000000100000000)
  region size 1024K, 129 young (132096K), 10 survivors (10240K)
}
Event: 33.200 {heap After GC invocations=60 (full 0):
 garbage-first heap   total reserved 2097152K, committed 242688K, used 107543K [0x0000000080000000, 0x0000000100000000)
  region size 1024K, 9 young (9216K), 9 survivors (9216K)
}
Event: 33.540 {heap Before GC invocations=60 (full 0):
 garbage-first heap   total reserved 2097152K, committed 242688K, used 228375K [0x0000000080000000, 0x0000000100000000)
  region size 1024K, 127 young (130048K), 9 survivors (9216K)
}
Event: 33.553 {heap After GC invocations=61 (full 0):
 garbage-first heap   total reserved 2097152K, committed 364544K, used 108008K [0x0000000080000000, 0x0000000100000000)
  region size 1024K, 8 young (8192K), 8 survivors (8192K)
}
Event: 34.759 {heap Before GC invocations=61 (full 0):
 garbage-first heap   total reserved 2097152K, committed 364544K, used 318952K [0x0000000080000000, 0x0000000100000000)
  region size 1024K, 213 young (218112K), 8 survivors (8192K)
}
Event: 34.779 {heap After GC invocations=62 (full 0):
 garbage-first heap   total reserved 2097152K, committed 364544K, used 107114K [0x0000000080000000, 0x0000000100000000)
  region size 1024K, 7 young (7168K), 7 survivors (7168K)
}
Event: 35.495 {heap Before GC invocations=62 (full 0):
 garbage-first heap   total reserved 2097152K, committed 364544K, used 318058K [0x0000000080000000, 0x0000000100000000)
  region size 1024K, 213 young (218112K), 7 survivors (7168K)
}
Event: 35.508 {heap After GC invocations=63 (full 0):
 garbage-first heap   total reserved 2097152K, committed 364544K, used 109162K [0x0000000080000000, 0x0000000100000000)
  region size 1024K, 9 young (9216K), 9 survivors (9216K)
}
Event: 36.140 {heap Before GC invocations=63 (full 0):
 garbage-first heap   total reserved 2097152K, committed 364544K, used 247402K [0x0000000080000000, 0x0000000100000000)
  region size 1024K, 145 young (148480K), 9 survivors (9216K)
}
Event: 36.147 {heap After GC invocations=64 (full 0):
 garbage-first heap   total reserved 2097152K, committed 364544K, used 100970K [0x0000000080000000, 0x0000000100000000)
  region size 1024K, 2 young (2048K), 2 survivors (2048K)
}
Event: 39.618 {heap Before GC invocations=65 (full 0):
 garbage-first heap   total reserved 2097152K, committed 362496K, used 333418K [0x0000000080000000, 0x0000000100000000)
  region size 1024K, 212 young (217088K), 2 survivors (2048K)
}
Event: 39.641 {heap After GC invocations=66 (full 0):
 garbage-first heap   total reserved 2097152K, committed 362496K, used 129449K [0x0000000080000000, 0x0000000100000000)
  region size 1024K, 17 young (17408K), 17 survivors (17408K)
}
Event: 43.044 {heap Before GC invocations=66 (full 0):
 garbage-first heap   total reserved 2097152K, committed 362496K, used 337321K [0x0000000080000000, 0x0000000100000000)
  region size 1024K, 212 young (217088K), 17 survivors (17408K)
}
Event: 43.075 {heap After GC invocations=67 (full 0):
 garbage-first heap   total reserved 2097152K, committed 364544K, used 135020K [0x0000000080000000, 0x0000000100000000)
  region size 1024K, 7 young (7168K), 7 survivors (7168K)
}
Event: 45.427 {heap Before GC invocations=67 (full 0):
 garbage-first heap   total reserved 2097152K, committed 364544K, used 241516K [0x0000000080000000, 0x0000000100000000)
  region size 1024K, 112 young (114688K), 7 survivors (7168K)
}
Event: 45.442 {heap After GC invocations=68 (full 0):
 garbage-first heap   total reserved 2097152K, committed 364544K, used 138466K [0x0000000080000000, 0x0000000100000000)
  region size 1024K, 11 young (11264K), 11 survivors (11264K)
}
Event: 53.088 {heap Before GC invocations=69 (full 0):
 garbage-first heap   total reserved 2097152K, committed 364544K, used 352482K [0x0000000080000000, 0x0000000100000000)
  region size 1024K, 211 young (216064K), 11 survivors (11264K)
}
Event: 53.135 {heap After GC invocations=70 (full 0):
 garbage-first heap   total reserved 2097152K, committed 382976K, used 154988K [0x0000000080000000, 0x0000000100000000)
  region size 1024K, 27 young (27648K), 27 survivors (27648K)
}

Metaspace Usage History (20 events):
Event: 32.787 {metaspace Before GC invocations=57 (full 0):
 Metaspace       used 79087K, committed 81024K, reserved 1179648K
  class space    used 11602K, committed 12480K, reserved 1048576K
}
Event: 32.798 {metaspace After GC invocations=58 (full 0):
 Metaspace       used 79087K, committed 81024K, reserved 1179648K
  class space    used 11602K, committed 12480K, reserved 1048576K
}
Event: 33.188 {metaspace Before GC invocations=59 (full 0):
 Metaspace       used 79090K, committed 81024K, reserved 1179648K
  class space    used 11602K, committed 12480K, reserved 1048576K
}
Event: 33.200 {metaspace After GC invocations=60 (full 0):
 Metaspace       used 79090K, committed 81024K, reserved 1179648K
  class space    used 11602K, committed 12480K, reserved 1048576K
}
Event: 33.540 {metaspace Before GC invocations=60 (full 0):
 Metaspace       used 79096K, committed 81024K, reserved 1179648K
  class space    used 11603K, committed 12480K, reserved 1048576K
}
Event: 33.553 {metaspace After GC invocations=61 (full 0):
 Metaspace       used 79096K, committed 81024K, reserved 1179648K
  class space    used 11603K, committed 12480K, reserved 1048576K
}
Event: 34.759 {metaspace Before GC invocations=61 (full 0):
 Metaspace       used 79119K, committed 81024K, reserved 1179648K
  class space    used 11605K, committed 12480K, reserved 1048576K
}
Event: 34.779 {metaspace After GC invocations=62 (full 0):
 Metaspace       used 79119K, committed 81024K, reserved 1179648K
  class space    used 11605K, committed 12480K, reserved 1048576K
}
Event: 35.495 {metaspace Before GC invocations=62 (full 0):
 Metaspace       used 79124K, committed 81024K, reserved 1179648K
  class space    used 11605K, committed 12480K, reserved 1048576K
}
Event: 35.508 {metaspace After GC invocations=63 (full 0):
 Metaspace       used 79124K, committed 81024K, reserved 1179648K
  class space    used 11605K, committed 12480K, reserved 1048576K
}
Event: 36.140 {metaspace Before GC invocations=63 (full 0):
 Metaspace       used 79198K, committed 81152K, reserved 1179648K
  class space    used 11609K, committed 12544K, reserved 1048576K
}
Event: 36.147 {metaspace After GC invocations=64 (full 0):
 Metaspace       used 79198K, committed 81152K, reserved 1179648K
  class space    used 11609K, committed 12544K, reserved 1048576K
}
Event: 39.618 {metaspace Before GC invocations=65 (full 0):
 Metaspace       used 94519K, committed 96640K, reserved 1179648K
  class space    used 13655K, committed 14656K, reserved 1048576K
}
Event: 39.641 {metaspace After GC invocations=66 (full 0):
 Metaspace       used 94519K, committed 96640K, reserved 1179648K
  class space    used 13655K, committed 14656K, reserved 1048576K
}
Event: 43.044 {metaspace Before GC invocations=66 (full 0):
 Metaspace       used 108342K, committed 110464K, reserved 1179648K
  class space    used 16036K, committed 17024K, reserved 1048576K
}
Event: 43.075 {metaspace After GC invocations=67 (full 0):
 Metaspace       used 108342K, committed 110464K, reserved 1179648K
  class space    used 16036K, committed 17024K, reserved 1048576K
}
Event: 45.427 {metaspace Before GC invocations=67 (full 0):
 Metaspace       used 115148K, committed 117312K, reserved 1179648K
  class space    used 17209K, committed 18240K, reserved 1048576K
}
Event: 45.442 {metaspace After GC invocations=68 (full 0):
 Metaspace       used 115148K, committed 117312K, reserved 1179648K
  class space    used 17209K, committed 18240K, reserved 1048576K
}
Event: 53.088 {metaspace Before GC invocations=69 (full 0):
 Metaspace       used 123686K, committed 125952K, reserved 1179648K
  class space    used 18255K, committed 19328K, reserved 1048576K
}
Event: 53.135 {metaspace After GC invocations=70 (full 0):
 Metaspace       used 123686K, committed 125952K, reserved 1179648K
  class space    used 18255K, committed 19328K, reserved 1048576K
}

Dll operation events (3 events):
Event: 0.020 Loaded shared library U:\Android\jbr\bin\java.dll
Event: 0.027 Loaded shared library U:\Android\jbr\bin\zip.dll
Event: 1.019 Loaded shared library U:\Android\jbr\bin\verify.dll

Deoptimization events (20 events):
Event: 53.152 Thread 0x000001b469c2b310 Uncommon trap: trap_request=0xffffff45 fr.pc=0x000001b45daa123c relative=0x00000000000006bc
Event: 53.152 Thread 0x000001b469c2b310 Uncommon trap: reason=unstable_if action=reinterpret pc=0x000001b45daa123c method=sun.net.util.IPAddressUtil.scan(Ljava/lang/String;JJ[C)I @ 14 c2
Event: 53.152 Thread 0x000001b469c2b310 DEOPT PACKING pc=0x000001b45daa123c sp=0x0000003ee1af33e0
Event: 53.152 Thread 0x000001b469c2b310 DEOPT UNPACKING pc=0x000001b45d458582 sp=0x0000003ee1af31d8 mode 2
Event: 53.210 Thread 0x000001b469c2b310 Uncommon trap: trap_request=0xffffffbe fr.pc=0x000001b45dc06da0 relative=0x0000000000000d20
Event: 53.210 Thread 0x000001b469c2b310 Uncommon trap: reason=profile_predicate action=maybe_recompile pc=0x000001b45dc06da0 method=java.lang.StringLatin1.replace([BI[BI[BI)Ljava/lang/String; @ 179 c2
Event: 53.210 Thread 0x000001b469c2b310 DEOPT PACKING pc=0x000001b45dc06da0 sp=0x0000003ee1af4540
Event: 53.210 Thread 0x000001b469c2b310 DEOPT UNPACKING pc=0x000001b45d458582 sp=0x0000003ee1af44c0 mode 2
Event: 53.210 Thread 0x000001b469c2b310 Uncommon trap: trap_request=0xffffffbe fr.pc=0x000001b45dc06da0 relative=0x0000000000000d20
Event: 53.210 Thread 0x000001b469c2b310 Uncommon trap: reason=profile_predicate action=maybe_recompile pc=0x000001b45dc06da0 method=java.lang.StringLatin1.replace([BI[BI[BI)Ljava/lang/String; @ 179 c2
Event: 53.210 Thread 0x000001b469c2b310 DEOPT PACKING pc=0x000001b45dc06da0 sp=0x0000003ee1af4540
Event: 53.210 Thread 0x000001b469c2b310 DEOPT UNPACKING pc=0x000001b45d458582 sp=0x0000003ee1af44c0 mode 2
Event: 53.303 Thread 0x000001b469c2b310 DEOPT PACKING pc=0x000001b456c0abc1 sp=0x0000003ee1af6a00
Event: 53.303 Thread 0x000001b469c2b310 DEOPT UNPACKING pc=0x000001b45d391702 sp=0x0000003ee1af5e78 mode 0
Event: 53.305 Thread 0x000001b469c2b310 DEOPT PACKING pc=0x000001b456c0abc1 sp=0x0000003ee1af6a00
Event: 53.305 Thread 0x000001b469c2b310 DEOPT UNPACKING pc=0x000001b45d391702 sp=0x0000003ee1af5e78 mode 0
Event: 53.320 Thread 0x000001b469c2b310 Uncommon trap: trap_request=0xffffff45 fr.pc=0x000001b45d95e6b4 relative=0x00000000000002b4
Event: 53.320 Thread 0x000001b469c2b310 Uncommon trap: reason=unstable_if action=reinterpret pc=0x000001b45d95e6b4 method=java.net.URI.match(CJJ)Z @ 19 c2
Event: 53.320 Thread 0x000001b469c2b310 DEOPT PACKING pc=0x000001b45d95e6b4 sp=0x0000003ee1af6240
Event: 53.320 Thread 0x000001b469c2b310 DEOPT UNPACKING pc=0x000001b45d458582 sp=0x0000003ee1af60a0 mode 2

Classes loaded (20 events):
Event: 53.278 Loading class sun/security/pkcs12/PKCS12KeyStore$CertEntry
Event: 53.278 Loading class sun/security/pkcs12/PKCS12KeyStore$CertEntry done
Event: 53.278 Loading class java/security/PKCS12Attribute
Event: 53.278 Loading class java/security/KeyStore$Entry$Attribute
Event: 53.278 Loading class java/security/KeyStore$Entry$Attribute done
Event: 53.278 Loading class java/security/PKCS12Attribute done
Event: 53.288 Loading class java/security/spec/ECPublicKeySpec
Event: 53.295 Loading class java/security/spec/ECPublicKeySpec done
Event: 53.295 Loading class sun/security/ec/ECPublicKeyImpl
Event: 53.299 Loading class java/security/interfaces/ECPublicKey
Event: 53.299 Loading class java/security/interfaces/ECPublicKey done
Event: 53.299 Loading class sun/security/ec/ECPublicKeyImpl done
Event: 53.303 Loading class java/security/cert/PolicyQualifierInfo
Event: 53.304 Loading class java/security/cert/PolicyQualifierInfo done
Event: 53.306 Loading class sun/security/x509/NetscapeCertTypeExtension
Event: 53.306 Loading class sun/security/x509/NetscapeCertTypeExtension done
Event: 53.306 Loading class sun/security/x509/NetscapeCertTypeExtension$MapEntry
Event: 53.307 Loading class sun/security/x509/NetscapeCertTypeExtension$MapEntry done
Event: 53.323 Loading class sun/security/x509/PrivateKeyUsageExtension
Event: 53.323 Loading class sun/security/x509/PrivateKeyUsageExtension done

Classes unloaded (0 events):
No events

Classes redefined (0 events):
No events

Internal exceptions (20 events):
Event: 46.445 Thread 0x000001b4712492b0 Exception <a 'java/lang/NoSuchMethodError'{0x00000000925a8970}: static Lorg/gradle/internal/build/event/types/AbstractTaskResult;.<clinit>()V> (0x00000000925a8970) 
thrown [s\src\hotspot\share\prims\jni.cpp, line 1141]
Event: 47.376 Thread 0x000001b47aa00fe0 Exception <a 'java/lang/NoSuchMethodError'{0x0000000091e122a8}: 'void java.lang.invoke.DirectMethodHandle$Holder.invokeStatic(java.lang.Object, int)'> (0x0000000091e122a8) 
thrown [s\src\hotspot\share\interpreter\linkResolver.cpp, line 815]
Event: 47.376 Thread 0x000001b47aa00fe0 Exception <a 'java/lang/NoSuchMethodError'{0x0000000091e1a258}: 'void java.lang.invoke.DirectMethodHandle$Holder.invokeStaticInit(java.lang.Object, int)'> (0x0000000091e1a258) 
thrown [s\src\hotspot\share\interpreter\linkResolver.cpp, line 815]
Event: 47.400 Thread 0x000001b469c2b310 Exception <a 'sun/nio/fs/WindowsException'{0x0000000091edc3f8}> (0x0000000091edc3f8) 
thrown [s\src\hotspot\share\prims\jni.cpp, line 535]
Event: 47.400 Thread 0x000001b469c2b310 Exception <a 'sun/nio/fs/WindowsException'{0x0000000091eddb10}> (0x0000000091eddb10) 
thrown [s\src\hotspot\share\prims\jni.cpp, line 535]
Event: 47.401 Thread 0x000001b469c2b310 Exception <a 'sun/nio/fs/WindowsException'{0x0000000091edf228}> (0x0000000091edf228) 
thrown [s\src\hotspot\share\prims\jni.cpp, line 535]
Event: 47.401 Thread 0x000001b469c2b310 Exception <a 'sun/nio/fs/WindowsException'{0x0000000091ee08b0}> (0x0000000091ee08b0) 
thrown [s\src\hotspot\share\prims\jni.cpp, line 535]
Event: 47.405 Thread 0x000001b469c2b310 Exception <a 'sun/nio/fs/WindowsException'{0x0000000091ee6350}> (0x0000000091ee6350) 
thrown [s\src\hotspot\share\prims\jni.cpp, line 535]
Event: 47.405 Thread 0x000001b469c2b310 Exception <a 'sun/nio/fs/WindowsException'{0x0000000091ee8420}> (0x0000000091ee8420) 
thrown [s\src\hotspot\share\prims\jni.cpp, line 535]
Event: 47.405 Thread 0x000001b469c2b310 Exception <a 'sun/nio/fs/WindowsException'{0x0000000091eea5a0}> (0x0000000091eea5a0) 
thrown [s\src\hotspot\share\prims\jni.cpp, line 535]
Event: 47.406 Thread 0x000001b469c2b310 Exception <a 'sun/nio/fs/WindowsException'{0x0000000091eec618}> (0x0000000091eec618) 
thrown [s\src\hotspot\share\prims\jni.cpp, line 535]
Event: 47.626 Thread 0x000001b469c2b310 Exception <a 'sun/nio/fs/WindowsException'{0x00000000919923f8}> (0x00000000919923f8) 
thrown [s\src\hotspot\share\prims\jni.cpp, line 535]
Event: 47.652 Thread 0x000001b469c2b310 Exception <a 'sun/nio/fs/WindowsException'{0x00000000919f5770}> (0x00000000919f5770) 
thrown [s\src\hotspot\share\prims\jni.cpp, line 535]
Event: 47.653 Thread 0x000001b469c2b310 Exception <a 'sun/nio/fs/WindowsException'{0x00000000919fe150}> (0x00000000919fe150) 
thrown [s\src\hotspot\share\prims\jni.cpp, line 535]
Event: 47.654 Thread 0x000001b469c2b310 Exception <a 'sun/nio/fs/WindowsException'{0x00000000919ffd40}> (0x00000000919ffd40) 
thrown [s\src\hotspot\share\prims\jni.cpp, line 535]
Event: 47.735 Thread 0x000001b469c2b310 Implicit null exception at 0x000001b45de1a824 to 0x000001b45de1b0f4
Event: 47.786 Thread 0x000001b469c2b310 Exception <a 'sun/nio/fs/WindowsException'{0x0000000091554c90}> (0x0000000091554c90) 
thrown [s\src\hotspot\share\prims\jni.cpp, line 535]
Event: 52.945 Thread 0x000001b46f2ecab0 Exception <a 'sun/nio/fs/WindowsException'{0x0000000088386550}> (0x0000000088386550) 
thrown [s\src\hotspot\share\prims\jni.cpp, line 535]
Event: 53.139 Thread 0x000001b469c2b310 Exception <a 'sun/nio/fs/WindowsException'{0x00000000ffe0b8d0}> (0x00000000ffe0b8d0) 
thrown [s\src\hotspot\share\prims\jni.cpp, line 535]
Event: 53.268 Thread 0x000001b469c2b310 Exception <a 'sun/nio/fs/WindowsException'{0x00000000ffb920f8}> (0x00000000ffb920f8) 
thrown [s\src\hotspot\share\prims\jni.cpp, line 535]

VM Operations (20 events):
Event: 46.439 Executing non-safepoint VM operation: HandshakeAllThreads (Deoptimize)
Event: 46.439 Executing non-safepoint VM operation: HandshakeAllThreads (Deoptimize) done
Event: 47.509 Executing non-safepoint VM operation: HandshakeAllThreads (Deoptimize)
Event: 47.510 Executing non-safepoint VM operation: HandshakeAllThreads (Deoptimize) done
Event: 47.797 Executing non-safepoint VM operation: HandshakeAllThreads (Deoptimize)
Event: 47.797 Executing non-safepoint VM operation: HandshakeAllThreads (Deoptimize) done
Event: 47.802 Executing non-safepoint VM operation: HandshakeAllThreads (Deoptimize)
Event: 47.802 Executing non-safepoint VM operation: HandshakeAllThreads (Deoptimize) done
Event: 47.813 Executing non-safepoint VM operation: HandshakeAllThreads (Deoptimize)
Event: 47.813 Executing non-safepoint VM operation: HandshakeAllThreads (Deoptimize) done
Event: 47.823 Executing non-safepoint VM operation: HandshakeAllThreads (Deoptimize)
Event: 47.824 Executing non-safepoint VM operation: HandshakeAllThreads (Deoptimize) done
Event: 53.088 Executing safepoint VM operation: G1CollectForAllocation (G1 Evacuation Pause)
Event: 53.135 Executing safepoint VM operation: G1CollectForAllocation (G1 Evacuation Pause) done
Event: 53.149 Executing non-safepoint VM operation: HandshakeAllThreads (Deoptimize)
Event: 53.149 Executing non-safepoint VM operation: HandshakeAllThreads (Deoptimize) done
Event: 53.151 Executing non-safepoint VM operation: HandshakeAllThreads (Deoptimize)
Event: 53.151 Executing non-safepoint VM operation: HandshakeAllThreads (Deoptimize) done
Event: 53.277 Executing non-safepoint VM operation: HandshakeAllThreads (Deoptimize)
Event: 53.277 Executing non-safepoint VM operation: HandshakeAllThreads (Deoptimize) done

Memory protections (0 events):
No events

Nmethod flushes (20 events):
Event: 45.715 Thread 0x000001b469b9a730 flushing  nmethod 0x000001b456b17f88
Event: 45.715 Thread 0x000001b469b9a730 flushing  nmethod 0x000001b456b18588
Event: 45.715 Thread 0x000001b469b9a730 flushing  nmethod 0x000001b456b18d88
Event: 45.715 Thread 0x000001b469b9a730 flushing  nmethod 0x000001b456b19108
Event: 45.715 Thread 0x000001b469b9a730 flushing  nmethod 0x000001b456b19b88
Event: 45.715 Thread 0x000001b469b9a730 flushing  nmethod 0x000001b456b1a608
Event: 45.715 Thread 0x000001b469b9a730 flushing  nmethod 0x000001b456b1aa08
Event: 45.715 Thread 0x000001b469b9a730 flushing  nmethod 0x000001b456b1ad88
Event: 45.715 Thread 0x000001b469b9a730 flushing  nmethod 0x000001b456b1b188
Event: 45.715 Thread 0x000001b469b9a730 flushing  nmethod 0x000001b456b1c288
Event: 45.715 Thread 0x000001b469b9a730 flushing  nmethod 0x000001b456b1f688
Event: 45.715 Thread 0x000001b469b9a730 flushing  nmethod 0x000001b456b1fc88
Event: 45.715 Thread 0x000001b469b9a730 flushing  nmethod 0x000001b456b20108
Event: 45.715 Thread 0x000001b469b9a730 flushing  nmethod 0x000001b456b21888
Event: 45.715 Thread 0x000001b469b9a730 flushing  nmethod 0x000001b456b46088
Event: 45.715 Thread 0x000001b469b9a730 flushing  nmethod 0x000001b456b80308
Event: 45.715 Thread 0x000001b469b9a730 flushing  nmethod 0x000001b456ba5e08
Event: 45.715 Thread 0x000001b469b9a730 flushing  nmethod 0x000001b456ba6608
Event: 45.715 Thread 0x000001b469b9a730 flushing  nmethod 0x000001b456bd7908
Event: 45.715 Thread 0x000001b469b9a730 flushing  nmethod 0x000001b456bd9088

Events (20 events):
Event: 13.891 Thread 0x000001b469c35980 Thread added: 0x000001b472955aa0
Event: 29.147 Thread 0x000001b472955aa0 Thread exited: 0x000001b472955aa0
Event: 31.396 Thread 0x000001b469c2b310 Thread added: 0x000001b4734fa040
Event: 35.543 Thread 0x000001b469c35980 Thread added: 0x000001b471498570
Event: 35.849 Thread 0x000001b469c2b310 Thread added: 0x000001b46e2e0ad0
Event: 37.715 Thread 0x000001b471498570 Thread exited: 0x000001b471498570
Event: 37.974 Thread 0x000001b469c35980 Thread added: 0x000001b472962430
Event: 38.053 Thread 0x000001b469c2b310 Thread added: 0x000001b47437a830
Event: 38.441 Thread 0x000001b472962430 Thread exited: 0x000001b472962430
Event: 40.521 Thread 0x000001b469c2b310 Thread added: 0x000001b474378120
Event: 45.894 Thread 0x000001b469c2b310 Thread added: 0x000001b4738a3400
Event: 46.060 Thread 0x000001b469c2b310 Thread added: 0x000001b46fd3af50
Event: 46.158 Thread 0x000001b46fd3af50 Thread exited: 0x000001b46fd3af50
Event: 46.344 Thread 0x000001b469c2b310 Thread added: 0x000001b4734fcf20
Event: 46.356 Thread 0x000001b4734fcf20 Thread added: 0x000001b4734f9870
Event: 46.356 Thread 0x000001b4734fcf20 Thread added: 0x000001b4734fdec0
Event: 46.356 Thread 0x000001b4734fcf20 Thread added: 0x000001b46e2e2a10
Event: 46.389 Thread 0x000001b4734fcf20 Thread added: 0x000001b46fd3a780
Event: 46.534 Thread 0x000001b469c2b310 Thread added: 0x000001b47aa00fe0
Event: 53.326 Thread 0x000001b469c35980 Thread added: 0x000001b473f218a0


Dynamic libraries:
0x00007ff621bd0000 - 0x00007ff621bda000 	U:\Android\jbr\bin\java.exe
0x00007ffc53e70000 - 0x00007ffc54084000 	C:\Windows\SYSTEM32\ntdll.dll
0x00007ffc53250000 - 0x00007ffc53312000 	C:\Windows\System32\KERNEL32.DLL
0x00007ffc515d0000 - 0x00007ffc5196c000 	C:\Windows\System32\KERNELBASE.dll
0x00007ffc51350000 - 0x00007ffc51461000 	C:\Windows\System32\ucrtbase.dll
0x00007ffc45d10000 - 0x00007ffc45d2b000 	U:\Android\jbr\bin\VCRUNTIME140.dll
0x00007ffc310a0000 - 0x00007ffc310b6000 	U:\Android\jbr\bin\jli.dll
0x00007ffc53800000 - 0x00007ffc539ab000 	C:\Windows\System32\USER32.dll
0x00007ffc51320000 - 0x00007ffc51346000 	C:\Windows\System32\win32u.dll
0x00007ffc53db0000 - 0x00007ffc53dd9000 	C:\Windows\System32\GDI32.dll
0x00007ffc41020000 - 0x00007ffc412ae000 	C:\Windows\WinSxS\amd64_microsoft.windows.common-controls_6595b64144ccf1df_6.0.22621.317_none_a9434687c10c9fa2\COMCTL32.dll
0x00007ffc52d00000 - 0x00007ffc52da7000 	C:\Windows\System32\msvcrt.dll
0x00007ffc519f0000 - 0x00007ffc51b02000 	C:\Windows\System32\gdi32full.dll
0x00007ffc51470000 - 0x00007ffc5150a000 	C:\Windows\System32\msvcp_win.dll
0x00007ffc53df0000 - 0x00007ffc53e21000 	C:\Windows\System32\IMM32.DLL
0x0000000053a40000 - 0x0000000053a4d000 	C:\Program Files (x86)\360\Total Security\safemon\SafeWrapper.dll
0x00007ffc53c80000 - 0x00007ffc53d2e000 	C:\Windows\System32\ADVAPI32.dll
0x00007ffc53ad0000 - 0x00007ffc53b74000 	C:\Windows\System32\sechost.dll
0x00007ffc539b0000 - 0x00007ffc53ac5000 	C:\Windows\System32\RPCRT4.dll
0x00007ffc4c200000 - 0x00007ffc4c305000 	C:\Program Files (x86)\360\Total Security\safemon\libzdtp64.dll
0x00007ffc521d0000 - 0x00007ffc529ab000 	C:\Windows\System32\SHELL32.dll
0x00007ffc52c90000 - 0x00007ffc52cee000 	C:\Windows\System32\SHLWAPI.dll
0x00007ffc50e20000 - 0x00007ffc50e2a000 	C:\Windows\SYSTEM32\VERSION.dll
0x00007ffc48930000 - 0x00007ffc4893c000 	U:\Android\jbr\bin\vcruntime140_1.dll
0x00007ffc26a70000 - 0x00007ffc26afd000 	U:\Android\jbr\bin\msvcp140.dll
0x00007ffc14b00000 - 0x00007ffc159da000 	U:\Android\jbr\bin\server\jvm.dll
0x00007ffc52a60000 - 0x00007ffc52ad1000 	C:\Windows\System32\WS2_32.dll
0x00007ffc51180000 - 0x00007ffc511cd000 	C:\Windows\SYSTEM32\POWRPROF.dll
0x00007ffc48b30000 - 0x00007ffc48b64000 	C:\Windows\SYSTEM32\WINMM.dll
0x00007ffc51160000 - 0x00007ffc51173000 	C:\Windows\SYSTEM32\UMPDC.dll
0x00007ffc50290000 - 0x00007ffc502a8000 	C:\Windows\SYSTEM32\kernel.appcore.dll
0x00007ffc45ed0000 - 0x00007ffc45eda000 	U:\Android\jbr\bin\jimage.dll
0x00007ffc454e0000 - 0x00007ffc4570e000 	C:\Windows\SYSTEM32\DBGHELP.DLL
0x00007ffc51e40000 - 0x00007ffc521c9000 	C:\Windows\System32\combase.dll
0x00007ffc53660000 - 0x00007ffc53737000 	C:\Windows\System32\OLEAUT32.dll
0x00007ffc37910000 - 0x00007ffc37942000 	C:\Windows\SYSTEM32\dbgcore.DLL
0x00007ffc51970000 - 0x00007ffc519eb000 	C:\Windows\System32\bcryptPrimitives.dll
0x00007ffc4c6d0000 - 0x00007ffc4c6de000 	U:\Android\jbr\bin\instrument.dll
0x00007ffc443e0000 - 0x00007ffc443ff000 	U:\Android\jbr\bin\java.dll
0x00007ffc51ca0000 - 0x00007ffc51e3c000 	C:\Windows\System32\ole32.dll
0x00007ffc3c110000 - 0x00007ffc3c127000 	U:\Android\jbr\bin\zip.dll
0x00007ffc4f250000 - 0x00007ffc4fb05000 	C:\Windows\SYSTEM32\windows.storage.dll
0x00007ffc4f110000 - 0x00007ffc4f24d000 	C:\Windows\SYSTEM32\wintypes.dll
0x00007ffc53b80000 - 0x00007ffc53c71000 	C:\Windows\System32\SHCORE.dll
0x00007ffc511e0000 - 0x00007ffc51201000 	C:\Windows\SYSTEM32\profapi.dll
0x00007ffc45d00000 - 0x00007ffc45d10000 	U:\Android\jbr\bin\net.dll
0x00007ffc50700000 - 0x00007ffc50769000 	C:\Windows\system32\mswsock.dll
0x00007ffc37a60000 - 0x00007ffc37a76000 	U:\Android\jbr\bin\nio.dll
0x00007ffc3b6c0000 - 0x00007ffc3b6d0000 	U:\Android\jbr\bin\verify.dll
0x00007ffc39680000 - 0x00007ffc396a7000 	U:\Android-SDK\native\660c5614fbf4a5f2a75b1949f50a0caf5cd603558e7d8a26e50b933a0cfb79d1\windows-amd64\native-platform.dll
0x00007ffc26d10000 - 0x00007ffc26d87000 	U:\Android-SDK\native\0.2.8\x86_64-windows-gnu\gradle-fileevents.dll
0x00007ffc40de0000 - 0x00007ffc40de9000 	U:\Android\jbr\bin\management.dll
0x00007ffc40db0000 - 0x00007ffc40dbb000 	U:\Android\jbr\bin\management_ext.dll
0x00007ffc52cf0000 - 0x00007ffc52cf8000 	C:\Windows\System32\PSAPI.DLL
0x00007ffc4fd50000 - 0x00007ffc4fd7d000 	C:\Windows\SYSTEM32\IPHLPAPI.DLL
0x00007ffc53d30000 - 0x00007ffc53d39000 	C:\Windows\System32\NSI.dll
0x00007ffc43fe0000 - 0x00007ffc43fe9000 	U:\Android\jbr\bin\extnet.dll
0x00007ffc50970000 - 0x00007ffc5098b000 	C:\Windows\SYSTEM32\CRYPTSP.dll
0x00007ffc50200000 - 0x00007ffc50235000 	C:\Windows\system32\rsaenh.dll
0x00007ffc50810000 - 0x00007ffc50838000 	C:\Windows\SYSTEM32\USERENV.dll
0x00007ffc50b20000 - 0x00007ffc50b48000 	C:\Windows\SYSTEM32\bcrypt.dll
0x00007ffc50960000 - 0x00007ffc5096c000 	C:\Windows\SYSTEM32\CRYPTBASE.dll
0x00007ffc443d0000 - 0x00007ffc443d8000 	C:\Windows\system32\wshunix.dll

JVMTI agents:
U:\Android-SDK\wrapper\dists\gradle-9.5.0-bin\bvnork1r7n8i6kp5cnkibsc9q\gradle-9.5.0\lib\agents\gradle-instrumentation-agent-9.5.0.jar path:U:\Android\jbr\bin\instrument.dll, loaded, initialized, instrumentlib options:none

dbghelp: loaded successfully - version: 4.0.5 - missing functions: none
symbol engine: initialized successfully - sym options: 0x614 - pdb path: .;U:\Android\jbr\bin;C:\Windows\SYSTEM32;C:\Windows\WinSxS\amd64_microsoft.windows.common-controls_6595b64144ccf1df_6.0.22621.317_none_a9434687c10c9fa2;C:\Program Files (x86)\360\Total Security\safemon;U:\Android\jbr\bin\server;U:\Android-SDK\native\660c5614fbf4a5f2a75b1949f50a0caf5cd603558e7d8a26e50b933a0cfb79d1\windows-amd64;U:\Android-SDK\native\0.2.8\x86_64-windows-gnu

VM Arguments:
jvm_args: --add-opens=java.base/java.lang=ALL-UNNAMED --add-opens=java.base/java.lang.invoke=ALL-UNNAMED --add-opens=java.base/java.util=ALL-UNNAMED --add-opens=java.prefs/java.util.prefs=ALL-UNNAMED --add-exports=jdk.compiler/com.sun.tools.javac.api=ALL-UNNAMED --add-exports=jdk.compiler/com.sun.tools.javac.util=ALL-UNNAMED --add-opens=java.base/java.nio.charset=ALL-UNNAMED --add-opens=java.base/java.net=ALL-UNNAMED --add-opens=java.base/java.util.concurrent=ALL-UNNAMED --add-opens=java.base/java.util.concurrent.atomic=ALL-UNNAMED --add-opens=java.xml/javax.xml.namespace=ALL-UNNAMED --add-opens=java.base/java.time=ALL-UNNAMED --enable-native-access=ALL-UNNAMED -Xmx2048m -Dfile.encoding=UTF-8 -Duser.country=ID -Duser.language=en -Duser.variant -javaagent:U:\Android-SDK\wrapper\dists\gradle-9.5.0-bin\bvnork1r7n8i6kp5cnkibsc9q\gradle-9.5.0\lib\agents\gradle-instrumentation-agent-9.5.0.jar 
java_command: org.gradle.launcher.daemon.bootstrap.GradleDaemon 9.5.0
java_class_path (initial): U:\Android-SDK\wrapper\dists\gradle-9.5.0-bin\bvnork1r7n8i6kp5cnkibsc9q\gradle-9.5.0\lib\gradle-daemon-main-9.5.0.jar
Launcher Type: SUN_STANDARD

[Global flags]
     intx CICompilerCount                          = 3                                         {product} {ergonomic}
     uint ConcGCThreads                            = 1                                         {product} {ergonomic}
     uint G1ConcRefinementThreads                  = 4                                         {product} {ergonomic}
   size_t G1HeapRegionSize                         = 1048576                                   {product} {ergonomic}
   size_t InitialHeapSize                          = 100663296                                 {product} {ergonomic}
   size_t MarkStackSize                            = 4194304                                   {product} {ergonomic}
   size_t MarkStackSizeMax                         = 536870912                                 {product} {ergonomic}
   size_t MaxHeapSize                              = 2147483648                                {product} {command line}
   size_t MaxNewSize                               = 1287651328                                {product} {ergonomic}
   size_t MinHeapDeltaBytes                        = 1048576                                   {product} {ergonomic}
   size_t MinHeapSize                              = 8388608                                   {product} {ergonomic}
    uintx NonNMethodCodeHeapSize                   = 5832704                                {pd product} {ergonomic}
    uintx NonProfiledCodeHeapSize                  = 122945536                              {pd product} {ergonomic}
    uintx ProfiledCodeHeapSize                     = 122880000                              {pd product} {ergonomic}
    uintx ReservedCodeCacheSize                    = 251658240                              {pd product} {ergonomic}
     bool SegmentedCodeCache                       = true                                      {product} {ergonomic}
   size_t SoftMaxHeapSize                          = 2147483648                             {manageable} {ergonomic}
     bool UseCompressedOops                        = true                           {product lp64_product} {ergonomic}
     bool UseG1GC                                  = true                                      {product} {ergonomic}
     bool UseLargePagesIndividualAllocation        = false                                  {pd product} {ergonomic}

Logging:
Log output configuration:
 #0: stdout all=warning uptime,level,tags foldmultilines=false
 #1: stderr all=off uptime,level,tags foldmultilines=false

Release file:
JAVA_VERSION="25.0.2" 
MODULES="java.base java.compiler java.datatransfer java.xml java.prefs java.desktop java.instrument java.logging java.management java.security.sasl java.naming java.rmi java.management.rmi java.net.http java.scripting java.security.jgss java.transaction.xa java.sql java.sql.rowset java.xml.crypto java.se java.smartcardio jdk.accessibility jdk.internal.jvmstat jdk.attach jdk.charsets jdk.internal.opt jdk.zipfs jdk.compiler jdk.crypto.cryptoki jdk.crypto.ec jdk.dynalink jdk.hotspot.agent jdk.httpserver jdk.internal.ed jdk.internal.le jdk.internal.md jdk.internal.vm.ci jdk.jartool jdk.javadoc jdk.jcmd jdk.jdeps jdk.jdwp.agent jdk.jdi jdk.jfr jdk.jlink jdk.localedata jdk.management jdk.management.agent jdk.management.jfr jdk.naming.dns jdk.naming.rmi jdk.net jdk.sctp jdk.security.auth jdk.security.jgss jdk.unsupported jdk.unsupported.desktop jdk.xml.dom" 
IMPLEMENTOR="JetBrains s.r.o." 
JAVA_RUNTIME_VERSION="25.0.2+-15348964-b329.117" 
LIBC="default" 
OS_ARCH="x86_64" 
OS_NAME="Windows" 
SOURCE=".:git:3cf398e84a39" 

Environment Variables:
JAVA_HOME=C:\Program Files\Microsoft\jdk-17.0.20.8-hotspot\
PATH=C:\Program Files\Microsoft\jdk-17.0.20.8-hotspot\bin;C:\Windows\system32;C:\Windows;C:\Windows\System32\Wbem;C:\Windows\System32\WindowsPowerShell\v1.0\;C:\Windows\System32\OpenSSH\;C:\ProgramData\chocolatey\bin;D:\Kerja\nvm;D:\Kerja\nodejs;D:\Kerja\Git\cmd;C:\Users\WINDOWS\AppData\Local\Microsoft\WindowsApps;Microsoft VS Code\bin;C:\Users\WINDOWS\AppData\Roaming\npm;D:\Kerja\nvm;D:\Kerja\nodejs;D:\Kerja\VS CODE\Microsoft VS Code\bin;C:\Users\WINDOWS\AppData\Local\Kingsoft\WPS Office\12.1.0.27458\clitool
USERNAME=WINDOWS
OS=Windows_NT
PROCESSOR_IDENTIFIER=AMD64 Family 23 Model 24 Stepping 1, AuthenticAMD
TMP=C:\Users\WINDOWS\AppData\Local\Temp
TEMP=C:\Users\WINDOWS\AppData\Local\Temp




Compilation memory statistics disabled.

Periodic native trim disabled

JNI global refs:
JNI global refs: 21, weak refs: 0

JNI global refs memory usage: 835, weak refs: 833

Process memory usage:
Resident Set Size: 581284K (9% of 6164744K total physical memory with 493932K free physical memory)

OOME stack traces (most recent first):
Classloader memory used:
