#
# There is insufficient memory for the Java Runtime Environment to continue.
# Native memory allocation (mmap) failed to map 608174080 bytes. Error detail: G1 virtual space
# Possible reasons:
#   The system is out of physical RAM or swap space
#   This process is running with CompressedOops enabled, and the Java Heap may be blocking the growth of the native heap
# Possible solutions:
#   Reduce memory load on the system
#   Increase physical memory or swap space
#   Check if swap backing store is full
#   Decrease Java heap size (-Xmx/-Xms)
#   Decrease number of Java threads
#   Decrease Java thread stack sizes (-Xss)
#   Set larger code cache with -XX:ReservedCodeCacheSize=
#   JVM is running with Unscaled Compressed Oops mode in which the Java heap is
#     placed in the first 4GB address space. The Java Heap base address is the
#     maximum limit for the native heap growth. Please use -XX:HeapBaseMinAddress
#     to set the Java Heap base and to place the Java Heap above 4GB virtual address.
# This output file may be truncated or incomplete.
#
#  Out of Memory Error (os_windows.cpp:3766), pid=256, tid=9568
#
# JRE version: OpenJDK Runtime Environment (25.0.2) (build 25.0.2+-15348964-b329.117)
# Java VM: OpenJDK 64-Bit Server VM (25.0.2+-15348964-b329.117, mixed mode, tiered, compressed oops, compressed class ptrs, g1 gc, windows-amd64)
# No core dump will be written. Minidumps are not enabled by default on client versions of Windows
#

---------------  S U M M A R Y ------------

Command Line: --add-opens=java.base/java.lang=ALL-UNNAMED --add-opens=java.base/java.lang.invoke=ALL-UNNAMED --add-opens=java.base/java.util=ALL-UNNAMED --add-opens=java.prefs/java.util.prefs=ALL-UNNAMED --add-exports=jdk.compiler/com.sun.tools.javac.api=ALL-UNNAMED --add-exports=jdk.compiler/com.sun.tools.javac.util=ALL-UNNAMED --add-opens=java.base/java.nio.charset=ALL-UNNAMED --add-opens=java.base/java.net=ALL-UNNAMED --add-opens=java.base/java.util.concurrent=ALL-UNNAMED --add-opens=java.base/java.util.concurrent.atomic=ALL-UNNAMED --add-opens=java.xml/javax.xml.namespace=ALL-UNNAMED --add-opens=java.base/java.time=ALL-UNNAMED --enable-native-access=ALL-UNNAMED -Xmx2048m -Dfile.encoding=UTF-8 -Duser.country=ID -Duser.language=en -Duser.variant -javaagent:U:\Android-SDK\wrapper\dists\gradle-9.5.0-bin\bvnork1r7n8i6kp5cnkibsc9q\gradle-9.5.0\lib\agents\gradle-instrumentation-agent-9.5.0.jar org.gradle.launcher.daemon.bootstrap.GradleDaemon 9.5.0

Host: AMD Ryzen 3 3250U with Radeon Graphics         , 4 cores, 5G,  Windows 11 , 64 bit Build 22621 (10.0.22621.457)
Time: Tue Aug 25 08:51:09 2026 SE Asia Standard Time elapsed time: 1906.419127 seconds (0d 0h 31m 46s)

---------------  T H R E A D  ---------------

Current thread (0x000001c4ddd6c380):  VMThread "VM Thread"          [id=9568, stack(0x0000007689500000,0x0000007689600000) (1024K)]

Stack: [0x0000007689500000,0x0000007689600000]
Native frames: (J=compiled Java code, j=interpreted, Vv=VM code, C=native code)
V  [jvm.dll+0x7bd439]  (no source info available)
V  [jvm.dll+0x78763d]  (no source info available)
V  [jvm.dll+0xa0c885]  (no source info available)
V  [jvm.dll+0xa0ef04]  (no source info available)
V  [jvm.dll+0xa0f603]  (no source info available)
V  [jvm.dll+0x309bf6]  (no source info available)
V  [jvm.dll+0x7b9545]  (no source info available)
V  [jvm.dll+0x7ac047]  (no source info available)
V  [jvm.dll+0x3fdeab]  (no source info available)
V  [jvm.dll+0x406066]  (no source info available)
V  [jvm.dll+0x3f2516]  (no source info available)
V  [jvm.dll+0x3f27f8]  (no source info available)
V  [jvm.dll+0x3c7b82]  (no source info available)
V  [jvm.dll+0x3c7c1a]  (no source info available)
V  [jvm.dll+0x4172d0]  (no source info available)
V  [jvm.dll+0x415bf1]  (no source info available)
V  [jvm.dll+0x3c72b7]  (no source info available)
V  [jvm.dll+0x415389]  (no source info available)
V  [jvm.dll+0xa158ca]  (no source info available)
V  [jvm.dll+0xa16bd1]  (no source info available)
V  [jvm.dll+0xa17148]  (no source info available)
V  [jvm.dll+0xa173d3]  (no source info available)
V  [jvm.dll+0x9ab9c8]  (no source info available)
V  [jvm.dll+0x7bb985]  (no source info available)
C  [ucrtbase.dll+0x29363]  (no source info available)
C  [KERNEL32.DLL+0x1244d]  (no source info available)
C  [ntdll.dll+0x5df78]  (no source info available)

VM_Operation (0x000000768bafa898): G1TryInitiateConcMark, mode: safepoint, requested by thread 0x000001c4ed34c610


---------------  P R O C E S S  ---------------

Threads class SMR info:
_java_thread_list=0x000001c4e727d060, length=70, elements={
0x000001c4c47faa90, 0x000001c4ddd914f0, 0x000001c4dddb0450, 0x000001c4ddd921e0,
0x000001c4ddd94ce0, 0x000001c4dddb9850, 0x000001c4dddbe030, 0x000001c4dddbebf0,
0x000001c4dddc3b00, 0x000001c4dddcfb80, 0x000001c4e2367ba0, 0x000001c4e4d41310,
0x000001c4e5174650, 0x000001c4e4d8dc50, 0x000001c4e4722890, 0x000001c4e4723060,
0x000001c4e4724fa0, 0x000001c4e53e7ed0, 0x000001c4e53e9640, 0x000001c4e46790c0,
0x000001c4e467ee80, 0x000001c4e4679890, 0x000001c4e467c770, 0x000001c4e467a830,
0x000001c4e62b37c0, 0x000001c4e27e4140, 0x000001c4ddddb150, 0x000001c4ed343970,
0x000001c4ed33faf0, 0x000001c4ed3450e0, 0x000001c4ed346080, 0x000001c4ed3431a0,
0x000001c4ed34cde0, 0x000001c4ed346850, 0x000001c4ed349730, 0x000001c4ed3429d0,
0x000001c4ed34aea0, 0x000001c4ed348790, 0x000001c4ed3477f0, 0x000001c4ed348f60,
0x000001c4ed34c610, 0x000001c4e27e9730, 0x000001c4e27e9f00, 0x000001c4e27ea6d0,
0x000001c4e27e50e0, 0x000001c4e27e58b0, 0x000001c4e27e7020, 0x000001c4e27e77f0,
0x000001c4e5782500, 0x000001c4e577cf10, 0x000001c4e577bf70, 0x000001c4e577deb0,
0x000001c4e577f620, 0x000001c4e577fdf0, 0x000001c4e57805c0, 0x000001c4e5780d90,
0x000001c4eca09a00, 0x000001c4eca08a60, 0x000001c4eca09230, 0x000001c4eca0a9a0,
0x000001c4eca0b170, 0x000001c4e47218f0, 0x000001c4e4725f40, 0x000001c4e47276b0,
0x000001c4ecd0ffa0, 0x000001c4ecd10770, 0x000001c4ecd145f0, 0x000001c4ecd15590,
0x000001c4ecd16530, 0x000001c4ecd10f40
}

Java Threads: ( => current thread )
  0x000001c4c47faa90 JavaThread "main"                              [_thread_blocked, id=10508, stack(0x0000007688e00000,0x0000007688f00000) (1024K)]
  0x000001c4ddd914f0 JavaThread "Common-Cleaner"             daemon [_thread_blocked, id=16600, stack(0x0000007689600000,0x0000007689700000) (1024K)]
  0x000001c4dddb0450 JavaThread "Reference Handler"          daemon [_thread_blocked, id=10092, stack(0x0000007689700000,0x0000007689800000) (1024K)]
  0x000001c4ddd921e0 JavaThread "Finalizer"                  daemon [_thread_blocked, id=10344, stack(0x0000007689800000,0x0000007689900000) (1024K)]
  0x000001c4ddd94ce0 JavaThread "Signal Dispatcher"          daemon [_thread_blocked, id=17096, stack(0x0000007689900000,0x0000007689a00000) (1024K)]
  0x000001c4dddb9850 JavaThread "Attach Listener"            daemon [_thread_blocked, id=17192, stack(0x0000007689a00000,0x0000007689b00000) (1024K)]
  0x000001c4dddbe030 JavaThread "Service Thread"             daemon [_thread_blocked, id=16676, stack(0x0000007689b00000,0x0000007689c00000) (1024K)]
  0x000001c4dddbebf0 JavaThread "Monitor Deflation Thread"   daemon [_thread_blocked, id=7280, stack(0x0000007689c00000,0x0000007689d00000) (1024K)]
  0x000001c4dddc3b00 JavaThread "C2 CompilerThread0"         daemon [_thread_in_native, id=1192, stack(0x0000007689d00000,0x0000007689e00000) (1024K)]
  0x000001c4dddcfb80 JavaThread "C1 CompilerThread0"         daemon [_thread_blocked, id=8812, stack(0x0000007689e00000,0x0000007689f00000) (1024K)]
  0x000001c4e2367ba0 JavaThread "Notification Thread"        daemon [_thread_blocked, id=14540, stack(0x0000007689f00000,0x000000768a000000) (1024K)]
  0x000001c4e4d41310 JavaThread "Daemon health stats"               [_thread_blocked, id=2812, stack(0x000000768a300000,0x000000768a400000) (1024K)]
  0x000001c4e5174650 JavaThread "Incoming local TCP Connector on port 10055"        [_thread_in_native, id=2268, stack(0x000000768a400000,0x000000768a500000) (1024K)]
  0x000001c4e4d8dc50 JavaThread "Daemon periodic checks"            [_thread_blocked, id=2628, stack(0x000000768a500000,0x000000768a600000) (1024K)]
  0x000001c4e4722890 JavaThread "Cache worker for journal cache (U:\Android-SDK\caches\journal-1)"        [_thread_blocked, id=14484, stack(0x000000768ad00000,0x000000768ae00000) (1024K)]
  0x000001c4e4723060 JavaThread "File lock request listener"        [_thread_in_native, id=2764, stack(0x000000768ae00000,0x000000768af00000) (1024K)]
  0x000001c4e4724fa0 JavaThread "Cache worker for file hash cache (U:\Android-SDK\caches\9.5.0\fileHashes)"        [_thread_blocked, id=12320, stack(0x000000768af00000,0x000000768b000000) (1024K)]
  0x000001c4e53e7ed0 JavaThread "File watcher server"        daemon [_thread_in_native, id=7400, stack(0x000000768b200000,0x000000768b300000) (1024K)]
  0x000001c4e53e9640 JavaThread "File watcher consumer"      daemon [_thread_blocked, id=3544, stack(0x000000768b300000,0x000000768b400000) (1024K)]
  0x000001c4e46790c0 JavaThread "jar transforms"                    [_thread_blocked, id=12668, stack(0x000000768b400000,0x000000768b500000) (1024K)]
  0x000001c4e467ee80 JavaThread "jar transforms Thread 2"           [_thread_blocked, id=10652, stack(0x000000768b500000,0x000000768b600000) (1024K)]
  0x000001c4e4679890 JavaThread "jar transforms Thread 3"           [_thread_blocked, id=7376, stack(0x000000768b600000,0x000000768b700000) (1024K)]
  0x000001c4e467c770 JavaThread "jar transforms Thread 4"           [_thread_blocked, id=9076, stack(0x000000768b700000,0x000000768b800000) (1024K)]
  0x000001c4e467a830 JavaThread "Cache worker for file content cache (U:\Android-SDK\caches\9.5.0\fileContent)"        [_thread_blocked, id=8872, stack(0x000000768b800000,0x000000768b900000) (1024K)]
  0x000001c4e62b37c0 JavaThread "Memory manager"                    [_thread_blocked, id=6196, stack(0x000000768c100000,0x000000768c200000) (1024K)]
  0x000001c4e27e4140 JavaThread "pool-3-thread-1"                   [_thread_blocked, id=12404, stack(0x000000768c200000,0x000000768c300000) (1024K)]
  0x000001c4ddddb150 JavaThread "pool-6-thread-1"                   [_thread_blocked, id=15564, stack(0x000000768bd00000,0x000000768be00000) (1024K)]
  0x000001c4ed343970 JavaThread "Daemon Thread 3"                   [_thread_blocked, id=7136, stack(0x0000007688b00000,0x0000007688c00000) (1024K)]
  0x000001c4ed33faf0 JavaThread "Daemon Thread 4"                   [_thread_blocked, id=13720, stack(0x0000007688d00000,0x0000007688e00000) (1024K)]
  0x000001c4ed3450e0 JavaThread "Handler for socket connection from /127.0.0.1:10055 to /127.0.0.1:2147"        [_thread_in_native, id=13988, stack(0x000000768a600000,0x000000768a700000) (1024K)]
  0x000001c4ed346080 JavaThread "Cancel handler"                    [_thread_blocked, id=1908, stack(0x000000768a700000,0x000000768a800000) (1024K)]
  0x000001c4ed3431a0 JavaThread "Daemon worker Thread 3"            [_thread_blocked, id=14340, stack(0x000000768a800000,0x000000768a900000) (1024K)]
  0x000001c4ed34cde0 JavaThread "Asynchronous log dispatcher for DefaultDaemonConnection: socket connection from /127.0.0.1:10055 to /127.0.0.1:2147"        [_thread_blocked, id=3252, stack(0x000000768a900000,0x000000768aa00000) (1024K)]
  0x000001c4ed346850 JavaThread "Stdin handler"                     [_thread_blocked, id=10440, stack(0x0000007688c00000,0x0000007688d00000) (1024K)]
  0x000001c4ed349730 JavaThread "Daemon client event forwarder"        [_thread_in_native, id=7316, stack(0x000000768aa00000,0x000000768ab00000) (1024K)]
  0x000001c4ed3429d0 JavaThread "Cache worker for file hash cache (U:\AbsensiKaryawan\.gradle\9.5.0\fileHashes)"        [_thread_blocked, id=14224, stack(0x000000768ab00000,0x000000768ac00000) (1024K)]
  0x000001c4ed34aea0 JavaThread "Cache worker for Build Output Cleanup Cache (U:\AbsensiKaryawan\.gradle\buildOutputCleanup)"        [_thread_blocked, id=3784, stack(0x000000768ac00000,0x000000768ad00000) (1024K)]
  0x000001c4ed348790 JavaThread "Cache worker for checksums cache (U:\AbsensiKaryawan\.gradle\9.5.0\checksums)"        [_thread_blocked, id=9932, stack(0x000000768b000000,0x000000768b100000) (1024K)]
  0x000001c4ed3477f0 JavaThread "Cache worker for cache directory md-supplier (U:\Android-SDK\caches\9.5.0\md-supplier)"        [_thread_blocked, id=6548, stack(0x000000768b100000,0x000000768b200000) (1024K)]
  0x000001c4ed348f60 JavaThread "Cache worker for cache directory md-rule (U:\Android-SDK\caches\9.5.0\md-rule)"        [_thread_blocked, id=4012, stack(0x000000768b900000,0x000000768ba00000) (1024K)]
  0x000001c4ed34c610 JavaThread "Build operations"                  [_thread_blocked, id=11424, stack(0x000000768ba00000,0x000000768bb00000) (1024K)]
  0x000001c4e27e9730 JavaThread "Build operations Thread 2"         [_thread_blocked, id=3372, stack(0x000000768bb00000,0x000000768bc00000) (1024K)]
  0x000001c4e27e9f00 JavaThread "Build operations Thread 3"         [_thread_blocked, id=9264, stack(0x000000768bc00000,0x000000768bd00000) (1024K)]
  0x000001c4e27ea6d0 JavaThread "Build operations Thread 4"         [_thread_blocked, id=7564, stack(0x000000768be00000,0x000000768bf00000) (1024K)]
  0x000001c4e27e50e0 JavaThread "Unconstrained build operations"        [_thread_blocked, id=9084, stack(0x000000768c000000,0x000000768c100000) (1024K)]
  0x000001c4e27e58b0 JavaThread "Unconstrained build operations Thread 2"        [_thread_blocked, id=12800, stack(0x000000768c300000,0x000000768c400000) (1024K)]
  0x000001c4e27e7020 JavaThread "Unconstrained build operations Thread 3"        [_thread_blocked, id=12184, stack(0x000000768c400000,0x000000768c500000) (1024K)]
  0x000001c4e27e77f0 JavaThread "Unconstrained build operations Thread 4"        [_thread_blocked, id=11184, stack(0x000000768c500000,0x000000768c600000) (1024K)]
  0x000001c4e5782500 JavaThread "Unconstrained build operations Thread 5"        [_thread_blocked, id=2392, stack(0x000000768c600000,0x000000768c700000) (1024K)]
  0x000001c4e577cf10 JavaThread "Unconstrained build operations Thread 6"        [_thread_blocked, id=12728, stack(0x000000768c700000,0x000000768c800000) (1024K)]
  0x000001c4e577bf70 JavaThread "Unconstrained build operations Thread 7"        [_thread_blocked, id=2572, stack(0x000000768c800000,0x000000768c900000) (1024K)]
  0x000001c4e577deb0 JavaThread "Unconstrained build operations Thread 8"        [_thread_blocked, id=13804, stack(0x000000768c900000,0x000000768ca00000) (1024K)]
  0x000001c4e577f620 JavaThread "Unconstrained build operations Thread 9"        [_thread_blocked, id=5580, stack(0x000000768ca00000,0x000000768cb00000) (1024K)]
  0x000001c4e577fdf0 JavaThread "Unconstrained build operations Thread 10"        [_thread_blocked, id=7140, stack(0x000000768cb00000,0x000000768cc00000) (1024K)]
  0x000001c4e57805c0 JavaThread "Unconstrained build operations Thread 11"        [_thread_blocked, id=896, stack(0x000000768cc00000,0x000000768cd00000) (1024K)]
  0x000001c4e5780d90 JavaThread "Unconstrained build operations Thread 12"        [_thread_blocked, id=3960, stack(0x000000768cd00000,0x000000768ce00000) (1024K)]
  0x000001c4eca09a00 JavaThread "Unconstrained build operations Thread 13"        [_thread_blocked, id=9220, stack(0x000000768ce00000,0x000000768cf00000) (1024K)]
  0x000001c4eca08a60 JavaThread "Unconstrained build operations Thread 14"        [_thread_blocked, id=1992, stack(0x000000768cf00000,0x000000768d000000) (1024K)]
  0x000001c4eca09230 JavaThread "Unconstrained build operations Thread 15"        [_thread_blocked, id=6828, stack(0x000000768d000000,0x000000768d100000) (1024K)]
  0x000001c4eca0a9a0 JavaThread "Unconstrained build operations Thread 16"        [_thread_blocked, id=8220, stack(0x000000768d100000,0x000000768d200000) (1024K)]
  0x000001c4eca0b170 JavaThread "Unconstrained build operations Thread 17"        [_thread_blocked, id=5420, stack(0x000000768d200000,0x000000768d300000) (1024K)]
  0x000001c4e47218f0 JavaThread "Unconstrained build operations Thread 18"        [_thread_blocked, id=5472, stack(0x000000768d300000,0x000000768d400000) (1024K)]
  0x000001c4e4725f40 JavaThread "Unconstrained build operations Thread 19"        [_thread_blocked, id=8280, stack(0x000000768d400000,0x000000768d500000) (1024K)]
  0x000001c4e47276b0 JavaThread "Unconstrained build operations Thread 20"        [_thread_blocked, id=2360, stack(0x000000768d500000,0x000000768d600000) (1024K)]
  0x000001c4ecd0ffa0 JavaThread "Unconstrained build operations Thread 21"        [_thread_blocked, id=14144, stack(0x000000768d600000,0x000000768d700000) (1024K)]
  0x000001c4ecd10770 JavaThread "Unconstrained build operations Thread 22"        [_thread_blocked, id=15904, stack(0x000000768d700000,0x000000768d800000) (1024K)]
  0x000001c4ecd145f0 JavaThread "Unconstrained build operations Thread 23"        [_thread_blocked, id=1912, stack(0x000000768d800000,0x000000768d900000) (1024K)]
  0x000001c4ecd15590 JavaThread "Unconstrained build operations Thread 24"        [_thread_blocked, id=10984, stack(0x000000768d900000,0x000000768da00000) (1024K)]
  0x000001c4ecd16530 JavaThread "Unconstrained build operations Thread 25"        [_thread_blocked, id=17316, stack(0x000000768da00000,0x000000768db00000) (1024K)]
  0x000001c4ecd10f40 JavaThread "Unconstrained build operations Thread 26"        [_thread_blocked, id=808, stack(0x000000768db00000,0x000000768dc00000) (1024K)]
Total: 70

Other Threads:
=>0x000001c4ddd6c380 VMThread "VM Thread"                           [id=9568, stack(0x0000007689500000,0x0000007689600000) (1024K)]
  0x000001c4ddd2c7b0 WatcherThread "VM Periodic Task Thread"        [id=13368, stack(0x0000007689400000,0x0000007689500000) (1024K)]
  0x000001c4c6b41530 WorkerThread "GC Thread#0"                     [id=16460, stack(0x0000007688f00000,0x0000007689000000) (1024K)]
  0x000001c4e3220670 WorkerThread "GC Thread#1"                     [id=1504, stack(0x000000768a000000,0x000000768a100000) (1024K)]
  0x000001c4e327bc40 WorkerThread "GC Thread#2"                     [id=2548, stack(0x000000768a100000,0x000000768a200000) (1024K)]
  0x000001c4e327c070 WorkerThread "GC Thread#3"                     [id=6792, stack(0x000000768a200000,0x000000768a300000) (1024K)]
  0x000001c4c6b5b820 ConcurrentGCThread "G1 Main Marker"            [id=14960, stack(0x0000007689000000,0x0000007689100000) (1024K)]
  0x000001c4c6b5cfd0 WorkerThread "G1 Conc#0"                       [id=15880, stack(0x0000007689100000,0x0000007689200000) (1024K)]
  0x000001c4c6b8ca70 ConcurrentGCThread "G1 Refine#0"               [id=9740, stack(0x0000007689200000,0x0000007689300000) (1024K)]
  0x000001c4c6b8d680 ConcurrentGCThread "G1 Service"                [id=11572, stack(0x0000007689300000,0x0000007689400000) (1024K)]
Total: 10

Threads with active compile tasks:
C2 CompilerThread0  1906873 22131 %     4       org.objectweb.asm.ClassReader::readCode @ 2187 (5117 bytes)
Total: 1

VM state: at safepoint (normal execution)

VM Mutex/Monitor currently owned by a thread:  ([mutex/lock_event])
[0x00007ffc158e4698] Threads_lock - owner thread: 0x000001c4ddd6c380
[0x00007ffc158e4818] Heap_lock - owner thread: 0x000001c4ed34c610

Heap address: 0x0000000080000000, size: 2048 MB, Compressed Oops mode: 32-bit

CDS archive(s) not mapped
Compressed class space mapped at: 0x0000000012000000-0x0000000052000000, reserved size: 1073741824
UseCompressedClassPointers 1, UseCompactObjectHeaders 0
Narrow klass pointer bits 32, Max shift 3
Narrow klass base: 0x0000000000000000, Narrow klass shift: 0
Encoding Range: [0x0000000000000000 - 0x0000000100000000), (4294967296 bytes)
Klass Range:    [0x0000000012000000 - 0x0000000052000000), (1073741824 bytes)
Klass ID Range:  [301989888 - 1375731705) (1073741817)
No protection zone.

GC Precious Log:
 CardTable entry size: 512
 Card Set container configuration: InlinePtr #cards 5 size 8 Array Of Cards #cards 10 size 36 Howl #buckets 4 coarsen threshold 1843 Howl Bitmap #cards 512 size 80 coarsen threshold 460 Card regions per heap region 1 cards per card region 2048
 CPUs: 4 total, 4 available
 Memory: 6020M
 Large Page Support: Disabled
 NUMA Support: Disabled
 Compressed Oops: Enabled (32-bit)
 Heap Region Size: 1M
 Heap Min Capacity: 8M
 Heap Initial Capacity: 96M
 Heap Max Capacity: 2G
 Pre-touch: Disabled
 Parallel Workers: 4
 Concurrent Workers: 1
 Concurrent Refinement Workers: 4
 Periodic GC: Disabled

Heap:
 garbage-first heap   total reserved 2097152K, committed 334848K, used 199168K [0x0000000080000000, 0x0000000100000000)
  region size 1024K, 3 young (3072K), 3 survivors (3072K)

Heap Regions: E=young(eden), S=young(survivor), O=old, HS=humongous(starts), HC=humongous(continues), CS=collection set, F=free, TAMS=top-at-mark-start, PB=parsable bottom
|   0|0x0000000080000000, 0x0000000080100000, 0x0000000080100000|100%|HS|  |TAMS 0x0000000080100000| PB 0x0000000080000000| Complete |  0
|   1|0x0000000080100000, 0x0000000080200000, 0x0000000080200000|100%|HC|  |TAMS 0x0000000080200000| PB 0x0000000080100000| Complete |  0
|   2|0x0000000080200000, 0x0000000080300000, 0x0000000080300000|100%|HC|  |TAMS 0x0000000080300000| PB 0x0000000080200000| Complete |  0
|   3|0x0000000080300000, 0x0000000080400000, 0x0000000080400000|100%|HC|  |TAMS 0x0000000080400000| PB 0x0000000080300000| Complete |  0
|   4|0x0000000080400000, 0x0000000080500000, 0x0000000080500000|100%| O|  |TAMS 0x0000000080500000| PB 0x0000000080400000| Untracked |  0
|   5|0x0000000080500000, 0x0000000080600000, 0x0000000080600000|100%| O|  |TAMS 0x0000000080600000| PB 0x0000000080500000| Untracked |  0
|   6|0x0000000080600000, 0x0000000080700000, 0x0000000080700000|100%| O|  |TAMS 0x0000000080700000| PB 0x0000000080600000| Untracked |  0
|   7|0x0000000080700000, 0x0000000080800000, 0x0000000080800000|100%|HS|  |TAMS 0x0000000080800000| PB 0x0000000080700000| Complete |  0
|   8|0x0000000080800000, 0x0000000080900000, 0x0000000080900000|100%| O|  |TAMS 0x0000000080900000| PB 0x0000000080800000| Untracked |  0
|   9|0x0000000080900000, 0x0000000080a00000, 0x0000000080a00000|100%| O|  |TAMS 0x0000000080a00000| PB 0x0000000080900000| Untracked |  0
|  10|0x0000000080a00000, 0x0000000080b00000, 0x0000000080b00000|100%| O|  |TAMS 0x0000000080b00000| PB 0x0000000080a00000| Untracked |  0
|  11|0x0000000080b00000, 0x0000000080c00000, 0x0000000080c00000|100%| O|  |TAMS 0x0000000080c00000| PB 0x0000000080b00000| Untracked |  0
|  12|0x0000000080c00000, 0x0000000080d00000, 0x0000000080d00000|100%| O|  |TAMS 0x0000000080d00000| PB 0x0000000080c00000| Untracked |  0
|  13|0x0000000080d00000, 0x0000000080e00000, 0x0000000080e00000|100%| O|  |TAMS 0x0000000080e00000| PB 0x0000000080d00000| Untracked |  0
|  14|0x0000000080e00000, 0x0000000080f00000, 0x0000000080f00000|100%| O|  |TAMS 0x0000000080f00000| PB 0x0000000080e00000| Untracked |  0
|  15|0x0000000080f00000, 0x0000000081000000, 0x0000000081000000|100%| O|  |TAMS 0x0000000081000000| PB 0x0000000080f00000| Untracked |  0
|  16|0x0000000081000000, 0x0000000081100000, 0x0000000081100000|100%|HS|  |TAMS 0x0000000081100000| PB 0x0000000081000000| Complete |  0
|  17|0x0000000081100000, 0x0000000081200000, 0x0000000081200000|100%| O|  |TAMS 0x0000000081200000| PB 0x0000000081100000| Untracked |  0
|  18|0x0000000081200000, 0x0000000081300000, 0x0000000081300000|100%| O|  |TAMS 0x0000000081300000| PB 0x0000000081200000| Untracked |  0
|  19|0x0000000081300000, 0x0000000081400000, 0x0000000081400000|100%| O|  |TAMS 0x0000000081400000| PB 0x0000000081300000| Untracked |  0
|  20|0x0000000081400000, 0x0000000081500000, 0x0000000081500000|100%| O|  |TAMS 0x0000000081500000| PB 0x0000000081400000| Untracked |  0
|  21|0x0000000081500000, 0x0000000081600000, 0x0000000081600000|100%| O|  |TAMS 0x0000000081600000| PB 0x0000000081500000| Untracked |  0
|  22|0x0000000081600000, 0x0000000081700000, 0x0000000081700000|100%| O|  |TAMS 0x0000000081700000| PB 0x0000000081600000| Untracked |  0
|  23|0x0000000081700000, 0x0000000081800000, 0x0000000081800000|100%|HS|  |TAMS 0x0000000081800000| PB 0x0000000081700000| Complete |  0
|  24|0x0000000081800000, 0x0000000081900000, 0x0000000081900000|100%|HC|  |TAMS 0x0000000081900000| PB 0x0000000081800000| Complete |  0
|  25|0x0000000081900000, 0x0000000081a00000, 0x0000000081a00000|100%|HC|  |TAMS 0x0000000081a00000| PB 0x0000000081900000| Complete |  0
|  26|0x0000000081a00000, 0x0000000081b00000, 0x0000000081b00000|100%|HC|  |TAMS 0x0000000081b00000| PB 0x0000000081a00000| Complete |  0
|  27|0x0000000081b00000, 0x0000000081c00000, 0x0000000081c00000|100%|HC|  |TAMS 0x0000000081c00000| PB 0x0000000081b00000| Complete |  0
|  28|0x0000000081c00000, 0x0000000081d00000, 0x0000000081d00000|100%|HC|  |TAMS 0x0000000081d00000| PB 0x0000000081c00000| Complete |  0
|  29|0x0000000081d00000, 0x0000000081e00000, 0x0000000081e00000|100%|HS|  |TAMS 0x0000000081e00000| PB 0x0000000081d00000| Complete |  0
|  30|0x0000000081e00000, 0x0000000081f00000, 0x0000000081f00000|100%| O|  |TAMS 0x0000000081f00000| PB 0x0000000081e00000| Untracked |  0
|  31|0x0000000081f00000, 0x0000000082000000, 0x0000000082000000|100%| O|  |TAMS 0x0000000082000000| PB 0x0000000081f00000| Untracked |  0
|  32|0x0000000082000000, 0x0000000082100000, 0x0000000082100000|100%| O|  |TAMS 0x0000000082100000| PB 0x0000000082000000| Untracked |  0
|  33|0x0000000082100000, 0x0000000082200000, 0x0000000082200000|100%| O|  |TAMS 0x0000000082200000| PB 0x0000000082100000| Untracked |  0
|  34|0x0000000082200000, 0x0000000082300000, 0x0000000082300000|100%| O|  |TAMS 0x0000000082300000| PB 0x0000000082200000| Untracked |  0
|  35|0x0000000082300000, 0x0000000082400000, 0x0000000082400000|100%| O|  |TAMS 0x0000000082400000| PB 0x0000000082300000| Untracked |  0
|  36|0x0000000082400000, 0x0000000082500000, 0x0000000082500000|100%|HS|  |TAMS 0x0000000082500000| PB 0x0000000082400000| Complete |  0
|  37|0x0000000082500000, 0x0000000082600000, 0x0000000082600000|100%|HS|  |TAMS 0x0000000082600000| PB 0x0000000082500000| Complete |  0
|  38|0x0000000082600000, 0x0000000082700000, 0x0000000082700000|100%|HC|  |TAMS 0x0000000082700000| PB 0x0000000082600000| Complete |  0
|  39|0x0000000082700000, 0x0000000082800000, 0x0000000082800000|100%|HC|  |TAMS 0x0000000082800000| PB 0x0000000082700000| Complete |  0
|  40|0x0000000082800000, 0x0000000082900000, 0x0000000082900000|100%|HC|  |TAMS 0x0000000082900000| PB 0x0000000082800000| Complete |  0
|  41|0x0000000082900000, 0x0000000082a00000, 0x0000000082a00000|100%|HC|  |TAMS 0x0000000082a00000| PB 0x0000000082900000| Complete |  0
|  42|0x0000000082a00000, 0x0000000082b00000, 0x0000000082b00000|100%|HC|  |TAMS 0x0000000082b00000| PB 0x0000000082a00000| Complete |  0
|  43|0x0000000082b00000, 0x0000000082c00000, 0x0000000082c00000|100%|HS|  |TAMS 0x0000000082c00000| PB 0x0000000082b00000| Complete |  0
|  44|0x0000000082c00000, 0x0000000082d00000, 0x0000000082d00000|100%|HS|  |TAMS 0x0000000082d00000| PB 0x0000000082c00000| Complete |  0
|  45|0x0000000082d00000, 0x0000000082e00000, 0x0000000082e00000|100%| O|  |TAMS 0x0000000082d00000| PB 0x0000000082d00000| Untracked |  0
|  46|0x0000000082e00000, 0x0000000082f00000, 0x0000000082f00000|100%| O|  |TAMS 0x0000000082f00000| PB 0x0000000082e00000| Untracked |  0
|  47|0x0000000082f00000, 0x0000000083000000, 0x0000000083000000|100%| O|  |TAMS 0x0000000083000000| PB 0x0000000082f00000| Untracked |  0
|  48|0x0000000083000000, 0x0000000083100000, 0x0000000083100000|100%| O|  |TAMS 0x0000000083100000| PB 0x0000000083000000| Untracked |  0
|  49|0x0000000083100000, 0x0000000083200000, 0x0000000083200000|100%| O|  |TAMS 0x0000000083200000| PB 0x0000000083100000| Untracked |  0
|  50|0x0000000083200000, 0x0000000083300000, 0x0000000083300000|100%| O|  |TAMS 0x0000000083300000| PB 0x0000000083200000| Untracked |  0
|  51|0x0000000083300000, 0x0000000083400000, 0x0000000083400000|100%| O|  |TAMS 0x0000000083400000| PB 0x0000000083300000| Untracked |  0
|  52|0x0000000083400000, 0x0000000083500000, 0x0000000083500000|100%| O|  |TAMS 0x0000000083500000| PB 0x0000000083400000| Untracked |  0
|  53|0x0000000083500000, 0x0000000083600000, 0x0000000083600000|100%| O|  |TAMS 0x0000000083600000| PB 0x0000000083500000| Untracked |  0
|  54|0x0000000083600000, 0x0000000083700000, 0x0000000083700000|100%| O|  |TAMS 0x0000000083700000| PB 0x0000000083600000| Untracked |  0
|  55|0x0000000083700000, 0x0000000083800000, 0x0000000083800000|100%| O|  |TAMS 0x0000000083800000| PB 0x0000000083700000| Untracked |  0
|  56|0x0000000083800000, 0x0000000083900000, 0x0000000083900000|100%| O|  |TAMS 0x0000000083900000| PB 0x0000000083800000| Untracked |  0
|  57|0x0000000083900000, 0x0000000083a00000, 0x0000000083a00000|100%| O|  |TAMS 0x0000000083a00000| PB 0x0000000083900000| Untracked |  0
|  58|0x0000000083a00000, 0x0000000083b00000, 0x0000000083b00000|100%| O|  |TAMS 0x0000000083b00000| PB 0x0000000083a00000| Untracked |  0
|  59|0x0000000083b00000, 0x0000000083c00000, 0x0000000083c00000|100%| O|  |TAMS 0x0000000083c00000| PB 0x0000000083b00000| Untracked |  0
|  60|0x0000000083c00000, 0x0000000083d00000, 0x0000000083d00000|100%|HS|  |TAMS 0x0000000083d00000| PB 0x0000000083c00000| Complete |  0
|  61|0x0000000083d00000, 0x0000000083e00000, 0x0000000083e00000|100%| O|  |TAMS 0x0000000083e00000| PB 0x0000000083d00000| Untracked |  0
|  62|0x0000000083e00000, 0x0000000083f00000, 0x0000000083f00000|100%| O|  |TAMS 0x0000000083f00000| PB 0x0000000083e00000| Untracked |  0
|  63|0x0000000083f00000, 0x0000000084000000, 0x0000000084000000|100%| O|  |TAMS 0x0000000084000000| PB 0x0000000083f00000| Untracked |  0
|  64|0x0000000084000000, 0x0000000084100000, 0x0000000084100000|100%| O|  |TAMS 0x0000000084100000| PB 0x0000000084000000| Untracked |  0
|  65|0x0000000084100000, 0x0000000084200000, 0x0000000084200000|100%| O|  |TAMS 0x0000000084200000| PB 0x0000000084100000| Untracked |  0
|  66|0x0000000084200000, 0x0000000084300000, 0x0000000084300000|100%| O|  |TAMS 0x0000000084300000| PB 0x0000000084200000| Untracked |  0
|  67|0x0000000084300000, 0x0000000084400000, 0x0000000084400000|100%| O|  |TAMS 0x0000000084400000| PB 0x0000000084300000| Untracked |  0
|  68|0x0000000084400000, 0x0000000084500000, 0x0000000084500000|100%| O|  |TAMS 0x0000000084500000| PB 0x0000000084400000| Untracked |  0
|  69|0x0000000084500000, 0x0000000084600000, 0x0000000084600000|100%| O|  |TAMS 0x0000000084600000| PB 0x0000000084500000| Untracked |  0
|  70|0x0000000084600000, 0x0000000084700000, 0x0000000084700000|100%|HS|  |TAMS 0x0000000084700000| PB 0x0000000084600000| Complete |  0
|  71|0x0000000084700000, 0x0000000084800000, 0x0000000084800000|100%| O|  |TAMS 0x0000000084800000| PB 0x0000000084700000| Untracked |  0
|  72|0x0000000084800000, 0x0000000084900000, 0x0000000084900000|100%| O|  |TAMS 0x0000000084900000| PB 0x0000000084800000| Untracked |  0
|  73|0x0000000084900000, 0x0000000084a00000, 0x0000000084a00000|100%|HS|  |TAMS 0x0000000084a00000| PB 0x0000000084900000| Complete |  0
|  74|0x0000000084a00000, 0x0000000084b00000, 0x0000000084b00000|100%|HS|  |TAMS 0x0000000084b00000| PB 0x0000000084a00000| Complete |  0
|  75|0x0000000084b00000, 0x0000000084c00000, 0x0000000084c00000|100%|HC|  |TAMS 0x0000000084c00000| PB 0x0000000084b00000| Complete |  0
|  76|0x0000000084c00000, 0x0000000084d00000, 0x0000000084d00000|100%|HS|  |TAMS 0x0000000084d00000| PB 0x0000000084c00000| Complete |  0
|  77|0x0000000084d00000, 0x0000000084e00000, 0x0000000084e00000|100%|HS|  |TAMS 0x0000000084e00000| PB 0x0000000084d00000| Complete |  0
|  78|0x0000000084e00000, 0x0000000084f00000, 0x0000000084f00000|100%| O|  |TAMS 0x0000000084f00000| PB 0x0000000084e00000| Untracked |  0
|  79|0x0000000084f00000, 0x0000000085000000, 0x0000000085000000|100%| O|  |TAMS 0x0000000085000000| PB 0x0000000084f00000| Untracked |  0
|  80|0x0000000085000000, 0x0000000085100000, 0x0000000085100000|100%| O|  |TAMS 0x0000000085100000| PB 0x0000000085000000| Untracked |  0
|  81|0x0000000085100000, 0x0000000085200000, 0x0000000085200000|100%|HS|  |TAMS 0x0000000085200000| PB 0x0000000085100000| Complete |  0
|  82|0x0000000085200000, 0x0000000085300000, 0x0000000085300000|100%| O|  |TAMS 0x0000000085300000| PB 0x0000000085200000| Untracked |  0
|  83|0x0000000085300000, 0x0000000085400000, 0x0000000085400000|100%|HS|  |TAMS 0x0000000085400000| PB 0x0000000085300000| Complete |  0
|  84|0x0000000085400000, 0x0000000085500000, 0x0000000085500000|100%|HS|  |TAMS 0x0000000085500000| PB 0x0000000085400000| Complete |  0
|  85|0x0000000085500000, 0x0000000085600000, 0x0000000085600000|100%| O|  |TAMS 0x0000000085600000| PB 0x0000000085500000| Untracked |  0
|  86|0x0000000085600000, 0x0000000085700000, 0x0000000085700000|100%| O|  |TAMS 0x0000000085700000| PB 0x0000000085600000| Untracked |  0
|  87|0x0000000085700000, 0x0000000085800000, 0x0000000085800000|100%| O|  |TAMS 0x0000000085800000| PB 0x0000000085700000| Untracked |  0
|  88|0x0000000085800000, 0x0000000085900000, 0x0000000085900000|100%| O|  |TAMS 0x0000000085900000| PB 0x0000000085800000| Untracked |  0
|  89|0x0000000085900000, 0x0000000085a00000, 0x0000000085a00000|100%| O|  |TAMS 0x0000000085a00000| PB 0x0000000085900000| Untracked |  0
|  90|0x0000000085a00000, 0x0000000085b00000, 0x0000000085b00000|100%| O|  |TAMS 0x0000000085b00000| PB 0x0000000085a00000| Untracked |  0
|  91|0x0000000085b00000, 0x0000000085c00000, 0x0000000085c00000|100%|HS|  |TAMS 0x0000000085c00000| PB 0x0000000085b00000| Complete |  0
|  92|0x0000000085c00000, 0x0000000085d00000, 0x0000000085d00000|100%|HC|  |TAMS 0x0000000085d00000| PB 0x0000000085c00000| Complete |  0
|  93|0x0000000085d00000, 0x0000000085e00000, 0x0000000085e00000|100%| O|  |TAMS 0x0000000085e00000| PB 0x0000000085d00000| Untracked |  0
|  94|0x0000000085e00000, 0x0000000085f00000, 0x0000000085f00000|100%| O|  |TAMS 0x0000000085f00000| PB 0x0000000085e00000| Untracked |  0
|  95|0x0000000085f00000, 0x0000000086000000, 0x0000000086000000|100%|HS|  |TAMS 0x0000000086000000| PB 0x0000000085f00000| Complete |  0
|  96|0x0000000086000000, 0x0000000086100000, 0x0000000086100000|100%| O|  |TAMS 0x0000000086100000| PB 0x0000000086000000| Untracked |  0
|  97|0x0000000086100000, 0x0000000086200000, 0x0000000086200000|100%| O|  |TAMS 0x0000000086200000| PB 0x0000000086100000| Untracked |  0
|  98|0x0000000086200000, 0x0000000086300000, 0x0000000086300000|100%| O|  |TAMS 0x0000000086200000| PB 0x0000000086200000| Untracked |  0
|  99|0x0000000086300000, 0x0000000086400000, 0x0000000086400000|100%| O|  |TAMS 0x0000000086400000| PB 0x0000000086300000| Untracked |  0
| 100|0x0000000086400000, 0x0000000086500000, 0x0000000086500000|100%| O|  |TAMS 0x0000000086500000| PB 0x0000000086400000| Untracked |  0
| 101|0x0000000086500000, 0x0000000086600000, 0x0000000086600000|100%| O|  |TAMS 0x0000000086600000| PB 0x0000000086500000| Untracked |  0
| 102|0x0000000086600000, 0x0000000086700000, 0x0000000086700000|100%| O|  |TAMS 0x0000000086700000| PB 0x0000000086600000| Untracked |  0
| 103|0x0000000086700000, 0x0000000086800000, 0x0000000086800000|100%| O|  |TAMS 0x0000000086800000| PB 0x0000000086700000| Untracked |  0
| 104|0x0000000086800000, 0x0000000086900000, 0x0000000086900000|100%| O|  |TAMS 0x0000000086900000| PB 0x0000000086800000| Untracked |  0
| 105|0x0000000086900000, 0x0000000086a00000, 0x0000000086a00000|100%| O|  |TAMS 0x0000000086a00000| PB 0x0000000086900000| Untracked |  0
| 106|0x0000000086a00000, 0x0000000086b00000, 0x0000000086b00000|100%| O|  |TAMS 0x0000000086b00000| PB 0x0000000086a00000| Untracked |  0
| 107|0x0000000086b00000, 0x0000000086c00000, 0x0000000086c00000|100%| O|  |TAMS 0x0000000086c00000| PB 0x0000000086b00000| Untracked |  0
| 108|0x0000000086c00000, 0x0000000086d00000, 0x0000000086d00000|100%| O|  |TAMS 0x0000000086d00000| PB 0x0000000086c00000| Untracked |  0
| 109|0x0000000086d00000, 0x0000000086e00000, 0x0000000086e00000|100%| O|  |TAMS 0x0000000086e00000| PB 0x0000000086d00000| Untracked |  0
| 110|0x0000000086e00000, 0x0000000086f00000, 0x0000000086f00000|100%| O|  |TAMS 0x0000000086f00000| PB 0x0000000086e00000| Untracked |  0
| 111|0x0000000086f00000, 0x0000000087000000, 0x0000000087000000|100%| O|  |TAMS 0x0000000087000000| PB 0x0000000086f00000| Untracked |  0
| 112|0x0000000087000000, 0x0000000087100000, 0x0000000087100000|100%| O|  |TAMS 0x0000000087100000| PB 0x0000000087000000| Untracked |  0
| 113|0x0000000087100000, 0x0000000087200000, 0x0000000087200000|100%| O|  |TAMS 0x0000000087200000| PB 0x0000000087100000| Untracked |  0
| 114|0x0000000087200000, 0x0000000087300000, 0x0000000087300000|100%| O|  |TAMS 0x0000000087300000| PB 0x0000000087200000| Untracked |  0
| 115|0x0000000087300000, 0x0000000087400000, 0x0000000087400000|100%| O|  |TAMS 0x0000000087400000| PB 0x0000000087300000| Untracked |  0
| 116|0x0000000087400000, 0x0000000087500000, 0x0000000087500000|100%| O|  |TAMS 0x0000000087500000| PB 0x0000000087400000| Untracked |  0
| 117|0x0000000087500000, 0x0000000087600000, 0x0000000087600000|100%| O|  |TAMS 0x0000000087600000| PB 0x0000000087500000| Untracked |  0
| 118|0x0000000087600000, 0x0000000087700000, 0x0000000087700000|100%| O|  |TAMS 0x0000000087700000| PB 0x0000000087600000| Untracked |  0
| 119|0x0000000087700000, 0x0000000087800000, 0x0000000087800000|100%| O|  |TAMS 0x0000000087800000| PB 0x0000000087700000| Untracked |  0
| 120|0x0000000087800000, 0x0000000087900000, 0x0000000087900000|100%| O|  |TAMS 0x0000000087900000| PB 0x0000000087800000| Untracked |  0
| 121|0x0000000087900000, 0x0000000087a00000, 0x0000000087a00000|100%| O|  |TAMS 0x0000000087a00000| PB 0x0000000087900000| Untracked |  0
| 122|0x0000000087a00000, 0x0000000087b00000, 0x0000000087b00000|100%| O|  |TAMS 0x0000000087b00000| PB 0x0000000087a00000| Untracked |  0
| 123|0x0000000087b00000, 0x0000000087c00000, 0x0000000087c00000|100%| O|  |TAMS 0x0000000087c00000| PB 0x0000000087b00000| Untracked |  0
| 124|0x0000000087c00000, 0x0000000087d00000, 0x0000000087d00000|100%| O|  |TAMS 0x0000000087d00000| PB 0x0000000087c00000| Untracked |  0
| 125|0x0000000087d00000, 0x0000000087e00000, 0x0000000087e00000|100%| O|  |TAMS 0x0000000087e00000| PB 0x0000000087d00000| Untracked |  0
| 126|0x0000000087e00000, 0x0000000087f00000, 0x0000000087f00000|100%| O|  |TAMS 0x0000000087f00000| PB 0x0000000087e00000| Untracked |  0
| 127|0x0000000087f00000, 0x0000000088000000, 0x0000000088000000|100%| O|  |TAMS 0x0000000088000000| PB 0x0000000087f00000| Untracked |  0
| 128|0x0000000088000000, 0x0000000088100000, 0x0000000088100000|100%| O|  |TAMS 0x0000000088100000| PB 0x0000000088000000| Untracked |  0
| 129|0x0000000088100000, 0x0000000088200000, 0x0000000088200000|100%| O|  |TAMS 0x0000000088200000| PB 0x0000000088100000| Untracked |  0
| 130|0x0000000088200000, 0x0000000088300000, 0x0000000088300000|100%| O|  |TAMS 0x0000000088300000| PB 0x0000000088200000| Untracked |  0
| 131|0x0000000088300000, 0x0000000088400000, 0x0000000088400000|100%| O|  |TAMS 0x0000000088400000| PB 0x0000000088300000| Untracked |  0
| 132|0x0000000088400000, 0x0000000088500000, 0x0000000088500000|100%| O|  |TAMS 0x0000000088500000| PB 0x0000000088400000| Untracked |  0
| 133|0x0000000088500000, 0x0000000088600000, 0x0000000088600000|100%| O|  |TAMS 0x0000000088600000| PB 0x0000000088500000| Untracked |  0
| 134|0x0000000088600000, 0x0000000088700000, 0x0000000088700000|100%| O|  |TAMS 0x0000000088700000| PB 0x0000000088600000| Untracked |  0
| 135|0x0000000088700000, 0x0000000088800000, 0x0000000088800000|100%| O|  |TAMS 0x0000000088800000| PB 0x0000000088700000| Untracked |  0
| 136|0x0000000088800000, 0x0000000088900000, 0x0000000088900000|100%| O|  |TAMS 0x0000000088900000| PB 0x0000000088800000| Untracked |  0
| 137|0x0000000088900000, 0x0000000088a00000, 0x0000000088a00000|100%| O|  |TAMS 0x0000000088900000| PB 0x0000000088900000| Untracked |  0
| 138|0x0000000088a00000, 0x0000000088b00000, 0x0000000088b00000|100%| O|  |TAMS 0x0000000088b00000| PB 0x0000000088a00000| Untracked |  0
| 139|0x0000000088b00000, 0x0000000088c00000, 0x0000000088c00000|100%| O|  |TAMS 0x0000000088b00000| PB 0x0000000088b00000| Untracked |  0
| 140|0x0000000088c00000, 0x0000000088d00000, 0x0000000088d00000|100%| O|  |TAMS 0x0000000088c00000| PB 0x0000000088c00000| Untracked |  0
| 141|0x0000000088d00000, 0x0000000088e00000, 0x0000000088e00000|100%| O|  |TAMS 0x0000000088e00000| PB 0x0000000088d00000| Untracked |  0
| 142|0x0000000088e00000, 0x0000000088f00000, 0x0000000088f00000|100%| O|  |TAMS 0x0000000088f00000| PB 0x0000000088e00000| Untracked |  0
| 143|0x0000000088f00000, 0x0000000089000000, 0x0000000089000000|100%| O|  |TAMS 0x0000000089000000| PB 0x0000000088f00000| Untracked |  0
| 144|0x0000000089000000, 0x0000000089100000, 0x0000000089100000|100%| O|  |TAMS 0x0000000089100000| PB 0x0000000089000000| Untracked |  0
| 145|0x0000000089100000, 0x0000000089200000, 0x0000000089200000|100%| O|  |TAMS 0x0000000089200000| PB 0x0000000089100000| Untracked |  0
| 146|0x0000000089200000, 0x0000000089300000, 0x0000000089300000|100%| O|  |TAMS 0x0000000089300000| PB 0x0000000089200000| Untracked |  0
| 147|0x0000000089300000, 0x0000000089400000, 0x0000000089400000|100%| O|  |TAMS 0x0000000089300000| PB 0x0000000089300000| Untracked |  0
| 148|0x0000000089400000, 0x0000000089500000, 0x0000000089500000|100%| O|  |TAMS 0x0000000089500000| PB 0x0000000089400000| Untracked |  0
| 149|0x0000000089500000, 0x0000000089600000, 0x0000000089600000|100%| O|  |TAMS 0x0000000089500000| PB 0x0000000089500000| Untracked |  0
| 150|0x0000000089600000, 0x0000000089700000, 0x0000000089700000|100%| O|  |TAMS 0x0000000089600000| PB 0x0000000089600000| Untracked |  0
| 151|0x0000000089700000, 0x0000000089800000, 0x0000000089800000|100%| O|  |TAMS 0x0000000089800000| PB 0x0000000089700000| Untracked |  0
| 152|0x0000000089800000, 0x0000000089900000, 0x0000000089900000|100%| O|  |TAMS 0x0000000089900000| PB 0x0000000089800000| Untracked |  0
| 153|0x0000000089900000, 0x0000000089a00000, 0x0000000089a00000|100%| O|  |TAMS 0x0000000089a00000| PB 0x0000000089900000| Untracked |  0
| 154|0x0000000089a00000, 0x0000000089b00000, 0x0000000089b00000|100%| O|  |TAMS 0x0000000089a00000| PB 0x0000000089a00000| Untracked |  0
| 155|0x0000000089b00000, 0x0000000089c00000, 0x0000000089c00000|100%| O|  |TAMS 0x0000000089c00000| PB 0x0000000089b00000| Untracked |  0
| 156|0x0000000089c00000, 0x0000000089d00000, 0x0000000089d00000|100%| O|  |TAMS 0x0000000089d00000| PB 0x0000000089c00000| Untracked |  0
| 157|0x0000000089d00000, 0x0000000089e00000, 0x0000000089e00000|100%| O|  |TAMS 0x0000000089d00000| PB 0x0000000089d00000| Untracked |  0
| 158|0x0000000089e00000, 0x0000000089f00000, 0x0000000089f00000|100%| O|  |TAMS 0x0000000089e00000| PB 0x0000000089e00000| Untracked |  0
| 159|0x0000000089f00000, 0x000000008a000000, 0x000000008a000000|100%| O|  |TAMS 0x0000000089f00000| PB 0x0000000089f00000| Untracked |  0
| 160|0x000000008a000000, 0x000000008a000000, 0x000000008a100000|  0%| F|  |TAMS 0x000000008a000000| PB 0x000000008a000000| Untracked |  0
| 161|0x000000008a100000, 0x000000008a100000, 0x000000008a200000|  0%| F|  |TAMS 0x000000008a100000| PB 0x000000008a100000| Untracked |  0
| 162|0x000000008a200000, 0x000000008a300000, 0x000000008a300000|100%| O|  |TAMS 0x000000008a300000| PB 0x000000008a200000| Untracked |  0
| 163|0x000000008a300000, 0x000000008a400000, 0x000000008a400000|100%| O|  |TAMS 0x000000008a400000| PB 0x000000008a300000| Untracked |  0
| 164|0x000000008a400000, 0x000000008a500000, 0x000000008a500000|100%| O|  |TAMS 0x000000008a500000| PB 0x000000008a400000| Untracked |  0
| 165|0x000000008a500000, 0x000000008a600000, 0x000000008a600000|100%| O|  |TAMS 0x000000008a600000| PB 0x000000008a500000| Untracked |  0
| 166|0x000000008a600000, 0x000000008a700000, 0x000000008a700000|100%| O|  |TAMS 0x000000008a600000| PB 0x000000008a600000| Untracked |  0
| 167|0x000000008a700000, 0x000000008a700000, 0x000000008a800000|  0%| F|  |TAMS 0x000000008a700000| PB 0x000000008a700000| Untracked |  0
| 168|0x000000008a800000, 0x000000008a900000, 0x000000008a900000|100%| O|  |TAMS 0x000000008a800000| PB 0x000000008a800000| Untracked |  0
| 169|0x000000008a900000, 0x000000008aa00000, 0x000000008aa00000|100%| O|  |TAMS 0x000000008a900000| PB 0x000000008a900000| Untracked |  0
| 170|0x000000008aa00000, 0x000000008aa00000, 0x000000008ab00000|  0%| F|  |TAMS 0x000000008aa00000| PB 0x000000008aa00000| Untracked |  0
| 171|0x000000008ab00000, 0x000000008ab00000, 0x000000008ac00000|  0%| F|  |TAMS 0x000000008ab00000| PB 0x000000008ab00000| Untracked |  0
| 172|0x000000008ac00000, 0x000000008ac00000, 0x000000008ad00000|  0%| F|  |TAMS 0x000000008ac00000| PB 0x000000008ac00000| Untracked |  0
| 173|0x000000008ad00000, 0x000000008ad00000, 0x000000008ae00000|  0%| F|  |TAMS 0x000000008ad00000| PB 0x000000008ad00000| Untracked |  0
| 174|0x000000008ae00000, 0x000000008af00000, 0x000000008af00000|100%| O|  |TAMS 0x000000008af00000| PB 0x000000008ae00000| Untracked |  0
| 175|0x000000008af00000, 0x000000008b000000, 0x000000008b000000|100%| O|  |TAMS 0x000000008b000000| PB 0x000000008af00000| Untracked |  0
| 176|0x000000008b000000, 0x000000008b100000, 0x000000008b100000|100%| O|  |TAMS 0x000000008b100000| PB 0x000000008b000000| Untracked |  0
| 177|0x000000008b100000, 0x000000008b200000, 0x000000008b200000|100%| O|  |TAMS 0x000000008b200000| PB 0x000000008b100000| Untracked |  0
| 178|0x000000008b200000, 0x000000008b200000, 0x000000008b300000|  0%| F|  |TAMS 0x000000008b200000| PB 0x000000008b200000| Untracked |  0
| 179|0x000000008b300000, 0x000000008b300000, 0x000000008b400000|  0%| F|  |TAMS 0x000000008b300000| PB 0x000000008b300000| Untracked |  0
| 180|0x000000008b400000, 0x000000008b400000, 0x000000008b500000|  0%| F|  |TAMS 0x000000008b400000| PB 0x000000008b400000| Untracked |  0
| 181|0x000000008b500000, 0x000000008b500000, 0x000000008b600000|  0%| F|  |TAMS 0x000000008b500000| PB 0x000000008b500000| Untracked |  0
| 182|0x000000008b600000, 0x000000008b600000, 0x000000008b700000|  0%| F|  |TAMS 0x000000008b600000| PB 0x000000008b600000| Untracked |  0
| 183|0x000000008b700000, 0x000000008b800000, 0x000000008b800000|100%| O|  |TAMS 0x000000008b800000| PB 0x000000008b700000| Untracked |  0
| 184|0x000000008b800000, 0x000000008b800000, 0x000000008b900000|  0%| F|  |TAMS 0x000000008b800000| PB 0x000000008b800000| Untracked |  0
| 185|0x000000008b900000, 0x000000008ba00000, 0x000000008ba00000|100%| O|  |TAMS 0x000000008ba00000| PB 0x000000008b900000| Untracked |  0
| 186|0x000000008ba00000, 0x000000008ba00000, 0x000000008bb00000|  0%| F|  |TAMS 0x000000008ba00000| PB 0x000000008ba00000| Untracked |  0
| 187|0x000000008bb00000, 0x000000008bb00000, 0x000000008bc00000|  0%| F|  |TAMS 0x000000008bb00000| PB 0x000000008bb00000| Untracked |  0
| 188|0x000000008bc00000, 0x000000008bc00000, 0x000000008bd00000|  0%| F|  |TAMS 0x000000008bc00000| PB 0x000000008bc00000| Untracked |  0
| 189|0x000000008bd00000, 0x000000008be00000, 0x000000008be00000|100%| O|  |TAMS 0x000000008be00000| PB 0x000000008bd00000| Untracked |  0
| 190|0x000000008be00000, 0x000000008bf00000, 0x000000008bf00000|100%| O|  |TAMS 0x000000008bf00000| PB 0x000000008be00000| Untracked |  0
| 191|0x000000008bf00000, 0x000000008c000000, 0x000000008c000000|100%| O|  |TAMS 0x000000008c000000| PB 0x000000008bf00000| Untracked |  0
| 192|0x000000008c000000, 0x000000008c100000, 0x000000008c100000|100%| O|  |TAMS 0x000000008c100000| PB 0x000000008c000000| Untracked |  0
| 193|0x000000008c100000, 0x000000008c200000, 0x000000008c200000|100%| O|  |TAMS 0x000000008c200000| PB 0x000000008c100000| Untracked |  0
| 194|0x000000008c200000, 0x000000008c300000, 0x000000008c300000|100%| O|  |TAMS 0x000000008c300000| PB 0x000000008c200000| Untracked |  0
| 195|0x000000008c300000, 0x000000008c400000, 0x000000008c400000|100%| O|  |TAMS 0x000000008c400000| PB 0x000000008c300000| Untracked |  0
| 196|0x000000008c400000, 0x000000008c500000, 0x000000008c500000|100%| O|  |TAMS 0x000000008c500000| PB 0x000000008c400000| Untracked |  0
| 197|0x000000008c500000, 0x000000008c500000, 0x000000008c600000|  0%| F|  |TAMS 0x000000008c500000| PB 0x000000008c500000| Untracked |  0
| 198|0x000000008c600000, 0x000000008c700000, 0x000000008c700000|100%| O|  |TAMS 0x000000008c700000| PB 0x000000008c600000| Untracked |  0
| 199|0x000000008c700000, 0x000000008c800000, 0x000000008c800000|100%| O|  |TAMS 0x000000008c800000| PB 0x000000008c700000| Untracked |  0
| 200|0x000000008c800000, 0x000000008c900000, 0x000000008c900000|100%| O|  |TAMS 0x000000008c900000| PB 0x000000008c800000| Untracked |  0
| 201|0x000000008c900000, 0x000000008c900000, 0x000000008ca00000|  0%| F|  |TAMS 0x000000008c900000| PB 0x000000008c900000| Untracked |  0
| 202|0x000000008ca00000, 0x000000008ca00000, 0x000000008cb00000|  0%| F|  |TAMS 0x000000008ca00000| PB 0x000000008ca00000| Untracked |  0
| 203|0x000000008cb00000, 0x000000008cb00000, 0x000000008cc00000|  0%| F|  |TAMS 0x000000008cb00000| PB 0x000000008cb00000| Untracked |  0
| 204|0x000000008cc00000, 0x000000008cc00000, 0x000000008cd00000|  0%| F|  |TAMS 0x000000008cc00000| PB 0x000000008cc00000| Untracked |  0
| 205|0x000000008cd00000, 0x000000008cd00000, 0x000000008ce00000|  0%| F|  |TAMS 0x000000008cd00000| PB 0x000000008cd00000| Untracked |  0
| 206|0x000000008ce00000, 0x000000008ce00000, 0x000000008cf00000|  0%| F|  |TAMS 0x000000008ce00000| PB 0x000000008ce00000| Untracked |  0
| 207|0x000000008cf00000, 0x000000008cf00000, 0x000000008d000000|  0%| F|  |TAMS 0x000000008cf00000| PB 0x000000008cf00000| Untracked |  0
| 208|0x000000008d000000, 0x000000008d000000, 0x000000008d100000|  0%| F|  |TAMS 0x000000008d000000| PB 0x000000008d000000| Untracked |  0
| 209|0x000000008d100000, 0x000000008d100000, 0x000000008d200000|  0%| F|  |TAMS 0x000000008d100000| PB 0x000000008d100000| Untracked |  0
| 210|0x000000008d200000, 0x000000008d200000, 0x000000008d300000|  0%| F|  |TAMS 0x000000008d200000| PB 0x000000008d200000| Untracked |  0
| 211|0x000000008d300000, 0x000000008d300000, 0x000000008d400000|  0%| F|  |TAMS 0x000000008d300000| PB 0x000000008d300000| Untracked |  0
| 212|0x000000008d400000, 0x000000008d400000, 0x000000008d500000|  0%| F|  |TAMS 0x000000008d400000| PB 0x000000008d400000| Untracked |  0
| 213|0x000000008d500000, 0x000000008d500000, 0x000000008d600000|  0%| F|  |TAMS 0x000000008d500000| PB 0x000000008d500000| Untracked |  0
| 214|0x000000008d600000, 0x000000008d600000, 0x000000008d700000|  0%| F|  |TAMS 0x000000008d600000| PB 0x000000008d600000| Untracked |  0
| 215|0x000000008d700000, 0x000000008d700000, 0x000000008d800000|  0%| F|  |TAMS 0x000000008d700000| PB 0x000000008d700000| Untracked |  0
| 216|0x000000008d800000, 0x000000008d800000, 0x000000008d900000|  0%| F|  |TAMS 0x000000008d800000| PB 0x000000008d800000| Untracked |  0
| 217|0x000000008d900000, 0x000000008d900000, 0x000000008da00000|  0%| F|  |TAMS 0x000000008d900000| PB 0x000000008d900000| Untracked |  0
| 218|0x000000008da00000, 0x000000008da00000, 0x000000008db00000|  0%| F|  |TAMS 0x000000008da00000| PB 0x000000008da00000| Untracked |  0
| 219|0x000000008db00000, 0x000000008db80000, 0x000000008dc00000| 50%| S|CS|TAMS 0x000000008db00000| PB 0x000000008db00000| Complete |  0
| 220|0x000000008dc00000, 0x000000008dd00000, 0x000000008dd00000|100%| S|CS|TAMS 0x000000008dc00000| PB 0x000000008dc00000| Complete |  0
| 221|0x000000008dd00000, 0x000000008de00000, 0x000000008de00000|100%| S|CS|TAMS 0x000000008dd00000| PB 0x000000008dd00000| Complete |  0
| 222|0x000000008de00000, 0x000000008de00000, 0x000000008df00000|  0%| F|  |TAMS 0x000000008de00000| PB 0x000000008de00000| Untracked |  0
| 223|0x000000008df00000, 0x000000008df00000, 0x000000008e000000|  0%| F|  |TAMS 0x000000008df00000| PB 0x000000008df00000| Untracked |  0
| 224|0x000000008e000000, 0x000000008e000000, 0x000000008e100000|  0%| F|  |TAMS 0x000000008e000000| PB 0x000000008e000000| Untracked |  0
| 225|0x000000008e100000, 0x000000008e100000, 0x000000008e200000|  0%| F|  |TAMS 0x000000008e100000| PB 0x000000008e100000| Untracked |  0
| 226|0x000000008e200000, 0x000000008e200000, 0x000000008e300000|  0%| F|  |TAMS 0x000000008e200000| PB 0x000000008e200000| Untracked |  0
| 227|0x000000008e300000, 0x000000008e300000, 0x000000008e400000|  0%| F|  |TAMS 0x000000008e300000| PB 0x000000008e300000| Untracked |  0
| 228|0x000000008e400000, 0x000000008e400000, 0x000000008e500000|  0%| F|  |TAMS 0x000000008e400000| PB 0x000000008e400000| Untracked |  0
| 229|0x000000008e500000, 0x000000008e500000, 0x000000008e600000|  0%| F|  |TAMS 0x000000008e500000| PB 0x000000008e500000| Untracked |  0
| 230|0x000000008e600000, 0x000000008e600000, 0x000000008e700000|  0%| F|  |TAMS 0x000000008e600000| PB 0x000000008e600000| Untracked |  0
| 231|0x000000008e700000, 0x000000008e700000, 0x000000008e800000|  0%| F|  |TAMS 0x000000008e700000| PB 0x000000008e700000| Untracked |  0
| 232|0x000000008e800000, 0x000000008e800000, 0x000000008e900000|  0%| F|  |TAMS 0x000000008e800000| PB 0x000000008e800000| Untracked |  0
| 233|0x000000008e900000, 0x000000008e900000, 0x000000008ea00000|  0%| F|  |TAMS 0x000000008e900000| PB 0x000000008e900000| Untracked |  0
| 234|0x000000008ea00000, 0x000000008ea00000, 0x000000008eb00000|  0%| F|  |TAMS 0x000000008ea00000| PB 0x000000008ea00000| Untracked |  0
| 235|0x000000008eb00000, 0x000000008eb00000, 0x000000008ec00000|  0%| F|  |TAMS 0x000000008eb00000| PB 0x000000008eb00000| Untracked |  0
| 236|0x000000008ec00000, 0x000000008ec00000, 0x000000008ed00000|  0%| F|  |TAMS 0x000000008ec00000| PB 0x000000008ec00000| Untracked |  0
| 237|0x000000008ed00000, 0x000000008ed00000, 0x000000008ee00000|  0%| F|  |TAMS 0x000000008ed00000| PB 0x000000008ed00000| Untracked |  0
| 238|0x000000008ee00000, 0x000000008ee00000, 0x000000008ef00000|  0%| F|  |TAMS 0x000000008ee00000| PB 0x000000008ee00000| Untracked |  0
| 239|0x000000008ef00000, 0x000000008ef00000, 0x000000008f000000|  0%| F|  |TAMS 0x000000008ef00000| PB 0x000000008ef00000| Untracked |  0
| 240|0x000000008f000000, 0x000000008f000000, 0x000000008f100000|  0%| F|  |TAMS 0x000000008f000000| PB 0x000000008f000000| Untracked |  0
| 241|0x000000008f100000, 0x000000008f100000, 0x000000008f200000|  0%| F|  |TAMS 0x000000008f100000| PB 0x000000008f100000| Untracked |  0
| 242|0x000000008f200000, 0x000000008f200000, 0x000000008f300000|  0%| F|  |TAMS 0x000000008f200000| PB 0x000000008f200000| Untracked |  0
| 243|0x000000008f300000, 0x000000008f300000, 0x000000008f400000|  0%| F|  |TAMS 0x000000008f300000| PB 0x000000008f300000| Untracked |  0
| 244|0x000000008f400000, 0x000000008f400000, 0x000000008f500000|  0%| F|  |TAMS 0x000000008f400000| PB 0x000000008f400000| Untracked |  0
| 245|0x000000008f500000, 0x000000008f500000, 0x000000008f600000|  0%| F|  |TAMS 0x000000008f500000| PB 0x000000008f500000| Untracked |  0
| 246|0x000000008f600000, 0x000000008f600000, 0x000000008f700000|  0%| F|  |TAMS 0x000000008f600000| PB 0x000000008f600000| Untracked |  0
| 247|0x000000008f700000, 0x000000008f700000, 0x000000008f800000|  0%| F|  |TAMS 0x000000008f700000| PB 0x000000008f700000| Untracked |  0
| 248|0x000000008f800000, 0x000000008f800000, 0x000000008f900000|  0%| F|  |TAMS 0x000000008f800000| PB 0x000000008f800000| Untracked |  0
| 249|0x000000008f900000, 0x000000008f900000, 0x000000008fa00000|  0%| F|  |TAMS 0x000000008f900000| PB 0x000000008f900000| Untracked |  0
| 250|0x000000008fa00000, 0x000000008fa00000, 0x000000008fb00000|  0%| F|  |TAMS 0x000000008fa00000| PB 0x000000008fa00000| Untracked |  0
| 251|0x000000008fb00000, 0x000000008fb00000, 0x000000008fc00000|  0%| F|  |TAMS 0x000000008fb00000| PB 0x000000008fb00000| Untracked |  0
| 252|0x000000008fc00000, 0x000000008fc00000, 0x000000008fd00000|  0%| F|  |TAMS 0x000000008fc00000| PB 0x000000008fc00000| Untracked |  0
| 253|0x000000008fd00000, 0x000000008fd00000, 0x000000008fe00000|  0%| F|  |TAMS 0x000000008fd00000| PB 0x000000008fd00000| Untracked |  0
| 254|0x000000008fe00000, 0x000000008fe00000, 0x000000008ff00000|  0%| F|  |TAMS 0x000000008fe00000| PB 0x000000008fe00000| Untracked |  0
| 255|0x000000008ff00000, 0x000000008ff00000, 0x0000000090000000|  0%| F|  |TAMS 0x000000008ff00000| PB 0x000000008ff00000| Untracked |  0
| 256|0x0000000090000000, 0x0000000090000000, 0x0000000090100000|  0%| F|  |TAMS 0x0000000090000000| PB 0x0000000090000000| Untracked |  0
| 257|0x0000000090100000, 0x0000000090100000, 0x0000000090200000|  0%| F|  |TAMS 0x0000000090100000| PB 0x0000000090100000| Untracked |  0
| 258|0x0000000090200000, 0x0000000090200000, 0x0000000090300000|  0%| F|  |TAMS 0x0000000090200000| PB 0x0000000090200000| Untracked |  0
| 259|0x0000000090300000, 0x0000000090300000, 0x0000000090400000|  0%| F|  |TAMS 0x0000000090300000| PB 0x0000000090300000| Untracked |  0
| 260|0x0000000090400000, 0x0000000090400000, 0x0000000090500000|  0%| F|  |TAMS 0x0000000090400000| PB 0x0000000090400000| Untracked |  0
| 261|0x0000000090500000, 0x0000000090500000, 0x0000000090600000|  0%| F|  |TAMS 0x0000000090500000| PB 0x0000000090500000| Untracked |  0
| 262|0x0000000090600000, 0x0000000090600000, 0x0000000090700000|  0%| F|  |TAMS 0x0000000090600000| PB 0x0000000090600000| Untracked |  0
| 263|0x0000000090700000, 0x0000000090700000, 0x0000000090800000|  0%| F|  |TAMS 0x0000000090700000| PB 0x0000000090700000| Untracked |  0
| 264|0x0000000090800000, 0x0000000090800000, 0x0000000090900000|  0%| F|  |TAMS 0x0000000090800000| PB 0x0000000090800000| Untracked |  0
| 265|0x0000000090900000, 0x0000000090900000, 0x0000000090a00000|  0%| F|  |TAMS 0x0000000090900000| PB 0x0000000090900000| Untracked |  0
| 266|0x0000000090a00000, 0x0000000090a00000, 0x0000000090b00000|  0%| F|  |TAMS 0x0000000090a00000| PB 0x0000000090a00000| Untracked |  0
| 267|0x0000000090b00000, 0x0000000090b00000, 0x0000000090c00000|  0%| F|  |TAMS 0x0000000090b00000| PB 0x0000000090b00000| Untracked |  0
| 268|0x0000000090c00000, 0x0000000090c00000, 0x0000000090d00000|  0%| F|  |TAMS 0x0000000090c00000| PB 0x0000000090c00000| Untracked |  0
| 269|0x0000000090d00000, 0x0000000090d00000, 0x0000000090e00000|  0%| F|  |TAMS 0x0000000090d00000| PB 0x0000000090d00000| Untracked |  0
| 270|0x0000000090e00000, 0x0000000090e00000, 0x0000000090f00000|  0%| F|  |TAMS 0x0000000090e00000| PB 0x0000000090e00000| Untracked |  0
| 271|0x0000000090f00000, 0x0000000090f00000, 0x0000000091000000|  0%| F|  |TAMS 0x0000000090f00000| PB 0x0000000090f00000| Untracked |  0
| 272|0x0000000091000000, 0x0000000091000000, 0x0000000091100000|  0%| F|  |TAMS 0x0000000091000000| PB 0x0000000091000000| Untracked |  0
| 273|0x0000000091100000, 0x0000000091100000, 0x0000000091200000|  0%| F|  |TAMS 0x0000000091100000| PB 0x0000000091100000| Untracked |  0
| 274|0x0000000091200000, 0x0000000091200000, 0x0000000091300000|  0%| F|  |TAMS 0x0000000091200000| PB 0x0000000091200000| Untracked |  0
| 275|0x0000000091300000, 0x0000000091300000, 0x0000000091400000|  0%| F|  |TAMS 0x0000000091300000| PB 0x0000000091300000| Untracked |  0
| 276|0x0000000091400000, 0x0000000091400000, 0x0000000091500000|  0%| F|  |TAMS 0x0000000091400000| PB 0x0000000091400000| Untracked |  0
| 277|0x0000000091500000, 0x0000000091500000, 0x0000000091600000|  0%| F|  |TAMS 0x0000000091500000| PB 0x0000000091500000| Untracked |  0
| 278|0x0000000091600000, 0x0000000091600000, 0x0000000091700000|  0%| F|  |TAMS 0x0000000091600000| PB 0x0000000091600000| Untracked |  0
| 279|0x0000000091700000, 0x0000000091700000, 0x0000000091800000|  0%| F|  |TAMS 0x0000000091700000| PB 0x0000000091700000| Untracked |  0
| 280|0x0000000091800000, 0x0000000091800000, 0x0000000091900000|  0%| F|  |TAMS 0x0000000091800000| PB 0x0000000091800000| Untracked |  0
| 281|0x0000000091900000, 0x0000000091900000, 0x0000000091a00000|  0%| F|  |TAMS 0x0000000091900000| PB 0x0000000091900000| Untracked |  0
| 282|0x0000000091a00000, 0x0000000091a00000, 0x0000000091b00000|  0%| F|  |TAMS 0x0000000091a00000| PB 0x0000000091a00000| Untracked |  0
| 283|0x0000000091b00000, 0x0000000091b00000, 0x0000000091c00000|  0%| F|  |TAMS 0x0000000091b00000| PB 0x0000000091b00000| Untracked |  0
| 284|0x0000000091c00000, 0x0000000091c00000, 0x0000000091d00000|  0%| F|  |TAMS 0x0000000091c00000| PB 0x0000000091c00000| Untracked |  0
| 285|0x0000000091d00000, 0x0000000091d00000, 0x0000000091e00000|  0%| F|  |TAMS 0x0000000091d00000| PB 0x0000000091d00000| Untracked |  0
| 286|0x0000000091e00000, 0x0000000091e00000, 0x0000000091f00000|  0%| F|  |TAMS 0x0000000091e00000| PB 0x0000000091e00000| Untracked |  0
| 287|0x0000000091f00000, 0x0000000091f00000, 0x0000000092000000|  0%| F|  |TAMS 0x0000000091f00000| PB 0x0000000091f00000| Untracked |  0
| 288|0x0000000092000000, 0x0000000092000000, 0x0000000092100000|  0%| F|  |TAMS 0x0000000092000000| PB 0x0000000092000000| Untracked |  0
| 289|0x0000000092100000, 0x0000000092100000, 0x0000000092200000|  0%| F|  |TAMS 0x0000000092100000| PB 0x0000000092100000| Untracked |  0
| 290|0x0000000092200000, 0x0000000092200000, 0x0000000092300000|  0%| F|  |TAMS 0x0000000092200000| PB 0x0000000092200000| Untracked |  0
| 291|0x0000000092300000, 0x0000000092300000, 0x0000000092400000|  0%| F|  |TAMS 0x0000000092300000| PB 0x0000000092300000| Untracked |  0
| 292|0x0000000092400000, 0x0000000092400000, 0x0000000092500000|  0%| F|  |TAMS 0x0000000092400000| PB 0x0000000092400000| Untracked |  0
| 293|0x0000000092500000, 0x0000000092500000, 0x0000000092600000|  0%| F|  |TAMS 0x0000000092500000| PB 0x0000000092500000| Untracked |  0
| 294|0x0000000092600000, 0x0000000092600000, 0x0000000092700000|  0%| F|  |TAMS 0x0000000092600000| PB 0x0000000092600000| Untracked |  0
| 295|0x0000000092700000, 0x0000000092700000, 0x0000000092800000|  0%| F|  |TAMS 0x0000000092700000| PB 0x0000000092700000| Untracked |  0
| 296|0x0000000092800000, 0x0000000092800000, 0x0000000092900000|  0%| F|  |TAMS 0x0000000092800000| PB 0x0000000092800000| Untracked |  0
| 297|0x0000000092900000, 0x0000000092900000, 0x0000000092a00000|  0%| F|  |TAMS 0x0000000092900000| PB 0x0000000092900000| Untracked |  0
| 298|0x0000000092a00000, 0x0000000092a00000, 0x0000000092b00000|  0%| F|  |TAMS 0x0000000092a00000| PB 0x0000000092a00000| Untracked |  0
| 299|0x0000000092b00000, 0x0000000092b00000, 0x0000000092c00000|  0%| F|  |TAMS 0x0000000092b00000| PB 0x0000000092b00000| Untracked |  0
| 300|0x0000000092c00000, 0x0000000092c00000, 0x0000000092d00000|  0%| F|  |TAMS 0x0000000092c00000| PB 0x0000000092c00000| Untracked |  0
| 301|0x0000000092d00000, 0x0000000092d00000, 0x0000000092e00000|  0%| F|  |TAMS 0x0000000092d00000| PB 0x0000000092d00000| Untracked |  0
| 302|0x0000000092e00000, 0x0000000092e00000, 0x0000000092f00000|  0%| F|  |TAMS 0x0000000092e00000| PB 0x0000000092e00000| Untracked |  0
| 303|0x0000000092f00000, 0x0000000092f00000, 0x0000000093000000|  0%| F|  |TAMS 0x0000000092f00000| PB 0x0000000092f00000| Untracked |  0
| 304|0x0000000093000000, 0x0000000093000000, 0x0000000093100000|  0%| F|  |TAMS 0x0000000093000000| PB 0x0000000093000000| Untracked |  0
| 305|0x0000000093100000, 0x0000000093100000, 0x0000000093200000|  0%| F|  |TAMS 0x0000000093100000| PB 0x0000000093100000| Untracked |  0
| 306|0x0000000093200000, 0x0000000093200000, 0x0000000093300000|  0%| F|  |TAMS 0x0000000093200000| PB 0x0000000093200000| Untracked |  0
| 307|0x0000000093300000, 0x0000000093300000, 0x0000000093400000|  0%| F|  |TAMS 0x0000000093300000| PB 0x0000000093300000| Untracked |  0
| 308|0x0000000093400000, 0x0000000093400000, 0x0000000093500000|  0%| F|  |TAMS 0x0000000093400000| PB 0x0000000093400000| Untracked |  0
| 309|0x0000000093500000, 0x0000000093500000, 0x0000000093600000|  0%| F|  |TAMS 0x0000000093500000| PB 0x0000000093500000| Untracked |  0
| 310|0x0000000093600000, 0x0000000093600000, 0x0000000093700000|  0%| F|  |TAMS 0x0000000093600000| PB 0x0000000093600000| Untracked |  0
| 311|0x0000000093700000, 0x0000000093700000, 0x0000000093800000|  0%| F|  |TAMS 0x0000000093700000| PB 0x0000000093700000| Untracked |  0
| 312|0x0000000093800000, 0x0000000093800000, 0x0000000093900000|  0%| F|  |TAMS 0x0000000093800000| PB 0x0000000093800000| Untracked |  0
| 313|0x0000000093900000, 0x0000000093900000, 0x0000000093a00000|  0%| F|  |TAMS 0x0000000093900000| PB 0x0000000093900000| Untracked |  0
|2035|0x00000000ff300000, 0x00000000ff300000, 0x00000000ff400000|  0%| F|  |TAMS 0x00000000ff300000| PB 0x00000000ff300000| Untracked |  0
|2036|0x00000000ff400000, 0x00000000ff400000, 0x00000000ff500000|  0%| F|  |TAMS 0x00000000ff400000| PB 0x00000000ff400000| Untracked |  0
|2037|0x00000000ff500000, 0x00000000ff600000, 0x00000000ff600000|100%| O|  |TAMS 0x00000000ff600000| PB 0x00000000ff500000| Untracked |  0
|2038|0x00000000ff600000, 0x00000000ff700000, 0x00000000ff700000|100%| O|  |TAMS 0x00000000ff700000| PB 0x00000000ff600000| Untracked |  0
|2039|0x00000000ff700000, 0x00000000ff700000, 0x00000000ff800000|  0%| F|  |TAMS 0x00000000ff700000| PB 0x00000000ff700000| Untracked |  0
|2040|0x00000000ff800000, 0x00000000ff900000, 0x00000000ff900000|100%| O|  |TAMS 0x00000000ff900000| PB 0x00000000ff800000| Untracked |  0
|2041|0x00000000ff900000, 0x00000000ffa00000, 0x00000000ffa00000|100%| O|  |TAMS 0x00000000ffa00000| PB 0x00000000ff900000| Untracked |  0
|2042|0x00000000ffa00000, 0x00000000ffb00000, 0x00000000ffb00000|100%| O|  |TAMS 0x00000000ffb00000| PB 0x00000000ffa00000| Untracked |  0
|2043|0x00000000ffb00000, 0x00000000ffb00000, 0x00000000ffc00000|  0%| F|  |TAMS 0x00000000ffb00000| PB 0x00000000ffb00000| Untracked |  0
|2044|0x00000000ffc00000, 0x00000000ffd00000, 0x00000000ffd00000|100%| O|  |TAMS 0x00000000ffd00000| PB 0x00000000ffc00000| Untracked |  0
|2045|0x00000000ffd00000, 0x00000000ffe00000, 0x00000000ffe00000|100%| O|  |TAMS 0x00000000ffe00000| PB 0x00000000ffd00000| Untracked |  0
|2046|0x00000000ffe00000, 0x00000000ffe00000, 0x00000000fff00000|  0%| F|  |TAMS 0x00000000ffe00000| PB 0x00000000ffe00000| Untracked |  0
|2047|0x00000000fff00000, 0x0000000100000000, 0x0000000100000000|100%| O|  |TAMS 0x0000000100000000| PB 0x00000000fff00000| Untracked |  0

Card table byte_map: [0x000001c4d93c0000,0x000001c4d97c0000] _byte_map_base: 0x000001c4d8fc0000

Marking Bits: (CMBitMap*) 0x000001c4c6b41cc0
 Bits: [0x000001c4d97c0000, 0x000001c4db7c0000)

Polling page: 0x000001c4c4930000

Metaspace:
Metaspace        used 155639K, committed 159232K, reserved 1245184K
 class space     used 21146K, committed 22720K, reserved 1048576K

Usage:
  Non-class:    131.34 MB used.
      Class:     20.65 MB used.
       Both:    151.99 MB used.

Virtual space:
  Non-class space:      192.00 MB reserved,     133.31 MB ( 69%) committed,  3 nodes.
      Class space:        1.00 GB reserved,      22.19 MB (  2%) committed,  1 nodes.
             Both:        1.19 GB reserved,     155.50 MB ( 13%) committed. 

Chunk freelists:
   Non-Class:  11.77 MB
       Class:  10.69 MB
        Both:  22.45 MB

MaxMetaspaceSize: unlimited
CompressedClassSpaceSize: 1.00 GB
Initial GC threshold: 21.00 MB
Current GC threshold: 259.06 MB
CDS: off
 - commit_granule_bytes: 65536.
 - commit_granule_words: 8192.
 - virtual_space_node_default_size: 8388608.
 - enlarge_chunks_in_place: 1.
UseCompressedClassPointers 1, UseCompactObjectHeaders 0
Narrow klass pointer bits 32, Max shift 3
Narrow klass base: 0x0000000000000000, Narrow klass shift: 0
Encoding Range: [0x0000000000000000 - 0x0000000100000000), (4294967296 bytes)
Klass Range:    [0x0000000012000000 - 0x0000000052000000), (1073741824 bytes)
Klass ID Range:  [301989888 - 1375731705) (1073741817)
No protection zone.


Internal statistics:

num_allocs_failed_limit: 6.
num_arena_births: 4400.
num_arena_deaths: 2202.
num_vsnodes_births: 4.
num_vsnodes_deaths: 0.
num_space_committed: 2486.
num_space_uncommitted: 0.
num_chunks_returned_to_freelist: 2412.
num_chunks_taken_from_freelist: 10636.
num_chunk_merges: 882.
num_chunk_splits: 7174.
num_chunks_enlarged: 4939.
num_inconsistent_stats: 0.

CodeHeap 'non-profiled nmethods': size=120064Kb used=7807Kb max_used=8777Kb free=112256Kb
 bounds [0x000001c4d1a80000, 0x000001c4d2320000, 0x000001c4d8fc0000]
CodeHeap 'profiled nmethods': size=120000Kb used=17013Kb max_used=22905Kb free=102986Kb
 bounds [0x000001c4c9fc0000, 0x000001c4cb620000, 0x000001c4d14f0000]
CodeHeap 'non-nmethods': size=5696Kb used=2207Kb max_used=2409Kb free=3488Kb
 bounds [0x000001c4d14f0000, 0x000001c4d1760000, 0x000001c4d1a80000]
CodeCache: size=245760Kb, used=27027Kb, max_used=34091Kb, free=218730Kb
 total_blobs=13079, nmethods=12033, adapters=948, full_count=0
Compilation: enabled, stopped_count=0, restarted_count=0

Compilation events (20 events):
Event: 1905.765 Thread 0x000001c4dddcfb80 22148       3       org.apache.commons.compress.archivers.zip.ZipArchiveEntry::hashCode (8 bytes)
Event: 1905.765 Thread 0x000001c4dddcfb80 nmethod 22148 0x000001c4cac9c308 code [0x000001c4cac9c400, 0x000001c4cac9c668]
Event: 1905.776 Thread 0x000001c4dddcfb80 22155       3       org.objectweb.asm.tree.MethodNode::visitVarInsn (17 bytes)
Event: 1905.777 Thread 0x000001c4dddcfb80 nmethod 22155 0x000001c4caafa688 code [0x000001c4caafa780, 0x000001c4caafaa60]
Event: 1905.778 Thread 0x000001c4dddcfb80 22156       2       org.objectweb.asm.Edge::<init> (20 bytes)
Event: 1905.778 Thread 0x000001c4dddcfb80 nmethod 22156 0x000001c4cb11d508 code [0x000001c4cb11d600, 0x000001c4cb11d7b0]
Event: 1905.782 Thread 0x000001c4dddcfb80 22158       2       org.objectweb.asm.MethodWriter::computeMaxStackAndLocal (420 bytes)
Event: 1905.784 Thread 0x000001c4dddcfb80 nmethod 22158 0x000001c4ca3b4308 code [0x000001c4ca3b4400, 0x000001c4ca3b4db0]
Event: 1905.866 Thread 0x000001c4dddcfb80 22161       3       org.objectweb.asm.MethodVisitor::visitTryCatchBlock (20 bytes)
Event: 1905.866 Thread 0x000001c4dddcfb80 nmethod 22161 0x000001c4cb124188 code [0x000001c4cb124280, 0x000001c4cb124470]
Event: 1905.993 Thread 0x000001c4dddcfb80 22164       2       org.objectweb.asm.ClassWriter::visitNestHost (16 bytes)
Event: 1905.993 Thread 0x000001c4dddcfb80 nmethod 22164 0x000001c4cb129f08 code [0x000001c4cb12a000, 0x000001c4cb12a148]
Event: 1906.000 Thread 0x000001c4dddcfb80 22165       2       org.objectweb.asm.MethodVisitor::visitTableSwitchInsn (20 bytes)
Event: 1906.000 Thread 0x000001c4dddcfb80 nmethod 22165 0x000001c4cb12e408 code [0x000001c4cb12e500, 0x000001c4cb12e638]
Event: 1906.068 Thread 0x000001c4dddcfb80 22166       2       jdk.internal.util.ArraysSupport::utf16hashCode (40 bytes)
Event: 1906.068 Thread 0x000001c4dddcfb80 nmethod 22166 0x000001c4cb139088 code [0x000001c4cb139180, 0x000001c4cb1392e0]
Event: 1906.125 Thread 0x000001c4dddcfb80 22169       3       org.objectweb.asm.MethodVisitor::visitParameter (36 bytes)
Event: 1906.125 Thread 0x000001c4dddcfb80 nmethod 22169 0x000001c4cabeca88 code [0x000001c4cabecb80, 0x000001c4cabece78]
Event: 1906.270 Thread 0x000001c4dddcfb80 22172       2       org.gradle.internal.execution.steps.WorkspaceResult::<init> (11 bytes)
Event: 1906.271 Thread 0x000001c4dddcfb80 nmethod 22172 0x000001c4cacc6988 code [0x000001c4cacc6a80, 0x000001c4cacc6c80]

GC Heap Usage History (20 events):
Event: 1755.768 {heap After GC invocations=59 (full 0):
 garbage-first heap   total reserved 2097152K, committed 290816K, used 184152K [0x0000000080000000, 0x0000000100000000)
  region size 1024K, 13 young (13312K), 13 survivors (13312K)
}
Event: 1759.800 {heap Before GC invocations=59 (full 0):
 garbage-first heap   total reserved 2097152K, committed 290816K, used 270168K [0x0000000080000000, 0x0000000100000000)
  region size 1024K, 97 young (99328K), 13 survivors (13312K)
}
Event: 1759.865 {heap After GC invocations=60 (full 0):
 garbage-first heap   total reserved 2097152K, committed 292864K, used 193512K [0x0000000080000000, 0x0000000100000000)
  region size 1024K, 9 young (9216K), 9 survivors (9216K)
}
Event: 1871.818 {heap Before GC invocations=61 (full 0):
 garbage-first heap   total reserved 2097152K, committed 322560K, used 273384K [0x0000000080000000, 0x0000000100000000)
  region size 1024K, 87 young (89088K), 9 survivors (9216K)
}
Event: 1871.937 {heap After GC invocations=62 (full 0):
 garbage-first heap   total reserved 2097152K, committed 322560K, used 197608K [0x0000000080000000, 0x0000000100000000)
  region size 1024K, 5 young (5120K), 5 survivors (5120K)
}
Event: 1882.875 {heap Before GC invocations=62 (full 0):
 garbage-first heap   total reserved 2097152K, committed 322560K, used 298984K [0x0000000080000000, 0x0000000100000000)
  region size 1024K, 104 young (106496K), 5 survivors (5120K)
}
Event: 1883.017 {heap After GC invocations=63 (full 0):
 garbage-first heap   total reserved 2097152K, committed 322560K, used 193331K [0x0000000080000000, 0x0000000100000000)
  region size 1024K, 13 young (13312K), 13 survivors (13312K)
}
Event: 1890.654 {heap Before GC invocations=63 (full 0):
 garbage-first heap   total reserved 2097152K, committed 322560K, used 250675K [0x0000000080000000, 0x0000000100000000)
  region size 1024K, 71 young (72704K), 13 survivors (13312K)
}
Event: 1890.702 {heap After GC invocations=64 (full 0):
 garbage-first heap   total reserved 2097152K, committed 322560K, used 199497K [0x0000000080000000, 0x0000000100000000)
  region size 1024K, 7 young (7168K), 7 survivors (7168K)
}
Event: 1895.517 {heap Before GC invocations=65 (full 0):
 garbage-first heap   total reserved 2097152K, committed 334848K, used 299849K [0x0000000080000000, 0x0000000100000000)
  region size 1024K, 104 young (106496K), 7 survivors (7168K)
}
Event: 1895.559 {heap After GC invocations=66 (full 0):
 garbage-first heap   total reserved 2097152K, committed 334848K, used 207105K [0x0000000080000000, 0x0000000100000000)
  region size 1024K, 5 young (5120K), 5 survivors (5120K)
}
Event: 1897.034 {heap Before GC invocations=66 (full 0):
 garbage-first heap   total reserved 2097152K, committed 334848K, used 312577K [0x0000000080000000, 0x0000000100000000)
  region size 1024K, 108 young (110592K), 5 survivors (5120K)
}
Event: 1897.142 {heap After GC invocations=67 (full 0):
 garbage-first heap   total reserved 2097152K, committed 334848K, used 199508K [0x0000000080000000, 0x0000000100000000)
  region size 1024K, 8 young (8192K), 8 survivors (8192K)
}
Event: 1897.165 {heap Before GC invocations=67 (full 0):
 garbage-first heap   total reserved 2097152K, committed 334848K, used 206676K [0x0000000080000000, 0x0000000100000000)
  region size 1024K, 16 young (16384K), 8 survivors (8192K)
}
Event: 1897.177 {heap After GC invocations=68 (full 0):
 garbage-first heap   total reserved 2097152K, committed 334848K, used 200893K [0x0000000080000000, 0x0000000100000000)
  region size 1024K, 9 young (9216K), 9 survivors (9216K)
}
Event: 1900.296 {heap Before GC invocations=69 (full 0):
 garbage-first heap   total reserved 2097152K, committed 334848K, used 295101K [0x0000000080000000, 0x0000000100000000)
  region size 1024K, 105 young (107520K), 9 survivors (9216K)
}
Event: 1900.362 {heap After GC invocations=70 (full 0):
 garbage-first heap   total reserved 2097152K, committed 334848K, used 196375K [0x0000000080000000, 0x0000000100000000)
  region size 1024K, 7 young (7168K), 7 survivors (7168K)
}
Event: 1903.766 {heap Before GC invocations=70 (full 0):
 garbage-first heap   total reserved 2097152K, committed 334848K, used 303895K [0x0000000080000000, 0x0000000100000000)
  region size 1024K, 112 young (114688K), 7 survivors (7168K)
}
Event: 1903.862 {heap After GC invocations=71 (full 0):
 garbage-first heap   total reserved 2097152K, committed 334848K, used 196608K [0x0000000080000000, 0x0000000100000000)
  region size 1024K, 14 young (14336K), 14 survivors (14336K)
}
Event: 1906.369 {heap Before GC invocations=71 (full 0):
 garbage-first heap   total reserved 2097152K, committed 334848K, used 294912K [0x0000000080000000, 0x0000000100000000)
  region size 1024K, 111 young (113664K), 14 survivors (14336K)
}

Metaspace Usage History (20 events):
Event: 1755.768 {metaspace After GC invocations=59 (full 0):
 Metaspace       used 152118K, committed 154432K, reserved 1245184K
  class space    used 21061K, committed 22144K, reserved 1048576K
}
Event: 1759.800 {metaspace Before GC invocations=59 (full 0):
 Metaspace       used 152180K, committed 154496K, reserved 1245184K
  class space    used 21061K, committed 22144K, reserved 1048576K
}
Event: 1759.865 {metaspace After GC invocations=60 (full 0):
 Metaspace       used 152180K, committed 154496K, reserved 1245184K
  class space    used 21061K, committed 22144K, reserved 1048576K
}
Event: 1871.818 {metaspace Before GC invocations=61 (full 0):
 Metaspace       used 154680K, committed 156992K, reserved 1245184K
  class space    used 21375K, committed 22464K, reserved 1048576K
}
Event: 1871.937 {metaspace After GC invocations=62 (full 0):
 Metaspace       used 154680K, committed 156992K, reserved 1245184K
  class space    used 21375K, committed 22464K, reserved 1048576K
}
Event: 1882.875 {metaspace Before GC invocations=62 (full 0):
 Metaspace       used 156352K, committed 158656K, reserved 1245184K
  class space    used 21508K, committed 22592K, reserved 1048576K
}
Event: 1883.017 {metaspace After GC invocations=63 (full 0):
 Metaspace       used 156352K, committed 158656K, reserved 1245184K
  class space    used 21508K, committed 22592K, reserved 1048576K
}
Event: 1890.654 {metaspace Before GC invocations=63 (full 0):
 Metaspace       used 156801K, committed 159168K, reserved 1245184K
  class space    used 21596K, committed 22720K, reserved 1048576K
}
Event: 1890.702 {metaspace After GC invocations=64 (full 0):
 Metaspace       used 156801K, committed 159168K, reserved 1245184K
  class space    used 21596K, committed 22720K, reserved 1048576K
}
Event: 1895.517 {metaspace Before GC invocations=65 (full 0):
 Metaspace       used 154507K, committed 159168K, reserved 1245184K
  class space    used 20999K, committed 22720K, reserved 1048576K
}
Event: 1895.559 {metaspace After GC invocations=66 (full 0):
 Metaspace       used 154507K, committed 159168K, reserved 1245184K
  class space    used 20999K, committed 22720K, reserved 1048576K
}
Event: 1897.034 {metaspace Before GC invocations=66 (full 0):
 Metaspace       used 154515K, committed 159168K, reserved 1245184K
  class space    used 21000K, committed 22720K, reserved 1048576K
}
Event: 1897.142 {metaspace After GC invocations=67 (full 0):
 Metaspace       used 154515K, committed 159168K, reserved 1245184K
  class space    used 21000K, committed 22720K, reserved 1048576K
}
Event: 1897.165 {metaspace Before GC invocations=67 (full 0):
 Metaspace       used 154515K, committed 159168K, reserved 1245184K
  class space    used 21000K, committed 22720K, reserved 1048576K
}
Event: 1897.177 {metaspace After GC invocations=68 (full 0):
 Metaspace       used 154515K, committed 159168K, reserved 1245184K
  class space    used 21000K, committed 22720K, reserved 1048576K
}
Event: 1900.296 {metaspace Before GC invocations=69 (full 0):
 Metaspace       used 154403K, committed 159168K, reserved 1245184K
  class space    used 20970K, committed 22720K, reserved 1048576K
}
Event: 1900.362 {metaspace After GC invocations=70 (full 0):
 Metaspace       used 154403K, committed 159168K, reserved 1245184K
  class space    used 20970K, committed 22720K, reserved 1048576K
}
Event: 1903.766 {metaspace Before GC invocations=70 (full 0):
 Metaspace       used 155463K, committed 159232K, reserved 1245184K
  class space    used 21121K, committed 22720K, reserved 1048576K
}
Event: 1903.863 {metaspace After GC invocations=71 (full 0):
 Metaspace       used 155463K, committed 159232K, reserved 1245184K
  class space    used 21121K, committed 22720K, reserved 1048576K
}
Event: 1906.369 {metaspace Before GC invocations=71 (full 0):
 Metaspace       used 155639K, committed 159232K, reserved 1245184K
  class space    used 21146K, committed 22720K, reserved 1048576K
}

Dll operation events (3 events):
Event: 0.022 Loaded shared library U:\Android\jbr\bin\java.dll
Event: 0.028 Loaded shared library U:\Android\jbr\bin\zip.dll
Event: 1.162 Loaded shared library U:\Android\jbr\bin\verify.dll

Deoptimization events (20 events):
Event: 1904.700 Thread 0x000001c4ed34c610 Uncommon trap: trap_request=0xffffff45 fr.pc=0x000001c4d1d78dbc relative=0x00000000000002bc
Event: 1904.700 Thread 0x000001c4ed34c610 Uncommon trap: reason=unstable_if action=reinterpret pc=0x000001c4d1d78dbc method=java.util.concurrent.ConcurrentHashMap.get(Ljava/lang/Object;)Ljava/lang/Object; @ 152 c2
Event: 1904.700 Thread 0x000001c4ed34c610 DEOPT PACKING pc=0x000001c4d1d78dbc sp=0x000000768bafb630
Event: 1904.700 Thread 0x000001c4ed34c610 DEOPT UNPACKING pc=0x000001c4d1608582 sp=0x000000768bafb598 mode 2
Event: 1905.755 Thread 0x000001c4e27e9f00 Uncommon trap: trap_request=0xffffff45 fr.pc=0x000001c4d1e84b48 relative=0x00000000000007c8
Event: 1905.755 Thread 0x000001c4e27e9f00 Uncommon trap: reason=unstable_if action=reinterpret pc=0x000001c4d1e84b48 method=org.objectweb.asm.MethodWriter.visitLabel(Lorg/objectweb/asm/Label;)V @ 242 c2
Event: 1905.755 Thread 0x000001c4e27e9f00 DEOPT PACKING pc=0x000001c4d1e84b48 sp=0x000000768bcfa4f0
Event: 1905.755 Thread 0x000001c4e27e9f00 DEOPT UNPACKING pc=0x000001c4d1608582 sp=0x000000768bcfa4b8 mode 2
Event: 1905.755 Thread 0x000001c4e27e9f00 Uncommon trap: trap_request=0xffffff45 fr.pc=0x000001c4d1e27c2c relative=0x000000000000032c
Event: 1905.755 Thread 0x000001c4e27e9f00 Uncommon trap: reason=unstable_if action=reinterpret pc=0x000001c4d1e27c2c method=org.objectweb.asm.MethodWriter.endCurrentBasicBlockWithNoSuccessor()V @ 77 c2
Event: 1905.755 Thread 0x000001c4e27e9f00 DEOPT PACKING pc=0x000001c4d1e27c2c sp=0x000000768bcfa8b0
Event: 1905.755 Thread 0x000001c4e27e9f00 DEOPT UNPACKING pc=0x000001c4d1608582 sp=0x000000768bcfa770 mode 2
Event: 1905.755 Thread 0x000001c4e27e9f00 Uncommon trap: trap_request=0xffffff45 fr.pc=0x000001c4d1dfcf94 relative=0x0000000000000094
Event: 1905.755 Thread 0x000001c4e27e9f00 Uncommon trap: reason=unstable_if action=reinterpret pc=0x000001c4d1dfcf94 method=org.objectweb.asm.MethodWriter.visitMaxs(II)V @ 20 c2
Event: 1905.755 Thread 0x000001c4e27e9f00 DEOPT PACKING pc=0x000001c4d1dfcf94 sp=0x000000768bcfa880
Event: 1905.755 Thread 0x000001c4e27e9f00 DEOPT UNPACKING pc=0x000001c4d1608582 sp=0x000000768bcfa800 mode 2
Event: 1905.756 Thread 0x000001c4e27e9f00 Uncommon trap: trap_request=0xffffff45 fr.pc=0x000001c4d1dcb7f8 relative=0x00000000000002f8
Event: 1905.756 Thread 0x000001c4e27e9f00 Uncommon trap: reason=unstable_if action=reinterpret pc=0x000001c4d1dcb7f8 method=org.objectweb.asm.MethodWriter.endCurrentBasicBlockWithNoSuccessor()V @ 77 c2
Event: 1905.756 Thread 0x000001c4e27e9f00 DEOPT PACKING pc=0x000001c4d1dcb7f8 sp=0x000000768bcfa7d0
Event: 1905.756 Thread 0x000001c4e27e9f00 DEOPT UNPACKING pc=0x000001c4d1608582 sp=0x000000768bcfa718 mode 2

Classes loaded (20 events):
Event: 1889.933 Loading class java/util/SplittableRandom$AbstractSplittableGeneratorProxy
Event: 1889.933 Loading class jdk/internal/util/random/RandomSupport$AbstractSplittableGenerator
Event: 1889.934 Loading class jdk/internal/util/random/RandomSupport$AbstractSpliteratorGenerator
Event: 1889.935 Loading class jdk/internal/util/random/RandomSupport$AbstractSpliteratorGenerator done
Event: 1889.935 Loading class jdk/internal/util/random/RandomSupport$AbstractSplittableGenerator done
Event: 1889.935 Loading class java/util/SplittableRandom$AbstractSplittableGeneratorProxy done
Event: 1890.292 Loading class java/util/zip/ZipFile$ZipEntryIterator
Event: 1890.293 Loading class java/util/zip/ZipFile$ZipEntryIterator done
Event: 1890.320 Loading class java/util/zip/ZipInputStream
Event: 1890.398 Loading class java/util/zip/ZipInputStream done
Event: 1900.700 Loading class java/util/TreeMap$EntrySpliterator
Event: 1900.701 Loading class java/util/TreeMap$EntrySpliterator done
Event: 1902.896 Loading class java/util/zip/ZipException
Event: 1902.898 Loading class java/util/zip/ZipException done
Event: 1902.932 Loading class java/util/Collections$UnmodifiableSortedMap
Event: 1902.933 Loading class java/util/Collections$UnmodifiableSortedMap done
Event: 1902.936 Loading class java/util/zip/Deflater
Event: 1902.938 Loading class java/util/zip/Deflater done
Event: 1902.946 Loading class java/util/zip/Deflater$DeflaterZStreamRef
Event: 1902.947 Loading class java/util/zip/Deflater$DeflaterZStreamRef done

Classes unloaded (20 events):
Event: 1897.628 Thread 0x000001c4ddd6c380 Unloading class 0x000000001311d000 'java/lang/invoke/LambdaForm$MH+0x000000001311d000'
Event: 1897.628 Thread 0x000001c4ddd6c380 Unloading class 0x000000001311c800 'java/lang/invoke/LambdaForm$MH+0x000000001311c800'
Event: 1897.628 Thread 0x000001c4ddd6c380 Unloading class 0x000000001311c400 'java/lang/invoke/LambdaForm$MH+0x000000001311c400'
Event: 1897.628 Thread 0x000001c4ddd6c380 Unloading class 0x000000001311c000 'java/lang/invoke/LambdaForm$MH+0x000000001311c000'
Event: 1897.629 Thread 0x000001c4ddd6c380 Unloading class 0x0000000012970800 'java/lang/invoke/LambdaForm$MH+0x0000000012970800'
Event: 1897.629 Thread 0x000001c4ddd6c380 Unloading class 0x0000000012970400 'java/lang/invoke/LambdaForm$BMH+0x0000000012970400'
Event: 1897.629 Thread 0x000001c4ddd6c380 Unloading class 0x000000001262c400 'java/lang/invoke/LambdaForm$MH+0x000000001262c400'
Event: 1897.629 Thread 0x000001c4ddd6c380 Unloading class 0x000000001256b400 'java/lang/invoke/LambdaForm$MH+0x000000001256b400'
Event: 1897.629 Thread 0x000001c4ddd6c380 Unloading class 0x00000000124f5000 'java/lang/invoke/LambdaForm$MH+0x00000000124f5000'
Event: 1897.630 Thread 0x000001c4ddd6c380 Unloading class 0x00000000123cc400 'java/lang/invoke/LambdaForm$MH+0x00000000123cc400'
Event: 1897.630 Thread 0x000001c4ddd6c380 Unloading class 0x00000000123cc000 'java/lang/invoke/LambdaForm$MH+0x00000000123cc000'
Event: 1897.630 Thread 0x000001c4ddd6c380 Unloading class 0x0000000012378400 'java/lang/invoke/LambdaForm$MH+0x0000000012378400'
Event: 1897.630 Thread 0x000001c4ddd6c380 Unloading class 0x0000000012378000 'java/lang/invoke/LambdaForm$MH+0x0000000012378000'
Event: 1897.630 Thread 0x000001c4ddd6c380 Unloading class 0x0000000012301400 'java/lang/invoke/LambdaForm$MH+0x0000000012301400'
Event: 1897.630 Thread 0x000001c4ddd6c380 Unloading class 0x00000000121ecc00 'java/lang/invoke/LambdaForm$MH+0x00000000121ecc00'
Event: 1897.630 Thread 0x000001c4ddd6c380 Unloading class 0x00000000121ec800 'java/lang/invoke/LambdaForm$MH+0x00000000121ec800'
Event: 1897.630 Thread 0x000001c4ddd6c380 Unloading class 0x00000000121e0000 'java/lang/invoke/LambdaForm$MH+0x00000000121e0000'
Event: 1897.630 Thread 0x000001c4ddd6c380 Unloading class 0x00000000121dd400 'java/lang/invoke/LambdaForm$MH+0x00000000121dd400'
Event: 1897.630 Thread 0x000001c4ddd6c380 Unloading class 0x00000000121dd000 'java/lang/invoke/LambdaForm$MH+0x00000000121dd000'
Event: 1897.630 Thread 0x000001c4ddd6c380 Unloading class 0x00000000121a4800 'java/lang/invoke/LambdaForm$MH+0x00000000121a4800'

Classes redefined (0 events):
No events

Internal exceptions (20 events):
Event: 1906.276 Thread 0x000001c4ed34c610 Exception <a 'sun/nio/fs/WindowsException'{0x000000008e1102e8}> (0x000000008e1102e8) 
thrown [s\src\hotspot\share\prims\jni.cpp, line 535]
Event: 1906.277 Thread 0x000001c4e27ea6d0 Exception <a 'sun/nio/fs/WindowsException'{0x000000008fcbac30}> (0x000000008fcbac30) 
thrown [s\src\hotspot\share\prims\jni.cpp, line 535]
Event: 1906.297 Thread 0x000001c4e27ea6d0 Exception <a 'sun/nio/fs/WindowsException'{0x000000008fcc0748}> (0x000000008fcc0748) 
thrown [s\src\hotspot\share\prims\jni.cpp, line 535]
Event: 1906.298 Thread 0x000001c4e27ea6d0 Exception <a 'sun/nio/fs/WindowsException'{0x000000008fcc6c48}> (0x000000008fcc6c48) 
thrown [s\src\hotspot\share\prims\jni.cpp, line 535]
Event: 1906.299 Thread 0x000001c4ed34c610 Exception <a 'sun/nio/fs/WindowsException'{0x000000008e114c60}> (0x000000008e114c60) 
thrown [s\src\hotspot\share\prims\jni.cpp, line 535]
Event: 1906.299 Thread 0x000001c4ed34c610 Exception <a 'sun/nio/fs/WindowsException'{0x000000008e1155d0}> (0x000000008e1155d0) 
thrown [s\src\hotspot\share\prims\jni.cpp, line 535]
Event: 1906.299 Thread 0x000001c4ed34c610 Exception <a 'sun/nio/fs/WindowsException'{0x000000008e1bd3d0}> (0x000000008e1bd3d0) 
thrown [s\src\hotspot\share\prims\jni.cpp, line 535]
Event: 1906.299 Thread 0x000001c4ed34c610 Exception <a 'sun/nio/fs/WindowsException'{0x000000008e1bdee8}> (0x000000008e1bdee8) 
thrown [s\src\hotspot\share\prims\jni.cpp, line 535]
Event: 1906.300 Thread 0x000001c4e27ea6d0 Exception <a 'sun/nio/fs/WindowsException'{0x000000008fccf5d0}> (0x000000008fccf5d0) 
thrown [s\src\hotspot\share\prims\jni.cpp, line 535]
Event: 1906.300 Thread 0x000001c4e27ea6d0 Exception <a 'sun/nio/fs/WindowsException'{0x000000008fccff40}> (0x000000008fccff40) 
thrown [s\src\hotspot\share\prims\jni.cpp, line 535]
Event: 1906.301 Thread 0x000001c4e27ea6d0 Exception <a 'sun/nio/fs/WindowsException'{0x000000008fcd1668}> (0x000000008fcd1668) 
thrown [s\src\hotspot\share\prims\jni.cpp, line 535]
Event: 1906.301 Thread 0x000001c4e27ea6d0 Exception <a 'sun/nio/fs/WindowsException'{0x000000008fcd2180}> (0x000000008fcd2180) 
thrown [s\src\hotspot\share\prims\jni.cpp, line 535]
Event: 1906.301 Thread 0x000001c4ed34c610 Exception <a 'sun/nio/fs/WindowsException'{0x000000008e1c27b8}> (0x000000008e1c27b8) 
thrown [s\src\hotspot\share\prims\jni.cpp, line 535]
Event: 1906.301 Thread 0x000001c4ed34c610 Exception <a 'sun/nio/fs/WindowsException'{0x000000008e1c35c0}> (0x000000008e1c35c0) 
thrown [s\src\hotspot\share\prims\jni.cpp, line 535]
Event: 1906.310 Thread 0x000001c4e27e9f00 Exception <a 'sun/nio/fs/WindowsException'{0x000000008e5968c8}> (0x000000008e5968c8) 
thrown [s\src\hotspot\share\prims\jni.cpp, line 535]
Event: 1906.319 Thread 0x000001c4e27ea6d0 Exception <a 'sun/nio/fs/WindowsException'{0x000000008fcd6a50}> (0x000000008fcd6a50) 
thrown [s\src\hotspot\share\prims\jni.cpp, line 535]
Event: 1906.319 Thread 0x000001c4e27ea6d0 Exception <a 'sun/nio/fs/WindowsException'{0x000000008fcd7858}> (0x000000008fcd7858) 
thrown [s\src\hotspot\share\prims\jni.cpp, line 535]
Event: 1906.343 Thread 0x000001c4ed34c610 Exception <a 'sun/nio/fs/WindowsException'{0x000000008e1cea78}> (0x000000008e1cea78) 
thrown [s\src\hotspot\share\prims\jni.cpp, line 535]
Event: 1906.344 Thread 0x000001c4ed34c610 Exception <a 'sun/nio/fs/WindowsException'{0x000000008e1cfb68}> (0x000000008e1cfb68) 
thrown [s\src\hotspot\share\prims\jni.cpp, line 535]
Event: 1906.352 Thread 0x000001c4ed34c610 Exception <a 'sun/nio/fs/WindowsException'{0x000000008e1d1bb0}> (0x000000008e1d1bb0) 
thrown [s\src\hotspot\share\prims\jni.cpp, line 535]

VM Operations (20 events):
Event: 1895.559 Executing safepoint VM operation: G1CollectForAllocation (G1 Evacuation Pause) done
Event: 1897.034 Executing safepoint VM operation: G1CollectForAllocation (G1 Evacuation Pause)
Event: 1897.142 Executing safepoint VM operation: G1CollectForAllocation (G1 Evacuation Pause) done
Event: 1897.165 Executing safepoint VM operation: G1TryInitiateConcMark (G1 Humongous Allocation)
Event: 1897.177 Executing safepoint VM operation: G1TryInitiateConcMark (G1 Humongous Allocation) done
Event: 1897.607 Executing safepoint VM operation: G1PauseRemark
Event: 1898.279 Executing safepoint VM operation: G1PauseRemark done
Event: 1900.277 Executing safepoint VM operation: G1PauseCleanup
Event: 1900.278 Executing safepoint VM operation: G1PauseCleanup done
Event: 1900.296 Executing safepoint VM operation: G1CollectForAllocation (G1 Evacuation Pause)
Event: 1900.362 Executing safepoint VM operation: G1CollectForAllocation (G1 Evacuation Pause) done
Event: 1903.102 Executing non-safepoint VM operation: HandshakeAllThreads (Deoptimize)
Event: 1903.102 Executing non-safepoint VM operation: HandshakeAllThreads (Deoptimize) done
Event: 1903.766 Executing safepoint VM operation: G1CollectForAllocation (G1 Evacuation Pause)
Event: 1903.863 Executing safepoint VM operation: G1CollectForAllocation (G1 Evacuation Pause) done
Event: 1904.499 Executing non-safepoint VM operation: HandshakeAllThreads (Deoptimize)
Event: 1904.500 Executing non-safepoint VM operation: HandshakeAllThreads (Deoptimize) done
Event: 1904.504 Executing non-safepoint VM operation: HandshakeAllThreads (Deoptimize)
Event: 1904.504 Executing non-safepoint VM operation: HandshakeAllThreads (Deoptimize) done
Event: 1906.368 Executing safepoint VM operation: G1TryInitiateConcMark (G1 Humongous Allocation)

Memory protections (0 events):
No events

Nmethod flushes (20 events):
Event: 1898.266 Thread 0x000001c4ddd6c380 flushing  nmethod 0x000001c4cb2fbb08
Event: 1898.266 Thread 0x000001c4ddd6c380 flushing  nmethod 0x000001c4cb34bc08
Event: 1898.266 Thread 0x000001c4ddd6c380 flushing  nmethod 0x000001c4cb34d608
Event: 1898.266 Thread 0x000001c4ddd6c380 flushing  nmethod 0x000001c4cb34d988
Event: 1898.266 Thread 0x000001c4ddd6c380 flushing  nmethod 0x000001c4cb350b88
Event: 1898.266 Thread 0x000001c4ddd6c380 flushing  nmethod 0x000001c4cb354608
Event: 1898.266 Thread 0x000001c4ddd6c380 flushing  nmethod 0x000001c4cb362d08
Event: 1898.266 Thread 0x000001c4ddd6c380 flushing  nmethod 0x000001c4cb363108
Event: 1898.266 Thread 0x000001c4ddd6c380 flushing  nmethod 0x000001c4cb363888
Event: 1898.266 Thread 0x000001c4ddd6c380 flushing  nmethod 0x000001c4cb363b88
Event: 1898.266 Thread 0x000001c4ddd6c380 flushing  nmethod 0x000001c4cb364888
Event: 1898.266 Thread 0x000001c4ddd6c380 flushing  nmethod 0x000001c4cb364e88
Event: 1898.266 Thread 0x000001c4ddd6c380 flushing  nmethod 0x000001c4cb365608
Event: 1898.266 Thread 0x000001c4ddd6c380 flushing  nmethod 0x000001c4cb365f08
Event: 1898.266 Thread 0x000001c4ddd6c380 flushing  nmethod 0x000001c4cb366208
Event: 1898.266 Thread 0x000001c4ddd6c380 flushing  nmethod 0x000001c4cb366a88
Event: 1898.266 Thread 0x000001c4ddd6c380 flushing  nmethod 0x000001c4cb366d88
Event: 1898.266 Thread 0x000001c4ddd6c380 flushing  nmethod 0x000001c4cb4f9408
Event: 1898.266 Thread 0x000001c4ddd6c380 flushing  nmethod 0x000001c4cb4fe108
Event: 1898.266 Thread 0x000001c4ddd6c380 flushing  nmethod 0x000001c4cb4fe408

Events (20 events):
Event: 1875.316 Thread 0x000001c4ed3431a0 Thread added: 0x000001c4e577bf70
Event: 1875.316 Thread 0x000001c4ed3431a0 Thread added: 0x000001c4e577deb0
Event: 1875.316 Thread 0x000001c4ed3431a0 Thread added: 0x000001c4e577f620
Event: 1875.318 Thread 0x000001c4ed3431a0 Thread added: 0x000001c4e577fdf0
Event: 1875.318 Thread 0x000001c4ed3431a0 Thread added: 0x000001c4e57805c0
Event: 1875.318 Thread 0x000001c4ed3431a0 Thread added: 0x000001c4e5780d90
Event: 1875.318 Thread 0x000001c4ed3431a0 Thread added: 0x000001c4eca09a00
Event: 1875.318 Thread 0x000001c4ed3431a0 Thread added: 0x000001c4eca08a60
Event: 1875.319 Thread 0x000001c4ed3431a0 Thread added: 0x000001c4eca09230
Event: 1875.319 Thread 0x000001c4ed3431a0 Thread added: 0x000001c4eca0a9a0
Event: 1875.319 Thread 0x000001c4ed3431a0 Thread added: 0x000001c4eca0b170
Event: 1875.319 Thread 0x000001c4ed3431a0 Thread added: 0x000001c4e47218f0
Event: 1875.319 Thread 0x000001c4ed3431a0 Thread added: 0x000001c4e4725f40
Event: 1875.319 Thread 0x000001c4ed3431a0 Thread added: 0x000001c4e47276b0
Event: 1878.396 Thread 0x000001c4ed3431a0 Thread added: 0x000001c4ecd0ffa0
Event: 1878.396 Thread 0x000001c4ed3431a0 Thread added: 0x000001c4ecd10770
Event: 1878.396 Thread 0x000001c4ed3431a0 Thread added: 0x000001c4ecd145f0
Event: 1878.396 Thread 0x000001c4ed3431a0 Thread added: 0x000001c4ecd15590
Event: 1878.396 Thread 0x000001c4ed3431a0 Thread added: 0x000001c4ecd16530
Event: 1878.396 Thread 0x000001c4ed3431a0 Thread added: 0x000001c4ecd10f40


Dynamic libraries:
0x00007ff67aec0000 - 0x00007ff67aeca000 	U:\Android\jbr\bin\java.exe
0x00007ffc53e70000 - 0x00007ffc54084000 	C:\Windows\SYSTEM32\ntdll.dll
0x00007ffc53250000 - 0x00007ffc53312000 	C:\Windows\System32\KERNEL32.DLL
0x00007ffc515d0000 - 0x00007ffc5196c000 	C:\Windows\System32\KERNELBASE.dll
0x00007ffc51350000 - 0x00007ffc51461000 	C:\Windows\System32\ucrtbase.dll
0x00007ffc45d10000 - 0x00007ffc45d2b000 	U:\Android\jbr\bin\VCRUNTIME140.dll
0x00007ffc39640000 - 0x00007ffc39656000 	U:\Android\jbr\bin\jli.dll
0x00007ffc53800000 - 0x00007ffc539ab000 	C:\Windows\System32\USER32.dll
0x00007ffc51320000 - 0x00007ffc51346000 	C:\Windows\System32\win32u.dll
0x00007ffc53db0000 - 0x00007ffc53dd9000 	C:\Windows\System32\GDI32.dll
0x00007ffc519f0000 - 0x00007ffc51b02000 	C:\Windows\System32\gdi32full.dll
0x00007ffc51470000 - 0x00007ffc5150a000 	C:\Windows\System32\msvcp_win.dll
0x00007ffc41020000 - 0x00007ffc412ae000 	C:\Windows\WinSxS\amd64_microsoft.windows.common-controls_6595b64144ccf1df_6.0.22621.317_none_a9434687c10c9fa2\COMCTL32.dll
0x00007ffc52d00000 - 0x00007ffc52da7000 	C:\Windows\System32\msvcrt.dll
0x00007ffc53df0000 - 0x00007ffc53e21000 	C:\Windows\System32\IMM32.DLL
0x0000000053a40000 - 0x0000000053a4d000 	C:\Program Files (x86)\360\Total Security\safemon\SafeWrapper.dll
0x00007ffc53c80000 - 0x00007ffc53d2e000 	C:\Windows\System32\ADVAPI32.dll
0x00007ffc53ad0000 - 0x00007ffc53b74000 	C:\Windows\System32\sechost.dll
0x00007ffc539b0000 - 0x00007ffc53ac5000 	C:\Windows\System32\RPCRT4.dll
0x00007ffc4c200000 - 0x00007ffc4c305000 	C:\Program Files (x86)\360\Total Security\safemon\libzdtp64.dll
0x00007ffc521d0000 - 0x00007ffc529ab000 	C:\Windows\System32\SHELL32.dll
0x00007ffc52c90000 - 0x00007ffc52cee000 	C:\Windows\System32\SHLWAPI.dll
0x00007ffc50e20000 - 0x00007ffc50e2a000 	C:\Windows\SYSTEM32\VERSION.dll
0x00007ffc48930000 - 0x00007ffc4893c000 	U:\Android\jbr\bin\vcruntime140_1.dll
0x00007ffc26a70000 - 0x00007ffc26afd000 	U:\Android\jbr\bin\msvcp140.dll
0x00007ffc14b00000 - 0x00007ffc159da000 	U:\Android\jbr\bin\server\jvm.dll
0x00007ffc52a60000 - 0x00007ffc52ad1000 	C:\Windows\System32\WS2_32.dll
0x00007ffc51180000 - 0x00007ffc511cd000 	C:\Windows\SYSTEM32\POWRPROF.dll
0x00007ffc48b30000 - 0x00007ffc48b64000 	C:\Windows\SYSTEM32\WINMM.dll
0x00007ffc51160000 - 0x00007ffc51173000 	C:\Windows\SYSTEM32\UMPDC.dll
0x00007ffc50290000 - 0x00007ffc502a8000 	C:\Windows\SYSTEM32\kernel.appcore.dll
0x00007ffc45ed0000 - 0x00007ffc45eda000 	U:\Android\jbr\bin\jimage.dll
0x00007ffc454e0000 - 0x00007ffc4570e000 	C:\Windows\SYSTEM32\DBGHELP.DLL
0x00007ffc51e40000 - 0x00007ffc521c9000 	C:\Windows\System32\combase.dll
0x00007ffc53660000 - 0x00007ffc53737000 	C:\Windows\System32\OLEAUT32.dll
0x00007ffc37910000 - 0x00007ffc37942000 	C:\Windows\SYSTEM32\dbgcore.DLL
0x00007ffc51970000 - 0x00007ffc519eb000 	C:\Windows\System32\bcryptPrimitives.dll
0x00007ffc39670000 - 0x00007ffc3967e000 	U:\Android\jbr\bin\instrument.dll
0x00007ffc443e0000 - 0x00007ffc443ff000 	U:\Android\jbr\bin\java.dll
0x00007ffc51ca0000 - 0x00007ffc51e3c000 	C:\Windows\System32\ole32.dll
0x00007ffc3c110000 - 0x00007ffc3c127000 	U:\Android\jbr\bin\zip.dll
0x00007ffc4f250000 - 0x00007ffc4fb05000 	C:\Windows\SYSTEM32\windows.storage.dll
0x00007ffc4f110000 - 0x00007ffc4f24d000 	C:\Windows\SYSTEM32\wintypes.dll
0x00007ffc53b80000 - 0x00007ffc53c71000 	C:\Windows\System32\SHCORE.dll
0x00007ffc511e0000 - 0x00007ffc51201000 	C:\Windows\SYSTEM32\profapi.dll
0x00007ffc45d00000 - 0x00007ffc45d10000 	U:\Android\jbr\bin\net.dll
0x00007ffc50700000 - 0x00007ffc50769000 	C:\Windows\system32\mswsock.dll
0x00007ffc37a60000 - 0x00007ffc37a76000 	U:\Android\jbr\bin\nio.dll
0x00007ffc3b6c0000 - 0x00007ffc3b6d0000 	U:\Android\jbr\bin\verify.dll
0x00007ffc39680000 - 0x00007ffc396a7000 	U:\Android-SDK\native\660c5614fbf4a5f2a75b1949f50a0caf5cd603558e7d8a26e50b933a0cfb79d1\windows-amd64\native-platform.dll
0x00007ffc21e40000 - 0x00007ffc21eb7000 	U:\Android-SDK\native\0.2.8\x86_64-windows-gnu\gradle-fileevents.dll
0x00007ffc40de0000 - 0x00007ffc40de9000 	U:\Android\jbr\bin\management.dll
0x00007ffc40db0000 - 0x00007ffc40dbb000 	U:\Android\jbr\bin\management_ext.dll
0x00007ffc52cf0000 - 0x00007ffc52cf8000 	C:\Windows\System32\PSAPI.DLL
0x00007ffc4fd50000 - 0x00007ffc4fd7d000 	C:\Windows\SYSTEM32\IPHLPAPI.DLL
0x00007ffc53d30000 - 0x00007ffc53d39000 	C:\Windows\System32\NSI.dll
0x00007ffc43fe0000 - 0x00007ffc43fe9000 	U:\Android\jbr\bin\extnet.dll
0x00007ffc50970000 - 0x00007ffc5098b000 	C:\Windows\SYSTEM32\CRYPTSP.dll
0x00007ffc50200000 - 0x00007ffc50235000 	C:\Windows\system32\rsaenh.dll
0x00007ffc50810000 - 0x00007ffc50838000 	C:\Windows\SYSTEM32\USERENV.dll
0x00007ffc50b20000 - 0x00007ffc50b48000 	C:\Windows\SYSTEM32\bcrypt.dll
0x00007ffc50960000 - 0x00007ffc5096c000 	C:\Windows\SYSTEM32\CRYPTBASE.dll
0x00007ffc443d0000 - 0x00007ffc443d8000 	C:\Windows\system32\wshunix.dll
0x00007ffc4fdc0000 - 0x00007ffc4feb2000 	C:\Windows\SYSTEM32\DNSAPI.dll
0x00007ffc3d600000 - 0x00007ffc3d60a000 	C:\Windows\System32\rasadhlp.dll
0x00007ffc481b0000 - 0x00007ffc48233000 	C:\Windows\System32\fwpuclnt.dll

JVMTI agents:
U:\Android-SDK\wrapper\dists\gradle-9.5.0-bin\bvnork1r7n8i6kp5cnkibsc9q\gradle-9.5.0\lib\agents\gradle-instrumentation-agent-9.5.0.jar path:U:\Android\jbr\bin\instrument.dll, loaded, initialized, instrumentlib options:none

dbghelp: loaded successfully - version: 4.0.5 - missing functions: none
symbol engine: initialized successfully - sym options: 0x614 - pdb path: .;U:\Android\jbr\bin;C:\Windows\SYSTEM32;C:\Windows\WinSxS\amd64_microsoft.windows.common-controls_6595b64144ccf1df_6.0.22621.317_none_a9434687c10c9fa2;C:\Program Files (x86)\360\Total Security\safemon;U:\Android\jbr\bin\server;U:\Android-SDK\native\660c5614fbf4a5f2a75b1949f50a0caf5cd603558e7d8a26e50b933a0cfb79d1\windows-amd64;U:\Android-SDK\native\0.2.8\x86_64-windows-gnu

VM Arguments:
jvm_args: --add-opens=java.base/java.lang=ALL-UNNAMED --add-opens=java.base/java.lang.invoke=ALL-UNNAMED --add-opens=java.base/java.util=ALL-UNNAMED --add-opens=java.prefs/java.util.prefs=ALL-UNNAMED --add-exports=jdk.compiler/com.sun.tools.javac.api=ALL-UNNAMED --add-exports=jdk.compiler/com.sun.tools.javac.util=ALL-UNNAMED --add-opens=java.base/java.nio.charset=ALL-UNNAMED --add-opens=java.base/java.net=ALL-UNNAMED --add-opens=java.base/java.util.concurrent=ALL-UNNAMED --add-opens=java.base/java.util.concurrent.atomic=ALL-UNNAMED --add-opens=java.xml/javax.xml.namespace=ALL-UNNAMED --add-opens=java.base/java.time=ALL-UNNAMED --enable-native-access=ALL-UNNAMED -Xmx2048m -Dfile.encoding=UTF-8 -Duser.country=ID -Duser.language=en -Duser.variant -javaagent:U:\Android-SDK\wrapper\dists\gradle-9.5.0-bin\bvnork1r7n8i6kp5cnkibsc9q\gradle-9.5.0\lib\agents\gradle-instrumentation-agent-9.5.0.jar 
java_command: org.gradle.launcher.daemon.bootstrap.GradleDaemon 9.5.0
java_class_path (initial): U:\Android-SDK\wrapper\dists\gradle-9.5.0-bin\bvnork1r7n8i6kp5cnkibsc9q\gradle-9.5.0\lib\gradle-daemon-main-9.5.0.jar
Launcher Type: SUN_STANDARD

[Global flags]
     intx CICompilerCount                          = 3                                         {product} {ergonomic}
     uint ConcGCThreads                            = 1                                         {product} {ergonomic}
     uint G1ConcRefinementThreads                  = 4                                         {product} {ergonomic}
   size_t G1HeapRegionSize                         = 1048576                                   {product} {ergonomic}
   size_t InitialHeapSize                          = 100663296                                 {product} {ergonomic}
   size_t MarkStackSize                            = 4194304                                   {product} {ergonomic}
   size_t MarkStackSizeMax                         = 536870912                                 {product} {ergonomic}
   size_t MaxHeapSize                              = 2147483648                                {product} {command line}
   size_t MaxNewSize                               = 1287651328                                {product} {ergonomic}
   size_t MinHeapDeltaBytes                        = 1048576                                   {product} {ergonomic}
   size_t MinHeapSize                              = 8388608                                   {product} {ergonomic}
    uintx NonNMethodCodeHeapSize                   = 5832704                                {pd product} {ergonomic}
    uintx NonProfiledCodeHeapSize                  = 122945536                              {pd product} {ergonomic}
    uintx ProfiledCodeHeapSize                     = 122880000                              {pd product} {ergonomic}
    uintx ReservedCodeCacheSize                    = 251658240                              {pd product} {ergonomic}
     bool SegmentedCodeCache                       = true                                      {product} {ergonomic}
   size_t SoftMaxHeapSize                          = 2147483648                             {manageable} {ergonomic}
     bool UseCompressedOops                        = true                           {product lp64_product} {ergonomic}
     bool UseG1GC                                  = true                                      {product} {ergonomic}
     bool UseLargePagesIndividualAllocation        = false                                  {pd product} {ergonomic}

Logging:
Log output configuration:
 #0: stdout all=warning uptime,level,tags foldmultilines=false
 #1: stderr all=off uptime,level,tags foldmultilines=false

Release file:
JAVA_VERSION="25.0.2" 
MODULES="java.base java.compiler java.datatransfer java.xml java.prefs java.desktop java.instrument java.logging java.management java.security.sasl java.naming java.rmi java.management.rmi java.net.http java.scripting java.security.jgss java.transaction.xa java.sql java.sql.rowset java.xml.crypto java.se java.smartcardio jdk.accessibility jdk.internal.jvmstat jdk.attach jdk.charsets jdk.internal.opt jdk.zipfs jdk.compiler jdk.crypto.cryptoki jdk.crypto.ec jdk.dynalink jdk.hotspot.agent jdk.httpserver jdk.internal.ed jdk.internal.le jdk.internal.md jdk.internal.vm.ci jdk.jartool jdk.javadoc jdk.jcmd jdk.jdeps jdk.jdwp.agent jdk.jdi jdk.jfr jdk.jlink jdk.localedata jdk.management jdk.management.agent jdk.management.jfr jdk.naming.dns jdk.naming.rmi jdk.net jdk.sctp jdk.security.auth jdk.security.jgss jdk.unsupported jdk.unsupported.desktop jdk.xml.dom" 
IMPLEMENTOR="JetBrains s.r.o." 
JAVA_RUNTIME_VERSION="25.0.2+-15348964-b329.117" 
LIBC="default" 
OS_ARCH="x86_64" 
OS_NAME="Windows" 
SOURCE=".:git:3cf398e84a39" 

Environment Variables:
JAVA_HOME=C:\Program Files\Microsoft\jdk-17.0.20.8-hotspot\
PATH=C:\Program Files\Microsoft\jdk-17.0.20.8-hotspot\bin;C:\Windows\system32;C:\Windows;C:\Windows\System32\Wbem;C:\Windows\System32\WindowsPowerShell\v1.0\;C:\Windows\System32\OpenSSH\;C:\ProgramData\chocolatey\bin;D:\Kerja\nvm;D:\Kerja\nodejs;D:\Kerja\Git\cmd;C:\Users\WINDOWS\AppData\Local\Microsoft\WindowsApps;Microsoft VS Code\bin;C:\Users\WINDOWS\AppData\Roaming\npm;D:\Kerja\nvm;D:\Kerja\nodejs;D:\Kerja\VS CODE\Microsoft VS Code\bin;C:\Users\WINDOWS\AppData\Local\Kingsoft\WPS Office\12.1.0.27458\clitool
USERNAME=WINDOWS
OS=Windows_NT
PROCESSOR_IDENTIFIER=AMD64 Family 23 Model 24 Stepping 1, AuthenticAMD
TMP=C:\Users\WINDOWS\AppData\Local\Temp
TEMP=C:\Users\WINDOWS\AppData\Local\Temp




Compilation memory statistics disabled.

Periodic native trim disabled

JNI global refs:
JNI global refs: 22, weak refs: 35

JNI global refs memory usage: 835, weak refs: 833

Process memory usage:
Resident Set Size: 528340K (8% of 6164744K total physical memory with 248440K free physical memory)

OOME stack traces (most recent first):
Classloader memory used:
Loader org.gradle.internal.classloader.VisitableURLClassLoader                         : 50430 K
Loader org.gradle.internal.classloader.VisitableURLClassLoader$InstrumentingVisitableURLClassLoader: 41880 K
Loader bootstrap                                                                       : 31455 K
Loader org.gradle.internal.classloader.VisitableURLClassLoader                         : 16962 K
Loader org.gradle.initialization.MixInLegacyTypesClassLoader                           : 14450 K
Loader jdk.internal.loader.ClassLoaders$AppClassLoader                                 : 188 K
Loader jdk.internal.loader.ClassLoaders$PlatformClassLoader                            : 151 K
Loader org.gradle.groovy.scripts.internal.DefaultScriptCompilationHandler$ScriptClassLoader: 120 K

Classes loaded by more than one classloader:
Class com.google.common.collect.Lists$StringAsImmutableList                           : loaded 5 times (x 209B)
Class com.google.common.collect.Iterators$9                                           : loaded 5 times (x 83B)
Class com.google.common.collect.Iterators$MergingIterator                             : loaded 5 times (x 83B)
Class com.google.common.collect.ImmutableList                                         : loaded 5 times (x 208B)
Class com.google.common.collect.Lists                                                 : loaded 5 times (x 73B)
Class com.google.common.collect.PeekingIterator                                       : loaded 5 times (x 72B)
Class com.google.common.collect.ImmutableCollection                                   : loaded 5 times (x 127B)
Class com.google.common.base.Preconditions                                            : loaded 5 times (x 73B)
Class com.google.common.collect.Iterators$ArrayItr                                    : loaded 5 times (x 99B)
Class com.google.common.collect.Iterators$5                                           : loaded 5 times (x 84B)
Class com.google.common.collect.Iterators$4                                           : loaded 5 times (x 84B)
Class com.google.common.collect.UnmodifiableIterator                                  : loaded 5 times (x 82B)
Class com.google.common.collect.Iterators$1                                           : loaded 5 times (x 83B)
Class com.google.common.collect.Iterators$SingletonIterator                           : loaded 5 times (x 83B)
Class Program                                                                         : loaded 5 times (x 74B)
Class com.google.common.collect.Iterators                                             : loaded 5 times (x 73B)
Class com.google.common.collect.UnmodifiableListIterator                              : loaded 5 times (x 97B)
Class com.google.common.collect.AbstractIterator                                      : loaded 5 times (x 84B)
Class com.google.common.collect.AbstractIndexedListIterator                           : loaded 5 times (x 98B)
Class org.gradle.internal.Cast                                                        : loaded 4 times (x 73B)
Class org.gradle.api.Action                                                           : loaded 4 times (x 72B)
Class com.google.common.base.CharMatcher$FastMatcher                                  : loaded 4 times (x 114B)
Class com.google.common.base.Predicate                                                : loaded 4 times (x 72B)
Class com.google.common.base.CharMatcher$NegatedFastMatcher                           : loaded 4 times (x 116B)
Class com.google.common.base.CharMatcher$IsEither                                     : loaded 4 times (x 114B)
Class com.google.common.base.CharMatcher$Or                                           : loaded 4 times (x 115B)
Class com.google.common.collect.ImmutableSet                                          : loaded 4 times (x 147B)
Class org.gradle.api.GradleException                                                  : loaded 4 times (x 84B)
Class com.google.common.base.CharMatcher$And                                          : loaded 4 times (x 115B)
Class com.google.common.base.CharMatcher$BitSetMatcher                                : loaded 4 times (x 115B)
Class com.google.common.collect.ImmutableAsList                                       : loaded 4 times (x 211B)
Class com.google.common.collect.SingletonImmutableList                                : loaded 4 times (x 209B)
Class com.google.common.collect.RegularImmutableAsList                                : loaded 4 times (x 219B)
Class org.gradle.internal.IoActions                                                   : loaded 4 times (x 73B)
Class com.google.common.collect.ImmutableList$Builder                                 : loaded 4 times (x 79B)
Class com.google.common.collect.ImmutableSet$RegularSetBuilderImpl                    : loaded 4 times (x 78B)
Class com.google.common.collect.ImmutableList$ReverseImmutableList                    : loaded 4 times (x 209B)
Class com.google.common.collect.SingletonImmutableSet                                 : loaded 4 times (x 148B)
Class com.google.common.base.Joiner                                                   : loaded 4 times (x 82B)
Class com.google.common.base.CharMatcher$Negated                                      : loaded 4 times (x 116B)
Class com.google.common.base.CharMatcher$ForPredicate                                 : loaded 4 times (x 115B)
Class com.google.common.collect.ImmutableCollection$Builder                           : loaded 4 times (x 78B)
Class com.google.common.base.CharMatcher$Is                                           : loaded 4 times (x 114B)
Class com.google.common.base.CharMatcher$AnyOf                                        : loaded 4 times (x 115B)
Class com.google.common.base.CharMatcher                                              : loaded 4 times (x 114B)
Class com.google.common.base.Joiner$1                                                 : loaded 4 times (x 83B)
Class com.google.common.collect.ImmutableList$1                                       : loaded 4 times (x 99B)
Class com.google.common.collect.RegularImmutableList                                  : loaded 4 times (x 209B)
Class com.google.common.base.CharMatcher$1                                            : loaded 4 times (x 116B)
Class com.google.common.base.CharMatcher$NamedFastMatcher                             : loaded 4 times (x 115B)
Class com.google.common.base.Joiner$2                                                 : loaded 4 times (x 82B)
Class com.google.common.base.CharMatcher$InRange                                      : loaded 4 times (x 114B)
Class com.google.common.collect.ImmutableSet$CachingAsList                            : loaded 4 times (x 150B)
Class com.google.common.collect.RegularImmutableSet                                   : loaded 4 times (x 150B)
Class com.google.common.base.Function                                                 : loaded 4 times (x 72B)
Class com.google.common.collect.ImmutableSet$SetBuilderImpl                           : loaded 4 times (x 78B)
Class com.google.common.collect.ImmutableList$SubList                                 : loaded 4 times (x 209B)
Class com.google.common.base.CharMatcher$IsNot                                        : loaded 4 times (x 114B)
Class com.amazon.ion.impl.bin.IonManagedBinaryWriter$UserState$4                      : loaded 3 times (x 87B)
Class com.amazon.ion.system.IonBinaryWriterBuilder                                    : loaded 3 times (x 101B)
Class com.intellij.gradle.toolingExtension.impl.model.sourceSetModel.GradleSourceSetSerialisationService$SourceSetModelReadContext: loaded 3 times (x 74B)
Class com.intellij.gradle.toolingExtension.impl.model.utilTurnOffDefaultTasksModel.TurnOffDefaultTasks: loaded 3 times (x 72B)
Class kotlin.ranges.IntProgression$Companion                                          : loaded 3 times (x 73B)
Class kotlin.collections.CollectionsKt                                                : loaded 3 times (x 73B)
Class com.android.builder.model.v2.ide.AndroidArtifact                                : loaded 3 times (x 72B)
Class kotlin.io.NoSuchFileException                                                   : loaded 3 times (x 84B)
Class io.opentelemetry.context.ContextStorageProvider                                 : loaded 3 times (x 72B)
Class org.jetbrains.plugins.gradle.model.UnresolvedExternalDependency                 : loaded 3 times (x 72B)
Class org.jetbrains.plugins.gradle.model.GradleExtensions                             : loaded 3 times (x 72B)
Class org.jetbrains.plugins.gradle.model.AnnotationProcessingModel                    : loaded 3 times (x 72B)
Class org.gradle.tooling.internal.adapter.TargetTypeProvider                          : loaded 3 times (x 72B)
Class com.google.gson.stream.MalformedJsonException                                   : loaded 3 times (x 84B)
Class com.android.utils.StringHelper                                                  : loaded 3 times (x 73B)
Class com.amazon.ion.IonCatalog                                                       : loaded 3 times (x 72B)
Class com.intellij.util.ThrowableConsumer                                             : loaded 3 times (x 72B)
Class com.amazon.ion.system.IonSystemBuilder                                          : loaded 3 times (x 77B)
Class com.amazon.ion.impl._Private_IonWriterBase                                      : loaded 3 times (x 164B)
Class [Lcom.amazon.ion.impl.bin.IonManagedBinaryWriter$SymbolState;                   : loaded 3 times (x 71B)
Class com.android.builder.model.v2.ide.AaptOptions$Namespacing                        : loaded 3 times (x 81B)
Class com.android.utils.FileUtils                                                     : loaded 3 times (x 73B)
Class org.jetbrains.plugins.gradle.javaModel.JavaGradleManifestModel                  : loaded 3 times (x 72B)
Class io.opentelemetry.api.trace.TraceId                                              : loaded 3 times (x 73B)
Class org.gradle.tooling.model.gradle.ProjectPublications                             : loaded 3 times (x 72B)
Class kotlin.sequences.TransformingSequence                                           : loaded 3 times (x 77B)
Class org.gradle.tooling.internal.adapter.MethodInvocation                            : loaded 3 times (x 87B)
Class org.gradle.tooling.internal.adapter.ProtocolToModelAdapter$MethodInvocationCache$MethodInvocationKey: loaded 3 times (x 75B)
Class io.opentelemetry.api.internal.OtelEncodingUtils                                 : loaded 3 times (x 73B)
Class org.gradle.internal.operations.MultipleBuildOperationFailures                   : loaded 3 times (x 97B)
Class com.intellij.gradle.toolingExtension.impl.model.taskModel.GradleTaskSerialisationService$Companion: loaded 3 times (x 73B)
Class org.jetbrains.plugins.gradle.tooling.serialization.GradleExtensionsSerializationService$WriteContext: loaded 3 times (x 74B)
Class kotlin.coroutines.jvm.internal.CoroutineStackFrame                              : loaded 3 times (x 72B)
Class kotlin.coroutines.intrinsics.IntrinsicsKt__IntrinsicsJvmKt                      : loaded 3 times (x 73B)
Class kotlin.ranges.IntProgressionIterator                                            : loaded 3 times (x 84B)
Class [Lcom.amazon.ion.impl.bin.IonRawBinaryWriter$StreamCloseMode;                   : loaded 3 times (x 71B)
Class com.amazon.ion.impl.lite.IonSymbolLite                                          : loaded 3 times (x 249B)
Class com.amazon.ion.impl.bin.IonManagedBinaryWriter$ImportedSymbolResolverMode$1     : loaded 3 times (x 82B)
Class com.google.common.collect.ForwardingObject                                      : loaded 3 times (x 74B)
Class kotlin.jvm.internal.StringCompanionObject                                       : loaded 3 times (x 73B)
Class kotlin.jvm.internal.Ref$BooleanRef                                              : loaded 3 times (x 73B)
Class com.intellij.util.containers.IntObjectHashMap$ArrayProducer                     : loaded 3 times (x 72B)
Class io.opentelemetry.api.GlobalOpenTelemetry                                        : loaded 3 times (x 73B)
Class org.jetbrains.kotlin.idea.gradleTooling.AndroidAwareGradleModelProvider$Companion: loaded 3 times (x 73B)
Class com.amazon.ion.SymbolTable                                                      : loaded 3 times (x 72B)
Class com.amazon.ion.impl.bin.IonManagedBinaryWriter$ImportDescriptor                 : loaded 3 times (x 78B)
Class org.gradle.util.GradleVersion                                                   : loaded 3 times (x 83B)
Class io.opentelemetry.api.trace.SpanContextKey                                       : loaded 3 times (x 73B)
Class kotlin.coroutines.jvm.internal.SuspendFunction                                  : loaded 3 times (x 72B)
Class com.android.builder.model.v2.dsl.BuildType                                      : loaded 3 times (x 72B)
Class com.android.builder.model.v2.ide.BasicArtifact                                  : loaded 3 times (x 72B)
Class com.amazon.ion.SubstituteSymbolTableException                                   : loaded 3 times (x 86B)
Class com.amazon.ion.impl.SymbolTokenImpl                                             : loaded 3 times (x 83B)
Class com.amazon.ion.IonText                                                          : loaded 3 times (x 72B)
Class com.amazon.ion.impl.bin.IonManagedBinaryWriter$ImportedSymbolResolverMode$2     : loaded 3 times (x 82B)
Class com.amazon.ion.impl.bin.utf8.Pool$Allocator                                     : loaded 3 times (x 72B)
Class com.google.common.collect.ReverseNaturalOrdering                                : loaded 3 times (x 116B)
Class kotlin.text.MatcherMatchResult$groupValues$1                                    : loaded 3 times (x 200B)
Class kotlin.sequences.SequencesKt___SequencesKt                                      : loaded 3 times (x 73B)
Class com.amazon.ion.impl.bin.utf8.Utf8StringEncoder$Result                           : loaded 3 times (x 76B)
Class io.opentelemetry.context.Scope                                                  : loaded 3 times (x 72B)
Class kotlin.collections.AbstractList$Companion                                       : loaded 3 times (x 73B)
Class org.gradle.tooling.model.DomainObjectSet                                        : loaded 3 times (x 72B)
Class org.jetbrains.kotlin.idea.projectModel.KotlinTaskProperties                     : loaded 3 times (x 72B)
Class org.gradle.tooling.model.idea.IdeaProject                                       : loaded 3 times (x 72B)
Class org.gradle.tooling.internal.adapter.ProtocolToModelAdapter$ViewGraphDetails     : loaded 3 times (x 74B)
Class kotlin.coroutines.jvm.internal.SpillingKt                                       : loaded 3 times (x 73B)
Class com.google.common.collect.Ordering                                              : loaded 3 times (x 116B)
Class [Lcom.android.ide.common.repository.AgpVersion$PreviewKind;                     : loaded 3 times (x 71B)
Class kotlin.sequences.SequencesKt___SequencesKt$flatMap$2                            : loaded 3 times (x 131B)
Class [Lio.opentelemetry.api.trace.ImmutableTraceFlags;                               : loaded 3 times (x 71B)
Class org.jetbrains.plugins.gradle.tooling.serialization.internal.IdeaProjectSerializationService: loaded 3 times (x 79B)
Class com.android.builder.model.v2.ide.LintOptions                                    : loaded 3 times (x 72B)
Class [Lcom.amazon.ion.impl.bin.IonRawBinaryWriter$ContainerType;                     : loaded 3 times (x 71B)
Class Build_gradle                                                                    : loaded 3 times (x 128B)
Class kotlin.jvm.internal.markers.KMappedMarker                                       : loaded 3 times (x 72B)
Class com.amazon.ion.impl.lite.IonSystemLite                                          : loaded 3 times (x 277B)
Class com.amazon.ion.util.InputStreamInterceptor                                      : loaded 3 times (x 72B)
Class com.amazon.ion.impl.bin.IonRawBinaryWriter$PreallocationMode                    : loaded 3 times (x 83B)
Class com.amazon.ion.impl.bin._Private_IonRawWriter                                   : loaded 3 times (x 72B)
Class com.amazon.ion.IonWriter                                                        : loaded 3 times (x 72B)
Class org.gradle.internal.time.Timer                                                  : loaded 3 times (x 72B)
Class com.android.builder.model.v2.ide.SourceSetContainer                             : loaded 3 times (x 72B)
Class org.jetbrains.plugins.gradle.model.GradleExtension                              : loaded 3 times (x 72B)
Class com.amazon.ion.IonBufferConfiguration$Builder                                   : loaded 3 times (x 80B)
Class kotlin.text.StringsKt__AppendableKt                                             : loaded 3 times (x 73B)
Class com.google.common.collect.ImmutableRangeSet                                     : loaded 3 times (x 117B)
Class com.android.builder.model.v2.models.AndroidDsl                                  : loaded 3 times (x 72B)
Class com.amazon.ion.impl.lite.IonDecimalLite                                         : loaded 3 times (x 191B)
Class com.android.ide.gradle.model.GradlePluginModel                                  : loaded 3 times (x 72B)
Class org.gradle.tooling.internal.gradle.DefaultProjectIdentifier                     : loaded 3 times (x 88B)
Class org.gradle.tooling.model.build.JavaEnvironment                                  : loaded 3 times (x 72B)
Class com.android.builder.model.v2.models.VariantDependenciesFlatList                 : loaded 3 times (x 72B)
Class com.google.common.collect.ReverseOrdering                                       : loaded 3 times (x 117B)
Class com.android.builder.model.v2.ide.Edge                                           : loaded 3 times (x 72B)
Class com.amazon.ion.impl._Private_IonContainer                                       : loaded 3 times (x 72B)
Class com.android.ide.common.gradle.Numeric                                           : loaded 3 times (x 79B)
Class com.amazon.ion.impl.bin.IonRawBinaryWriter$PreallocationMode$3                  : loaded 3 times (x 83B)
Class org.jetbrains.kotlin.idea.gradleTooling.PrepareKotlinIdeImportTaskModel         : loaded 3 times (x 72B)
Class org.gradle.tooling.model.HasGradleProject                                       : loaded 3 times (x 72B)
Class org.gradle.tooling.model.BuildableElement                                       : loaded 3 times (x 72B)
Class com.google.common.collect.Iterators$PeekingImpl                                 : loaded 3 times (x 87B)
Class com.google.common.collect.ComparatorOrdering                                    : loaded 3 times (x 117B)
Class com.android.builder.model.v2.ide.VectorDrawablesOptions                         : loaded 3 times (x 72B)
Class com.intellij.gradle.toolingExtension.impl.model.buildScriptClasspathModel.GradleBuildScriptClasspathSerializationService$ReadContext: loaded 3 times (x 74B)
Class org.gradle.tooling.internal.adapter.ProtocolToModelAdapter$InvocationHandlerImpl: loaded 3 times (x 79B)
Class com.amazon.ion.impl.bin.IonRawBinaryWriter$PreallocationMode$2                  : loaded 3 times (x 83B)
Class com.amazon.ion.IonInt                                                           : loaded 3 times (x 72B)
Class kotlin.NoWhenBranchMatchedException                                             : loaded 3 times (x 84B)
Class org.jetbrains.kotlin.idea.gradleTooling.KotlinMPPGradleModel                    : loaded 3 times (x 72B)
Class io.opentelemetry.context.propagation.ContextPropagators                         : loaded 3 times (x 72B)
Class org.gradle.tooling.model.BuildIdentifier                                        : loaded 3 times (x 72B)
Class com.intellij.gradle.toolingExtension.impl.model.dependencyDownloadPolicyModel.GradleDependencyDownloadPolicy: loaded 3 times (x 72B)
Class com.amazon.ion.impl.SharedSymbolTable                                           : loaded 3 times (x 95B)
Class com.amazon.ion.impl.bin.IonRawBinaryWriter                                      : loaded 3 times (x 170B)
Class com.amazon.ion.SymbolToken                                                      : loaded 3 times (x 72B)
Class [Lcom.amazon.ion.impl.bin._Private_IonManagedBinaryWriterBuilder$AllocatorMode; : loaded 3 times (x 71B)
Class com.amazon.ion.impl.bin.IonRawBinaryWriter$PreallocationMode$1                  : loaded 3 times (x 83B)
Class com.amazon.ion.impl._Private_ValueFactory                                       : loaded 3 times (x 72B)
Class kotlin.text.StringsKt__StringNumberConversionsJVMKt                             : loaded 3 times (x 73B)
Class com.amazon.ion.impl.lite.IonClobLite                                            : loaded 3 times (x 223B)
Class com.google.common.collect.NaturalOrdering                                       : loaded 3 times (x 117B)
Class org.jetbrains.plugins.gradle.model.DependencyAccessorsModel                     : loaded 3 times (x 72B)
Class kotlin.text.MatchResult                                                         : loaded 3 times (x 72B)
Class gnu.trove.TObjectIntHashMap                                                     : loaded 3 times (x 111B)
Class com.android.builder.model.v2.models.BasicAndroidProject                         : loaded 3 times (x 72B)
Class kotlin.sequences.SequenceScope                                                  : loaded 3 times (x 75B)
Class kotlin.sequences.Sequence                                                       : loaded 3 times (x 72B)
Class org.gradle.tooling.ToolingModelContract                                         : loaded 3 times (x 72B)
Class [Lcom.intellij.openapi.externalSystem.model.project.dependencies.ResolutionState;: loaded 3 times (x 71B)
Class kotlin.jvm.internal.CallableReference$NoReceiver                                : loaded 3 times (x 73B)
Class com.google.common.collect.RangeSet                                              : loaded 3 times (x 72B)
Class kotlin.text.StringsKt__StringBuilderKt                                          : loaded 3 times (x 73B)
Class com.amazon.ion.impl.lite.IonNullLite                                            : loaded 3 times (x 178B)
Class com.amazon.ion.impl.lite.IonBoolLite                                            : loaded 3 times (x 181B)
Class org.jetbrains.plugins.gradle.tooling.serialization.AnnotationProcessingModelSerializationService: loaded 3 times (x 79B)
Class kotlin.collections.ArraysKt__ArraysJVMKt                                        : loaded 3 times (x 73B)
Class com.android.builder.model.v2.models.ProjectGraph                                : loaded 3 times (x 72B)
Class com.android.ide.common.repository.AgpVersion$PreviewKind                        : loaded 3 times (x 81B)
Class kotlin.collections.CollectionsKt___CollectionsKt$asSequence$$inlined$Sequence$1 : loaded 3 times (x 77B)
Class org.jetbrains.plugins.gradle.tooling.util.IntObjectMap$ObjectFactory            : loaded 3 times (x 72B)
Class com.android.ide.common.gradle.Version$Companion$ParseState$NUMERIC              : loaded 3 times (x 76B)
Class org.gradle.tooling.model.build.GradleEnvironment                                : loaded 3 times (x 72B)
Class kotlin.coroutines.CoroutineContext                                              : loaded 3 times (x 72B)
Class com.amazon.ion.impl._Private_LocalSymbolTableFactory                            : loaded 3 times (x 72B)
Class com.amazon.ion.impl.bin.IonManagedBinaryWriter$ImportedSymbolResolverMode$1$1$1 : loaded 3 times (x 78B)
Class com.amazon.ion.system.IonTextWriterBuilder                                      : loaded 3 times (x 99B)
Class com.google.gson.stream.JsonReader                                               : loaded 3 times (x 99B)
Class org.jetbrains.kotlin.idea.gradleTooling.model.kapt.KaptGradleModel              : loaded 3 times (x 72B)
Class org.jetbrains.plugins.gradle.model.ClasspathEntryModel                          : loaded 3 times (x 72B)
Class org.jetbrains.kotlin.idea.gradleTooling.KotlinDslScriptAdditionalTask           : loaded 3 times (x 72B)
Class org.gradle.internal.time.Time                                                   : loaded 3 times (x 73B)
Class io.opentelemetry.api.trace.TraceFlags                                           : loaded 3 times (x 72B)
Class org.jetbrains.plugins.gradle.tooling.serialization.ExternalTestsSerializationService: loaded 3 times (x 79B)
Class com.amazon.ion.IonTimestamp                                                     : loaded 3 times (x 72B)
Class com.amazon.ion.impl.bin.PooledBlockAllocatorProvider$PooledBlockAllocator       : loaded 3 times (x 83B)
Class kotlin.coroutines.EmptyCoroutineContext                                         : loaded 3 times (x 79B)
Class org.gradle.api.JavaVersion                                                      : loaded 3 times (x 81B)
Class kotlin.collections.SetsKt__SetsKt                                               : loaded 3 times (x 73B)
Class com.google.common.collect.ByFunctionOrdering                                    : loaded 3 times (x 117B)
Class org.jetbrains.plugins.gradle.tooling.serialization.GradleExtensionsSerializationService: loaded 3 times (x 79B)
Class com.intellij.platform.diagnostic.telemetry.rt.context.TelemetryContextGetter    : loaded 3 times (x 77B)
Class org.gradle.tooling.model.Dependency                                             : loaded 3 times (x 72B)
Class com.android.builder.model.v2.models.VariantDependenciesAdjacencyList            : loaded 3 times (x 72B)
Class kotlin.coroutines.jvm.internal.DebugProbesKt                                    : loaded 3 times (x 73B)
Class com.android.builder.model.v2.dsl.DependenciesInfo                               : loaded 3 times (x 72B)
Class com.amazon.ion.IonDatagram                                                      : loaded 3 times (x 72B)
Class com.amazon.ion.impl.bin.IonManagedBinaryWriter$ImportedSymbolResolverMode$1$1   : loaded 3 times (x 80B)
Class com.amazon.ion.impl._Private_ByteTransferSink                                   : loaded 3 times (x 72B)
Class com.intellij.gradle.toolingExtension.impl.model.sourceSetModel.GradleSourceSetSerialisationService$SourceSetModelWriteContext: loaded 3 times (x 74B)
Class com.amazon.ion.IonSequence                                                      : loaded 3 times (x 72B)
Class com.amazon.ion.IonLob                                                           : loaded 3 times (x 72B)
Class com.amazon.ion.IonBlob                                                          : loaded 3 times (x 72B)
Class kotlin.text.StringsKt__RegexExtensionsJVMKt                                     : loaded 3 times (x 73B)
Class com.android.builder.model.v2.ide.AbstractArtifact                               : loaded 3 times (x 72B)
Class com.amazon.ion.impl.bin.IonRawBinaryWriter$PatchPoint                           : loaded 3 times (x 74B)
Class com.google.common.collect.AllEqualOrdering                                      : loaded 3 times (x 116B)
Class kotlin.collections.ArraysKt___ArraysJvmKt                                       : loaded 3 times (x 73B)
Class kotlin.collections.CollectionsKt__CollectionsKt                                 : loaded 3 times (x 73B)
Class org.gradle.tooling.model.HierarchicalElement                                    : loaded 3 times (x 72B)
Class com.intellij.openapi.externalSystem.model.project.dependencies.ResolutionState  : loaded 3 times (x 81B)
Class io.opentelemetry.api.trace.PropagatedSpan                                       : loaded 3 times (x 114B)
Class com.intellij.gradle.toolingExtension.impl.model.projectModel.GradleExternalProjectSerializationService: loaded 3 times (x 79B)
Class kotlin.collections.ArraysKt                                                     : loaded 3 times (x 73B)
Class kotlin.collections.ArrayDeque$Companion                                         : loaded 3 times (x 73B)
Class io.opentelemetry.api.internal.ImmutableSpanContext                              : loaded 3 times (x 93B)
Class kotlin.text.Regex$Companion                                                     : loaded 3 times (x 73B)
Class kotlin.text.CharsKt__CharKt                                                     : loaded 3 times (x 73B)
Class com.android.builder.model.v2.ide.ProjectInfo                                    : loaded 3 times (x 72B)
Class org.jetbrains.plugins.gradle.model.ExternalLibraryDependency                    : loaded 3 times (x 72B)
Class com.amazon.ion.impl._Private_IonBinaryWriterBuilder$Mutable                     : loaded 3 times (x 117B)
Class com.amazon.ion.impl.bin.IonRawBinaryWriter$StreamCloseMode                      : loaded 3 times (x 81B)
Class org.jetbrains.plugins.gradle.model.tests.ExternalTestsModel                     : loaded 3 times (x 72B)
Class org.gradle.internal.exceptions.DefaultMultiCauseException                       : loaded 3 times (x 97B)
Class io.opentelemetry.api.OpenTelemetry                                              : loaded 3 times (x 72B)
Class org.gradle.tooling.internal.adapter.WeakIdentityHashMap$WeakKey                 : loaded 3 times (x 82B)
Class com.amazon.ion.IonValue                                                         : loaded 3 times (x 72B)
Class org.gradle.tooling.internal.adapter.ProtocolToModelAdapter$SafeMethodInvoker    : loaded 3 times (x 78B)
Class org.gradle.tooling.model.idea.IdeaLanguageLevel                                 : loaded 3 times (x 72B)
Class kotlin.ranges.RangesKt___RangesKt                                               : loaded 3 times (x 73B)
Class com.android.ide.common.repository.AgpVersion$Companion$WhenMappings             : loaded 3 times (x 73B)
Class org.gradle.tooling.internal.adapter.WeakIdentityHashMap                         : loaded 3 times (x 78B)
Class org.gradle.tooling.GradleConnectionException                                    : loaded 3 times (x 85B)
Class org.gradle.tooling.internal.adapter.ProtocolToModelAdapter$1                    : loaded 3 times (x 77B)
Class com.google.common.collect.ImmutableRangeSet$AsSet                               : loaded 3 times (x 302B)
Class kotlin.jvm.internal.FunctionReference                                           : loaded 3 times (x 128B)
Class com.amazon.ion.IonException                                                     : loaded 3 times (x 86B)
Class [Lkotlin.coroutines.intrinsics.CoroutineSingletons;                             : loaded 3 times (x 71B)
Class kotlin.jvm.internal.FunctionBase                                                : loaded 3 times (x 72B)
Class com.amazon.ion.IonDecimal                                                       : loaded 3 times (x 72B)
Class kotlin.enums.EnumEntriesList                                                    : loaded 3 times (x 225B)
Class kotlin.KotlinNullPointerException                                               : loaded 3 times (x 84B)
Class kotlin.sequences.SequenceBuilderIterator                                        : loaded 3 times (x 87B)
Class kotlin.ranges.OpenEndRange                                                      : loaded 3 times (x 72B)
Class com.amazon.ion.impl.bin.IonRawBinaryWriter$ContainerType                        : loaded 3 times (x 81B)
Class com.amazon.ion.impl._Private_IonTextWriterBuilder$Mutable                       : loaded 3 times (x 103B)
Class com.android.ide.common.gradle.Version$Companion$ParseState$EMPTY                : loaded 3 times (x 76B)
Class org.jetbrains.plugins.gradle.model.GradleConfiguration                          : loaded 3 times (x 72B)
Class kotlin.comparisons.ComparisonsKt___ComparisonsJvmKt                             : loaded 3 times (x 73B)
Class com.amazon.ion.BufferConfiguration$OversizedValueHandler                        : loaded 3 times (x 72B)
Class com.amazon.ion.impl._Private_IonSystem                                          : loaded 3 times (x 72B)
Class com.amazon.ion.util.GzipStreamInterceptor                                       : loaded 3 times (x 87B)
Class com.amazon.ion.impl.bin.utf8.Utf8StringEncoderPool                              : loaded 3 times (x 76B)
Class kotlin.collections.CollectionsKt__IteratorsJVMKt                                : loaded 3 times (x 73B)
Class io.opentelemetry.api.trace.Span                                                 : loaded 3 times (x 72B)
Class org.gradle.tooling.model.gradle.GradleBuild                                     : loaded 3 times (x 72B)
Class org.gradle.tooling.model.ProjectModel                                           : loaded 3 times (x 72B)
Class com.intellij.gradle.toolingExtension.impl.model.dependencyModel.DependencyWriteContext: loaded 3 times (x 74B)
Class com.intellij.gradle.toolingExtension.impl.model.projectModel.GradleExternalProjectSerializationService$ReadContext: loaded 3 times (x 75B)
Class kotlin.collections.CollectionsKt__IterablesKt                                   : loaded 3 times (x 73B)
Class kotlin.coroutines.intrinsics.CoroutineSingletons                                : loaded 3 times (x 81B)
Class kotlin.collections.MapsKt                                                       : loaded 3 times (x 73B)
Class kotlin.jvm.internal.Intrinsics                                                  : loaded 3 times (x 73B)
Class org.gradle.internal.time.CountdownTimer                                         : loaded 3 times (x 72B)
Class org.gradle.internal.exceptions.MultiCauseException                              : loaded 3 times (x 72B)
Class kotlin.coroutines.intrinsics.IntrinsicsKt                                       : loaded 3 times (x 73B)
Class com.android.builder.model.v2.ide.TestInfo$Execution                             : loaded 3 times (x 81B)
Class kotlin.jvm.internal.markers.KMutableCollection                                  : loaded 3 times (x 72B)
Class com.amazon.ion.impl.bin.IonManagedBinaryWriter$UserState$3                      : loaded 3 times (x 87B)
Class kotlin.reflect.KAnnotatedElement                                                : loaded 3 times (x 72B)
Class kotlin.collections.EmptyMap                                                     : loaded 3 times (x 110B)
Class kotlin.Result                                                                   : loaded 3 times (x 74B)
Class io.opentelemetry.context.ContextStorageWrappers                                 : loaded 3 times (x 73B)
Class io.opentelemetry.context.propagation.DefaultContextPropagators                  : loaded 3 times (x 77B)
Class kotlin.text.MatcherMatchResult$groups$1                                         : loaded 3 times (x 153B)
Class org.jetbrains.plugins.gradle.model.IntelliJSettings                             : loaded 3 times (x 72B)
Class org.jetbrains.kotlin.idea.gradleTooling.KotlinSourceSetContainer                : loaded 3 times (x 72B)
Class com.android.builder.model.v2.ide.TestedTargetVariant                            : loaded 3 times (x 72B)
Class kotlin.ranges.IntRange$Companion                                                : loaded 3 times (x 73B)
Class com.amazon.ion.impl._Private_Utils                                              : loaded 3 times (x 73B)
Class com.intellij.gradle.toolingExtension.model.repositoryModel.ProjectRepositoriesModel: loaded 3 times (x 72B)
Class io.opentelemetry.context.propagation.NoopTextMapPropagator                      : loaded 3 times (x 78B)
Class com.amazon.ion.impl.IonWriterSystem                                             : loaded 3 times (x 172B)
Class com.amazon.ion.impl.bin.Symbols$2                                               : loaded 3 times (x 109B)
Class com.amazon.ion.impl.bin._Private_IonManagedWriter                               : loaded 3 times (x 72B)
Class gnu.trove.TObjectCanonicalHashingStrategy                                       : loaded 3 times (x 80B)
Class com.android.ide.gradle.model.GradlePropertiesModel                              : loaded 3 times (x 72B)
Class org.gradle.tooling.internal.adapter.ProtocolToModelAdapter$ViewDecoration       : loaded 3 times (x 72B)
Class kotlin.sequences.TransformingSequence$iterator$1                                : loaded 3 times (x 81B)
Class kotlin.Pair                                                                     : loaded 3 times (x 74B)
Class com.intellij.gradle.toolingExtension.util.GradleVersionUtil                     : loaded 3 times (x 73B)
Class org.gradle.tooling.internal.adapter.ProtocolToModelAdapter$SupportedPropertyInvoker: loaded 3 times (x 78B)
Class org.gradle.tooling.model.UnsupportedMethodException                             : loaded 3 times (x 84B)
Class org.jetbrains.plugins.gradle.model.GradleProperty                               : loaded 3 times (x 72B)
Class com.android.builder.model.v2.models.VariantDependencies                         : loaded 3 times (x 72B)
Class com.google.common.collect.ImmutableRangeSet$ComplementRanges                    : loaded 3 times (x 209B)
Class com.amazon.ion.impl.lite.ContainerlessContext                                   : loaded 3 times (x 82B)
Class com.amazon.ion.IonLoader                                                        : loaded 3 times (x 72B)
Class org.jetbrains.kotlin.tooling.core.HasMutableExtras                              : loaded 3 times (x 72B)
Class kotlin.enums.EnumEntriesKt                                                      : loaded 3 times (x 73B)
Class com.amazon.ion.impl.lite.IonContainerLite                                       : loaded 3 times (x 250B)
Class com.amazon.ion.IonBufferConfiguration$OversizedSymbolTableHandler               : loaded 3 times (x 72B)
Class com.amazon.ion.facet.Faceted                                                    : loaded 3 times (x 72B)
Class com.amazon.ion.system.IonWriterBuilder                                          : loaded 3 times (x 76B)
Class org.jetbrains.plugins.gradle.tooling.serialization.ToolingStreamApiUtils        : loaded 3 times (x 73B)
Class com.android.builder.model.v2.ide.BytecodeTransformation                         : loaded 3 times (x 81B)
Class com.intellij.gradle.toolingExtension.impl.model.sourceSetModel.GradleSourceSetSerialisationService$Companion: loaded 3 times (x 73B)
Class kotlin.collections.CollectionsKt__MutableCollectionsKt                          : loaded 3 times (x 73B)
Class kotlin.collections.CollectionsKt__ReversedViewsKt                               : loaded 3 times (x 73B)
Class kotlin.collections.CollectionsKt__MutableCollectionsJVMKt                       : loaded 3 times (x 73B)
Class com.google.common.collect.NullsLastOrdering                                     : loaded 3 times (x 117B)
Class kotlin.text.StringsKt___StringsKt                                               : loaded 3 times (x 73B)
Class com.amazon.ion.impl.bin.utf8.Poolable                                           : loaded 3 times (x 81B)
Class com.amazon.ion.IonSymbol                                                        : loaded 3 times (x 72B)
Class [Lcom.android.ide.common.gradle.Separator;                                      : loaded 3 times (x 71B)
Class com.amazon.ion.IonBool                                                          : loaded 3 times (x 72B)
Class com.amazon.ion.impl.bin.utf8.Utf8StringEncoder                                  : loaded 3 times (x 82B)
Class kotlin.io.TerminateException                                                    : loaded 3 times (x 84B)
Class kotlin.io.FilesKt__FilePathComponentsKt                                         : loaded 3 times (x 73B)
Class com.android.builder.model.v2.ide.CodeShrinker                                   : loaded 3 times (x 81B)
Class kotlin.sequences.SequencesKt__SequenceBuilderKt                                 : loaded 3 times (x 73B)
Class com.google.common.collect.ImmutableRangeSet$1                                   : loaded 3 times (x 212B)
Class kotlin.reflect.KCallable                                                        : loaded 3 times (x 72B)
Class org.jetbrains.plugins.gradle.tooling.serialization.AnnotationProcessingModelSerializationService$WriteContext: loaded 3 times (x 74B)
Class io.opentelemetry.api.trace.SpanContext                                          : loaded 3 times (x 72B)
Class io.opentelemetry.api.trace.DefaultTracer$NoopSpanBuilder                        : loaded 3 times (x 93B)
Class [Lcom.amazon.ion.impl.bin.IonManagedBinaryWriter$UserState;                     : loaded 3 times (x 71B)
Class org.gradle.tooling.internal.adapter.ProtocolToModelAdapter$ReflectionMethodInvoker: loaded 3 times (x 78B)
Class com.amazon.ion.impl.lite.IonStructLite                                          : loaded 3 times (x 300B)
Class com.amazon.ion.impl._Private_ReaderWriter                                       : loaded 3 times (x 72B)
Class com.amazon.ion.impl.bin.AbstractSymbolTable                                     : loaded 3 times (x 109B)
Class com.amazon.ion.Decimal                                                          : loaded 3 times (x 136B)
Class com.amazon.ion.impl.bin._Private_IonManagedBinaryWriterBuilder$AllocatorMode$1  : loaded 3 times (x 82B)
Class gnu.trove.TObjectHashingStrategy                                                : loaded 3 times (x 72B)
Class kotlin.text.CharsKt                                                             : loaded 3 times (x 73B)
Class kotlin.io.FilesKt__FileTreeWalkKt                                               : loaded 3 times (x 73B)
Class com.google.common.collect.Range                                                 : loaded 3 times (x 88B)
Class kotlin.collections.MapsKt__MapWithDefaultKt                                     : loaded 3 times (x 73B)
Class org.gradle.tooling.model.kotlin.dsl.KotlinDslScriptModel                        : loaded 3 times (x 72B)
Class com.intellij.gradle.toolingExtension.impl.util.collectionUtil.GradleCollections : loaded 3 times (x 73B)
Class org.jetbrains.plugins.gradle.tooling.serialization.ProjectDependenciesSerializationService$WriteContext: loaded 3 times (x 74B)
Class org.jetbrains.plugins.gradle.tooling.serialization.ProjectDependenciesSerializationService: loaded 3 times (x 79B)
Class org.gradle.tooling.internal.adapter.CollectionMapper                            : loaded 3 times (x 75B)
Class com.intellij.compose.ide.plugin.gradleTooling.rt.ComposeResourcesModel          : loaded 3 times (x 72B)
Class org.jetbrains.kotlin.idea.gradleTooling.KotlinGradlePluginVersion               : loaded 3 times (x 72B)
Class com.amazon.ion.IonNumber                                                        : loaded 3 times (x 72B)
Class kotlin.jvm.internal.CollectionToArray                                           : loaded 3 times (x 73B)
Class com.amazon.ion.impl._Private_IonTextWriterBuilder                               : loaded 3 times (x 103B)
Class com.amazon.ion.impl.bin._Private_IonManagedBinaryWriterBuilder$AllocatorMode$2  : loaded 3 times (x 82B)
Class [Lcom.android.builder.model.v2.ide.LibraryType;                                 : loaded 3 times (x 71B)
Class com.android.builder.model.v2.ide.LibraryType                                    : loaded 3 times (x 81B)
Class com.amazon.ion.impl.lite.IonTextLite                                            : loaded 3 times (x 184B)
Class com.google.common.collect.LexicographicalOrdering                               : loaded 3 times (x 117B)
Class com.google.common.collect.ExplicitOrdering                                      : loaded 3 times (x 117B)
Class com.amazon.ion.impl.lite.IonLobLite                                             : loaded 3 times (x 187B)
Class io.opentelemetry.context.LazyStorage                                            : loaded 3 times (x 73B)
Class io.opentelemetry.api.trace.DefaultTracerProvider                                : loaded 3 times (x 81B)
Class org.jetbrains.plugins.gradle.tooling.ModelBuilderService$Parameter              : loaded 3 times (x 72B)
Class kotlin.collections.ArraysKt___ArraysKt                                          : loaded 3 times (x 73B)
Class kotlin.collections.MapsKt___MapsKt                                              : loaded 3 times (x 73B)
Class com.android.builder.model.v2.models.Versions$Version                            : loaded 3 times (x 72B)
Class com.amazon.ion.impl._Private_IonReaderBuilder                                   : loaded 3 times (x 99B)
Class com.amazon.ion.IonMutableCatalog                                                : loaded 3 times (x 72B)
Class kotlin.io.FilesKt                                                               : loaded 3 times (x 73B)
Class com.amazon.ion.IonClob                                                          : loaded 3 times (x 72B)
Class org.jetbrains.plugins.gradle.model.AnnotationProcessingConfig                   : loaded 3 times (x 72B)
Class org.gradle.tooling.model.eclipse.HierarchicalEclipseProject                     : loaded 3 times (x 72B)
Class org.jetbrains.plugins.gradle.ExternalDependencyId                               : loaded 3 times (x 72B)
Class io.opentelemetry.api.trace.TraceState                                           : loaded 3 times (x 72B)
Class gnu.trove.THash                                                                 : loaded 3 times (x 83B)
Class com.intellij.gradle.toolingExtension.impl.model.buildScriptClasspathModel.GradleBuildScriptClasspathSerializationService$WriteContext: loaded 3 times (x 74B)
Class org.gradle.tooling.internal.adapter.ProtocolToModelAdapter                      : loaded 3 times (x 82B)
Class gnu.trove.Equality                                                              : loaded 3 times (x 72B)
Class org.jetbrains.plugins.gradle.tooling.serialization.GradleExtensionsSerializationService$ReadContext: loaded 3 times (x 74B)
Class com.android.ide.common.gradle.Separator                                         : loaded 3 times (x 81B)
Class com.android.builder.model.v2.ide.AndroidGradlePluginProjectFlags$BooleanFlag    : loaded 3 times (x 81B)
Class kotlin.collections.MapsKt__MapsJVMKt                                            : loaded 3 times (x 73B)
Class kotlin.collections.EmptyList                                                    : loaded 3 times (x 176B)
Class kotlin.annotation.Retention                                                     : loaded 3 times (x 72B)
Class [Lio.opentelemetry.context.ThreadLocalContextStorage$NoopScope;                 : loaded 3 times (x 71B)
Class io.opentelemetry.context.ThreadLocalContextStorage$NoopScope                    : loaded 3 times (x 87B)
Class org.gradle.internal.time.DefaultTimer                                           : loaded 3 times (x 82B)
Class kotlin.reflect.KDeclarationContainer                                            : loaded 3 times (x 72B)
Class com.android.builder.model.v2.ide.ApiVersion                                     : loaded 3 times (x 72B)
Class kotlin.text.StringsKt___StringsJvmKt                                            : loaded 3 times (x 73B)
Class com.android.builder.model.v2.ide.AndroidLibraryData                             : loaded 3 times (x 72B)
Class com.android.ide.common.gradle.Version                                           : loaded 3 times (x 77B)
Class com.amazon.ion.impl.bin.PooledBlockAllocatorProvider$PooledBlockAllocator$1     : loaded 3 times (x 81B)
Class com.amazon.ion.impl.lite.IonStringLite                                          : loaded 3 times (x 215B)
Class com.amazon.ion.system.IonReaderBuilder                                          : loaded 3 times (x 97B)
Class com.amazon.ion.IonReader                                                        : loaded 3 times (x 72B)
Class org.gradle.tooling.internal.adapter.ViewBuilder                                 : loaded 3 times (x 72B)
Class org.gradle.tooling.model.idea.IdeaModuleDependency                              : loaded 3 times (x 72B)
Class org.gradle.internal.exceptions.NonGradleCauseExceptionsHolder                   : loaded 3 times (x 72B)
Class kotlin.sequences.FilteringSequence$iterator$1                                   : loaded 3 times (x 81B)
Class org.gradle.tooling.internal.adapter.ProtocolToModelAdapter$ViewKey              : loaded 3 times (x 74B)
Class io.opentelemetry.context.ImplicitContextKeyed                                   : loaded 3 times (x 72B)
Class com.google.common.base.Objects                                                  : loaded 3 times (x 73B)
Class io.opentelemetry.api.trace.AutoValue_ArrayBasedTraceState                       : loaded 3 times (x 89B)
Class org.jetbrains.plugins.gradle.tooling.util.ObjectCollector$Processor             : loaded 3 times (x 72B)
Class gnu.trove.TObjectHash                                                           : loaded 3 times (x 96B)
Class kotlin.collections.CollectionsKt___CollectionsKt                                : loaded 3 times (x 73B)
Class kotlin.annotation.Target                                                        : loaded 3 times (x 72B)
Class kotlin.collections.EmptySet                                                     : loaded 3 times (x 124B)
Class kotlin.jvm.functions.Function4                                                  : loaded 3 times (x 72B)
Class com.amazon.ion.impl.bin.Block                                                   : loaded 3 times (x 81B)
Class com.amazon.ion.impl.bin.AbstractIonWriter                                       : loaded 3 times (x 162B)
Class com.android.builder.model.v2.CustomSourceDirectory                              : loaded 3 times (x 72B)
Class io.opentelemetry.api.trace.DefaultTracer                                        : loaded 3 times (x 76B)
Class com.google.common.collect.NullsFirstOrdering                                    : loaded 3 times (x 117B)
Class com.android.ide.common.repository.AgpVersion                                    : loaded 3 times (x 77B)
Class kotlin.jvm.internal.KotlinGenericDeclaration                                    : loaded 3 times (x 72B)
Class org.gradle.tooling.internal.adapter.WeakIdentityHashMap$AbsentValueProvider     : loaded 3 times (x 72B)
Class kotlin.ResultKt                                                                 : loaded 3 times (x 73B)
Class io.opentelemetry.api.trace.TracerProvider                                       : loaded 3 times (x 72B)
Class org.gradle.tooling.internal.adapter.ProtocolToModelAdapter$PropertyCachingMethodInvoker: loaded 3 times (x 78B)
Class io.opentelemetry.context.DefaultContextKey                                      : loaded 3 times (x 74B)
Class com.android.ide.gradle.model.dependencies.Coordinates                           : loaded 3 times (x 72B)
Class kotlin.collections.MapsKt___MapsJvmKt                                           : loaded 3 times (x 73B)
Class com.amazon.ion.impl.bin.utf8.Utf8StringEncoderPool$1                            : loaded 3 times (x 78B)
Class com.amazon.ion.impl.lite.IonLoaderLite                                          : loaded 3 times (x 84B)
Class com.amazon.ion.impl.lite.IonContext                                             : loaded 3 times (x 72B)
Class com.amazon.ion.impl.IonWriterSystemText                                         : loaded 3 times (x 191B)
Class [Lcom.amazon.ion.impl.bin.IonManagedBinaryWriter$ImportedSymbolResolverMode;    : loaded 3 times (x 71B)
Class com.amazon.ion.ValueFactory                                                     : loaded 3 times (x 72B)
Class com.google.common.collect.AbstractRangeSet                                      : loaded 3 times (x 116B)
Class org.gradle.tooling.internal.adapter.MethodInvoker                               : loaded 3 times (x 72B)
Class com.android.builder.model.v2.models.ProjectSyncIssues                           : loaded 3 times (x 72B)
Class kotlin.collections.ArraysKt__ArraysKt                                           : loaded 3 times (x 73B)
Class org.jetbrains.plugins.gradle.model.ExternalTask                                 : loaded 3 times (x 72B)
Class kotlin.Result$Failure                                                           : loaded 3 times (x 74B)
Class io.opentelemetry.api.internal.IncubatingUtil                                    : loaded 3 times (x 73B)
Class io.opentelemetry.api.GlobalOpenTelemetry$ObfuscatedOpenTelemetry                : loaded 3 times (x 94B)
Class org.gradle.internal.time.DefaultCountdownTimer                                  : loaded 3 times (x 90B)
Class com.amazon.ion.impl._Private_IonValue                                           : loaded 3 times (x 72B)
Class com.intellij.openapi.externalSystem.model.ExternalSystemException               : loaded 3 times (x 87B)
Class com.amazon.ion.impl.SymbolTableAsStruct                                         : loaded 3 times (x 72B)
Class com.amazon.ion.impl._Private_Utils$1                                            : loaded 3 times (x 100B)
Class com.amazon.ion.impl.lite.IonSequenceLite                                        : loaded 3 times (x 434B)
Class io.opentelemetry.api.trace.ArrayBasedTraceStateBuilder                          : loaded 3 times (x 79B)
Class com.amazon.ion.impl.bin.IonManagedBinaryWriter$SymbolResolver                   : loaded 3 times (x 72B)
Class com.amazon.ion.impl._Private_SymbolToken                                        : loaded 3 times (x 72B)
Class com.amazon.ion.impl.bin._Private_IonManagedBinaryWriterBuilder$AllocatorMode    : loaded 3 times (x 82B)
Class org.jetbrains.plugins.gradle.model.GradleSourceSetModel                         : loaded 3 times (x 72B)
Class com.intellij.gradle.toolingExtension.impl.model.sourceSetDependencyModel.GradleSourceSetDependencySerialisationService: loaded 3 times (x 79B)
Class kotlin.collections.SetsKt__SetsJVMKt                                            : loaded 3 times (x 73B)
Class kotlin.Function                                                                 : loaded 3 times (x 72B)
Class org.jetbrains.plugins.gradle.model.GradleTaskModel                              : loaded 3 times (x 72B)
Class org.jetbrains.plugins.gradle.tooling.util.ObjectCollector                       : loaded 3 times (x 74B)
Class org.gradle.tooling.internal.adapter.ProtocolToModelAdapter$AdaptingMethodInvoker: loaded 3 times (x 78B)
Class org.gradle.tooling.internal.gradle.DefaultBuildIdentifier                       : loaded 3 times (x 81B)
Class org.jetbrains.plugins.gradle.tooling.serialization.internal.IdeaProjectSerializationService$WriteContext: loaded 3 times (x 74B)
Class kotlin.jvm.functions.Function2                                                  : loaded 3 times (x 72B)
Class com.amazon.ion.impl.bin.IonManagedBinaryWriter$UserState$2                      : loaded 3 times (x 87B)
Class kotlin.KotlinNothingValueException                                              : loaded 3 times (x 84B)
Class [Lcom.amazon.ion.util.GzipStreamInterceptor;                                    : loaded 3 times (x 71B)
Class com.amazon.ion.impl._Private_IonReaderBuilder$Mutable                           : loaded 3 times (x 99B)
Class com.android.builder.model.v2.models.ndk.NativeModelBuilderParameter             : loaded 3 times (x 72B)
Class com.amazon.ion.impl.bin.BlockAllocatorProvider                                  : loaded 3 times (x 74B)
Class kotlin.io.FileAlreadyExistsException                                            : loaded 3 times (x 84B)
Class kotlin.internal.ProgressionUtilKt                                               : loaded 3 times (x 73B)
Class kotlin.jvm.functions.Function1                                                  : loaded 3 times (x 72B)
Class kotlin.collections.AbstractMutableList                                          : loaded 3 times (x 208B)
Class com.intellij.openapi.externalSystem.model.project.IExternalSystemSourceType     : loaded 3 times (x 72B)
Class com.android.builder.model.v2.ide.AaptOptions                                    : loaded 3 times (x 72B)
Class [Lcom.android.builder.model.v2.ide.BytecodeTransformation;                      : loaded 3 times (x 71B)
Class com.android.ide.common.gradle.Version$Companion                                 : loaded 3 times (x 73B)
Class gnu.trove.PrimeFinder                                                           : loaded 3 times (x 73B)
Class com.amazon.ion.impl.bin.AbstractIonWriter$WriteValueOptimization                : loaded 3 times (x 81B)
Class org.gradle.tooling.model.idea.IdeaDependency                                    : loaded 3 times (x 72B)
Class org.gradle.tooling.model.eclipse.EclipseProject                                 : loaded 3 times (x 72B)
Class com.amazon.ion.UnexpectedEofException                                           : loaded 3 times (x 86B)
Class com.amazon.ion.IonSexp                                                          : loaded 3 times (x 72B)
Class org.jetbrains.plugins.gradle.tooling.serialization.ExternalTestsSerializationService$ReadContext: loaded 3 times (x 74B)
Class kotlin.collections.ArraysUtilJVM                                                : loaded 3 times (x 73B)
Class org.jetbrains.plugins.gradle.tooling.serialization.ProjectDependenciesSerializationService$ReadContext: loaded 3 times (x 74B)
Class io.opentelemetry.api.trace.TraceStateBuilder                                    : loaded 3 times (x 72B)
Class com.intellij.openapi.externalSystem.model.project.dependencies.ProjectDependencies: loaded 3 times (x 72B)
Class kotlin.jvm.functions.Function0                                                  : loaded 3 times (x 72B)
Class kotlin.sequences.FlatteningSequence$iterator$1                                  : loaded 3 times (x 81B)
Class com.android.ide.common.repository.AgpVersion$Companion                          : loaded 3 times (x 73B)
Class com.amazon.ion.impl.BlockedBuffer$BufferedOutputStream                          : loaded 3 times (x 92B)
Class com.amazon.ion.impl.bin.IonBinaryWriterAdapter$Factory                          : loaded 3 times (x 72B)
Class [Lcom.amazon.ion.SymbolTable;                                                   : loaded 3 times (x 71B)
Class io.opentelemetry.context.propagation.TextMapSetter                              : loaded 3 times (x 72B)
Class io.opentelemetry.context.ContextKey                                             : loaded 3 times (x 72B)
Class io.opentelemetry.api.trace.ArrayBasedTraceState                                 : loaded 3 times (x 88B)
Class org.gradle.tooling.internal.adapter.ProtocolToModelAdapter$ViewGraphDetails$1   : loaded 3 times (x 79B)
Class com.amazon.ion.IonBufferConfiguration                                           : loaded 3 times (x 74B)
Class com.amazon.ion.impl.bin.Symbols                                                 : loaded 3 times (x 73B)
Class kotlin.ranges.RangesKt                                                          : loaded 3 times (x 73B)
Class com.android.ide.gradle.model.artifacts.AdditionalClassifierArtifactsModel       : loaded 3 times (x 72B)
Class [Lcom.android.builder.model.v2.ide.AaptOptions$Namespacing;                     : loaded 3 times (x 71B)
Class com.android.ide.common.gradle.Version$Companion$ParseState                      : loaded 3 times (x 72B)
Class org.jetbrains.plugins.gradle.tooling.serialization.RepositoriesModelSerializationService: loaded 3 times (x 84B)
Class org.gradle.tooling.internal.gradle.GradleProjectIdentity                        : loaded 3 times (x 72B)
Class io.opentelemetry.api.trace.Tracer                                               : loaded 3 times (x 72B)
Class org.gradle.tooling.internal.adapter.ProtocolToModelAdapter$DefaultViewBuilder   : loaded 3 times (x 82B)
Class kotlin.sequences.SequencesKt___SequencesJvmKt                                   : loaded 3 times (x 73B)
Class kotlin.Unit                                                                     : loaded 3 times (x 73B)
Class kotlin.jvm.internal.markers.KMutableIterable                                    : loaded 3 times (x 72B)
Class [Lcom.amazon.ion.impl.bin.AbstractIonWriter$WriteValueOptimization;             : loaded 3 times (x 71B)
Class kotlin.TuplesKt                                                                 : loaded 3 times (x 73B)
Class [Lcom.android.builder.model.v2.ide.ProjectType;                                 : loaded 3 times (x 71B)
Class kotlin.ranges.ClosedRange                                                       : loaded 3 times (x 72B)
Class com.android.builder.model.v2.ide.JavaArtifact                                   : loaded 3 times (x 72B)
Class com.amazon.ion.ReadOnlyValueException                                           : loaded 3 times (x 86B)
Class com.amazon.ion.system.IonWriterBuilderBase                                      : loaded 3 times (x 85B)
Class org.jetbrains.plugins.gradle.tooling.serialization.RepositoriesModelSerializationService$ReadContext: loaded 3 times (x 74B)
Class kotlin.collections.CollectionsKt___CollectionsJvmKt                             : loaded 3 times (x 73B)
Class io.opentelemetry.api.internal.AutoValue_ImmutableSpanContext                    : loaded 3 times (x 94B)
Class kotlin.jvm.internal.FunctionReferenceImpl                                       : loaded 3 times (x 128B)
Class com.amazon.ion.impl.bin.BlockAllocator                                          : loaded 3 times (x 82B)
Class com.amazon.ion.impl.IonWriterSystemTextMarkup                                   : loaded 3 times (x 193B)
Class com.google.common.collect.Multimap                                              : loaded 3 times (x 72B)
Class [Lcom.google.gson.Strictness;                                                   : loaded 3 times (x 71B)
Class [Lio.opentelemetry.context.ThreadLocalContextStorage;                           : loaded 3 times (x 71B)
Class com.amazon.ion.impl._Private_LocalSymbolTable                                   : loaded 3 times (x 72B)
Class com.amazon.ion.impl.bin.IonManagedBinaryWriter$UserState                        : loaded 3 times (x 87B)
Class com.amazon.ion.impl._Private_IonWriter                                          : loaded 3 times (x 72B)
Class com.amazon.ion.impl.bin._Private_IonManagedBinaryWriterBuilder                  : loaded 3 times (x 74B)
Class com.amazon.ion.BufferConfiguration$DataHandler                                  : loaded 3 times (x 72B)
Class kotlin.text.StringsKt__StringsJVMKt                                             : loaded 3 times (x 73B)
Class kotlin.collections.IntIterator                                                  : loaded 3 times (x 84B)
Class com.google.common.collect.NullnessCasts                                         : loaded 3 times (x 73B)
Class org.gradle.util.internal.DefaultGradleVersion                                   : loaded 3 times (x 84B)
Class com.intellij.gradle.toolingExtension.impl.model.projectModel.GradleExternalProjectSerializationService$WriteContext: loaded 3 times (x 75B)
Class org.jetbrains.plugins.gradle.model.GradleBuildScriptClasspathModel              : loaded 3 times (x 72B)
Class com.google.common.base.ExtraObjectsMethodsForWeb                                : loaded 3 times (x 73B)
Class kotlin.Result$Companion                                                         : loaded 3 times (x 73B)
Class [Lcom.amazon.ion.SymbolToken;                                                   : loaded 3 times (x 71B)
Class kotlin.coroutines.jvm.internal.BaseContinuationImpl                             : loaded 3 times (x 89B)
Class com.android.builder.model.v2.ide.SourceProvider                                 : loaded 3 times (x 72B)
Class kotlin.text.StringsKt__IndentKt                                                 : loaded 3 times (x 73B)
Class com.android.builder.model.v2.dsl.SigningConfig                                  : loaded 3 times (x 72B)
Class com.android.builder.model.v2.ide.BundleInfo                                     : loaded 3 times (x 72B)
Class com.amazon.ion.impl._Private_IonBinaryWriterBuilder                             : loaded 3 times (x 117B)
Class com.android.builder.model.v2.models.AndroidProject                              : loaded 3 times (x 72B)
Class com.android.builder.model.v2.AndroidModel                                       : loaded 3 times (x 72B)
Class kotlin.comparisons.ComparisonsKt___ComparisonsKt                                : loaded 3 times (x 73B)
Class kotlin.collections.SetsKt                                                       : loaded 3 times (x 73B)
Class kotlin.comparisons.ComparisonsKt                                                : loaded 3 times (x 73B)
Class kotlin.text.CharsKt__CharJVMKt                                                  : loaded 3 times (x 73B)
Class io.opentelemetry.api.trace.ImmutableTraceFlags                                  : loaded 3 times (x 79B)
Class com.android.ide.common.gradle.Part                                              : loaded 3 times (x 79B)
Class kotlin.sequences.FilteringSequence                                              : loaded 3 times (x 77B)
Class com.amazon.ion.IonStruct                                                        : loaded 3 times (x 72B)
Class com.amazon.ion.impl.bin.IonManagedBinaryWriter$SymbolState                      : loaded 3 times (x 82B)
Class io.opentelemetry.api.trace.SpanId                                               : loaded 3 times (x 73B)
Class kotlin.coroutines.Continuation                                                  : loaded 3 times (x 72B)
Class kotlin.sequences.SequencesKt__SequencesKt                                       : loaded 3 times (x 73B)
Class kotlin.collections.SetsKt___SetsKt                                              : loaded 3 times (x 73B)
Class kotlin.NotImplementedError                                                      : loaded 3 times (x 84B)
Class kotlin.reflect.KFunction                                                        : loaded 3 times (x 72B)
Class kotlin.collections.ArrayDeque                                                   : loaded 3 times (x 209B)
Class kotlin.ranges.RangesKt__RangesKt                                                : loaded 3 times (x 73B)
Class org.jetbrains.plugins.gradle.tooling.serialization.KotlinDslScriptsModelSerializationService: loaded 3 times (x 83B)
Class com.android.builder.model.v2.ide.BasicVariant                                   : loaded 3 times (x 72B)
Class org.jetbrains.plugins.gradle.model.ExternalProjectDependency                    : loaded 3 times (x 72B)
Class com.android.builder.model.v2.ide.AndroidGradlePluginProjectFlags                : loaded 3 times (x 72B)
Class [Lcom.android.builder.model.v2.ide.AndroidGradlePluginProjectFlags$BooleanFlag; : loaded 3 times (x 71B)
Class com.amazon.ion.system.IonSystemBuilder$Mutable                                  : loaded 3 times (x 77B)
Class com.amazon.ion.impl.bin.IonManagedBinaryWriter$SymbolResolverBuilder            : loaded 3 times (x 72B)
Class kotlin.comparisons.ComparisonsKt__ComparisonsKt                                 : loaded 3 times (x 73B)
Class com.amazon.ion.UnsupportedIonVersionException                                   : loaded 3 times (x 87B)
Class [Lcom.amazon.ion.impl.bin.IonRawBinaryWriter$StreamFlushMode;                   : loaded 3 times (x 71B)
Class kotlin.collections.MapsKt__MapsKt                                               : loaded 3 times (x 73B)
Class org.gradle.tooling.model.internal.ImmutableDomainObjectSet                      : loaded 3 times (x 157B)
Class org.jetbrains.plugins.gradle.tooling.serialization.ExternalTestsSerializationService$WriteContext: loaded 3 times (x 74B)
Class [Lio.opentelemetry.api.trace.TraceFlags;                                        : loaded 3 times (x 71B)
Class [Lio.opentelemetry.context.ContextStorage;                                      : loaded 3 times (x 71B)
Class com.intellij.platform.diagnostic.telemetry.rt.context.TelemetryContext          : loaded 3 times (x 135B)
Class org.jetbrains.kotlin.idea.gradleTooling.KotlinGradleModel                       : loaded 3 times (x 72B)
Class org.jetbrains.plugins.gradle.tooling.util.IntObjectMap$1                        : loaded 3 times (x 79B)
Class org.jetbrains.kotlin.tooling.core.Extras                                        : loaded 3 times (x 72B)
Class io.opentelemetry.context.ArrayBasedContext                                      : loaded 3 times (x 102B)
Class com.amazon.ion.impl.bin.IonManagedBinaryWriter$LocalSymbolTableView             : loaded 3 times (x 121B)
Class com.amazon.ion.impl.bin.IonRawBinaryWriter$ThrowingRunnable                     : loaded 3 times (x 72B)
Class com.intellij.gradle.toolingExtension.impl.model.taskModel.GradleTaskSerialisationService: loaded 3 times (x 78B)
Class kotlin.Triple                                                                   : loaded 3 times (x 74B)
Class kotlin.sequences.SequencesKt__SequenceBuilderKt$sequence$$inlined$Sequence$1    : loaded 3 times (x 77B)
Class com.android.builder.model.v2.ide.Variant                                        : loaded 3 times (x 72B)
Class org.jetbrains.plugins.gradle.tooling.serialization.internal.IdeaProjectSerializationService$ReadContext: loaded 3 times (x 74B)
Class com.android.ide.gradle.model.LegacyV1AgpVersionModel                            : loaded 3 times (x 72B)
Class kotlin.text.Regex                                                               : loaded 3 times (x 74B)
Class com.google.common.collect.ImmutableRangeSet$Builder                             : loaded 3 times (x 79B)
Class io.opentelemetry.context.ThreadLocalContextStorage                              : loaded 3 times (x 87B)
Class org.gradle.tooling.model.Model                                                  : loaded 3 times (x 72B)
Class kotlin.text.StringsKt__StringBuilderJVMKt                                       : loaded 3 times (x 73B)
Class com.google.common.collect.Lists$ReverseList$1                                   : loaded 3 times (x 101B)
Class com.amazon.ion.system.SimpleCatalog                                             : loaded 3 times (x 93B)
Class com.amazon.ion.BufferConfiguration                                              : loaded 3 times (x 74B)
Class kotlin.collections.AbstractCollection                                           : loaded 3 times (x 119B)
Class com.amazon.ion.UnknownSymbolException                                           : loaded 3 times (x 87B)
Class com.android.builder.model.v2.ide.SyncIssue                                      : loaded 3 times (x 72B)
Class kotlin.collections.AbstractList                                                 : loaded 3 times (x 199B)
Class org.gradle.tooling.model.Element                                                : loaded 3 times (x 72B)
Class com.android.ide.gradle.model.dependencies.DeclaredDependencies                  : loaded 3 times (x 72B)
Class kotlin.text.MatchResult$Destructured                                            : loaded 3 times (x 74B)
Class org.gradle.tooling.internal.adapter.ProtocolToModelAdapter$NoOpDecoration       : loaded 3 times (x 81B)
Class com.android.ide.gradle.model.composites.BuildMap                                : loaded 3 times (x 72B)
Class kotlin.Metadata                                                                 : loaded 3 times (x 72B)
Class kotlin.UninitializedPropertyAccessException                                     : loaded 3 times (x 84B)
Class org.gradle.tooling.internal.adapter.TypeInspector                               : loaded 3 times (x 75B)
Class io.opentelemetry.context.propagation.TextMapPropagator                          : loaded 3 times (x 72B)
Class org.jetbrains.plugins.gradle.model.GradleSourceSetDependencyModel               : loaded 3 times (x 72B)
Class kotlin.coroutines.jvm.internal.RestrictedSuspendLambda                          : loaded 3 times (x 93B)
Class com.android.builder.model.v2.ide.Library                                        : loaded 3 times (x 72B)
Class com.android.builder.model.v2.ide.ArtifactDependenciesAdjacencyList              : loaded 3 times (x 72B)
Class kotlin.sequences.SequencesKt__SequencesJVMKt                                    : loaded 3 times (x 73B)
Class com.google.common.collect.CompoundOrdering                                      : loaded 3 times (x 117B)
Class com.android.builder.model.v2.dsl.ProductFlavor                                  : loaded 3 times (x 72B)
Class com.android.builder.model.v2.models.Versions                                    : loaded 3 times (x 72B)
Class kotlin.io.FilePathComponents                                                    : loaded 3 times (x 74B)
Class [Lcom.android.builder.model.v2.ide.TestInfo$Execution;                          : loaded 3 times (x 71B)
Class io.opentelemetry.context.Context                                                : loaded 3 times (x 72B)
Class org.gradle.tooling.internal.adapter.ProtocolToModelAdapter$MethodInvocationCache: loaded 3 times (x 75B)
Class org.jetbrains.plugins.gradle.model.IntelliJProjectSettings                      : loaded 3 times (x 72B)
Class com.amazon.ion.IonString                                                        : loaded 3 times (x 72B)
Class org.gradle.tooling.model.BuildModel                                             : loaded 3 times (x 72B)
Class org.jetbrains.plugins.gradle.model.FileCollectionDependency                     : loaded 3 times (x 72B)
Class org.gradle.internal.time.Clock                                                  : loaded 3 times (x 72B)
Class io.opentelemetry.api.DefaultOpenTelemetry                                       : loaded 3 times (x 91B)
Class io.opentelemetry.api.trace.SpanBuilder                                          : loaded 3 times (x 72B)
Class com.intellij.gradle.toolingExtension.impl.model.utilDummyModel.DummyModel       : loaded 3 times (x 72B)
Class kotlin.collections.EmptyIterator                                                : loaded 3 times (x 91B)
Class kotlin.sequences.FlatteningSequence                                             : loaded 3 times (x 77B)
Class com.google.common.collect.SortedIterable                                        : loaded 3 times (x 72B)
Class com.android.builder.model.v2.models.ndk.NativeModule                            : loaded 3 times (x 72B)
Class com.intellij.util.containers.IntObjectHashMap                                   : loaded 3 times (x 74B)
Class org.jetbrains.plugins.gradle.model.ExternalDependency                           : loaded 3 times (x 72B)
Class kotlin.text.StringsKt__RegexExtensionsKt                                        : loaded 3 times (x 73B)
Class com.amazon.ion.impl.lite.IonTimestampLite                                       : loaded 3 times (x 195B)
Class com.amazon.ion.impl.LocalSymbolTableAsStruct                                    : loaded 3 times (x 134B)
Class com.intellij.gradle.toolingExtension.impl.model.buildScriptClasspathModel.GradleBuildScriptClasspathSerializationService: loaded 3 times (x 79B)
Class com.amazon.ion.impl.bin.IonManagedBinaryWriter$ImportedSymbolResolverMode       : loaded 3 times (x 82B)
Class com.amazon.ion.impl.LocalSymbolTable$Factory                                    : loaded 3 times (x 79B)
Class io.opentelemetry.context.ThreadLocalContextStorage$ScopeImpl                    : loaded 3 times (x 81B)
Class com.amazon.ion.IonFloat                                                         : loaded 3 times (x 72B)
Class com.amazon.ion.impl.bin.IonManagedBinaryWriter$SymbolState$1                    : loaded 3 times (x 82B)
Class com.amazon.ion.impl.LocalSymbolTableAsStruct$Factory                            : loaded 3 times (x 81B)
Class [Lcom.amazon.ion.IonType;                                                       : loaded 3 times (x 71B)
Class com.amazon.ion.impl.lite.IonListLite                                            : loaded 3 times (x 492B)
Class com.amazon.ion.impl.lite.IonSexpLite                                            : loaded 3 times (x 492B)
Class kotlin.text.MatcherMatchResult                                                  : loaded 3 times (x 82B)
Class com.android.ide.common.repository.AgpVersion$PreviewKind$Companion              : loaded 3 times (x 73B)
Class kotlin.jvm.internal.DefaultConstructorMarker                                    : loaded 3 times (x 73B)
Class com.intellij.gradle.toolingExtension.impl.model.sourceSetDependencyModel.GradleSourceSetDependencySerialisationService$SourceSetDependencyModelReadContext: loaded 3 times (x 74B)
Class com.intellij.gradle.toolingExtension.impl.model.dependencyModel.DependencyReadContext: loaded 3 times (x 74B)
Class org.gradle.internal.time.TimeSource$1                                           : loaded 3 times (x 79B)
Class org.gradle.tooling.internal.adapter.ObjectGraphAdapter                          : loaded 3 times (x 72B)
Class org.jetbrains.plugins.gradle.model.VersionCatalogsModel                         : loaded 3 times (x 72B)
Class io.opentelemetry.context.propagation.TextMapGetter                              : loaded 3 times (x 72B)
Class com.android.builder.model.v2.dsl.BaseConfig                                     : loaded 3 times (x 72B)
Class [Lcom.amazon.ion.impl.bin.IonRawBinaryWriter$PreallocationMode;                 : loaded 3 times (x 71B)
Class com.amazon.ion.util._Private_FastAppendable                                     : loaded 3 times (x 72B)
Class com.amazon.ion.impl.bin.IonManagedBinaryWriter$SymbolState$2                    : loaded 3 times (x 82B)
Class com.amazon.ion.IonNull                                                          : loaded 3 times (x 72B)
Class kotlin.text.MatchGroupCollection                                                : loaded 3 times (x 72B)
Class com.amazon.ion.impl._Private_IonReaderBuilder$TwoElementInputStream             : loaded 3 times (x 94B)
Class com.android.builder.model.v2.ide.Installation                                   : loaded 3 times (x 72B)
Class com.amazon.ion.impl.lite.IonIntLite                                             : loaded 3 times (x 191B)
Class com.google.common.collect.ImmutableSortedAsList                                 : loaded 3 times (x 223B)
Class kotlin.text.RegexKt                                                             : loaded 3 times (x 73B)
Class kotlin.coroutines.intrinsics.IntrinsicsKt__IntrinsicsKt                         : loaded 3 times (x 73B)
Class com.intellij.gradle.toolingExtension.impl.model.warmUp.GradleTaskWarmUpRequest  : loaded 3 times (x 72B)
Class org.jetbrains.plugins.gradle.model.ExternalSourceSet                            : loaded 3 times (x 72B)
Class org.jetbrains.plugins.gradle.model.ProjectImportModelProvider                   : loaded 3 times (x 72B)
Class org.jetbrains.kotlin.tooling.core.HasExtras                                     : loaded 3 times (x 72B)
Class com.intellij.gradle.toolingExtension.impl.model.sourceSetModel.GradleSourceSetSerialisationService: loaded 3 times (x 79B)
Class com.android.builder.model.v2.ide.ProjectType                                    : loaded 3 times (x 81B)
Class kotlin.io.FileSystemException                                                   : loaded 3 times (x 84B)
Class com.android.builder.model.v2.ide.ComponentInfo                                  : loaded 3 times (x 72B)
Class com.amazon.ion.impl.bin.IonRawBinaryWriter$ContainerInfo                        : loaded 3 times (x 76B)
Class com.amazon.ion.impl.bin.IonManagedBinaryWriter$SymbolState$3                    : loaded 3 times (x 82B)
Class com.amazon.ion.impl.bin.IonRawBinaryWriter$StreamFlushMode                      : loaded 3 times (x 81B)
Class com.amazon.ion.IonBinaryWriter                                                  : loaded 3 times (x 72B)
Class com.google.common.collect.Lists$RandomAccessReverseList                         : loaded 3 times (x 202B)
Class com.android.builder.model.v2.models.ModelBuilderParameter                       : loaded 3 times (x 72B)
Class org.gradle.tooling.model.ProjectIdentifier                                      : loaded 3 times (x 72B)
Class org.gradle.tooling.model.idea.IdeaCompilerOutput                                : loaded 3 times (x 72B)
Class kotlin.io.FilesKt__UtilsKt                                                      : loaded 3 times (x 73B)
Class com.google.common.collect.Lists$TransformingRandomAccessList                    : loaded 3 times (x 201B)
Class kotlin.text.MatchResult$DefaultImpls                                            : loaded 3 times (x 73B)
Class com.android.builder.model.v2.ide.ViewBindingOptions                             : loaded 3 times (x 72B)
Class kotlin.collections.CollectionsKt__CollectionsJVMKt                              : loaded 3 times (x 73B)
Class com.intellij.gradle.toolingExtension.impl.model.sourceSetArtifactIndex.GradleSourceSetArtifactBuildRequest: loaded 3 times (x 72B)
Class com.amazon.ion.impl.bin.IonManagedBinaryWriter$ImportedSymbolContext            : loaded 3 times (x 74B)
Class org.gradle.tooling.model.idea.BasicIdeaProject                                  : loaded 3 times (x 72B)
Class com.amazon.ion.IonSystem                                                        : loaded 3 times (x 72B)
Class org.gradle.internal.exceptions.ResolutionProvider                               : loaded 3 times (x 72B)
Class org.gradle.tooling.internal.adapter.ProtocolToModelAdapter$MixInMappingAction   : loaded 3 times (x 82B)
Class org.jetbrains.plugins.gradle.tooling.serialization.internal.adapter.Supplier    : loaded 3 times (x 72B)
Class com.amazon.ion.impl.bin.IonManagedBinaryWriter$SymbolState$4                    : loaded 3 times (x 82B)
Class [Lcom.amazon.ion.util.InputStreamInterceptor;                                   : loaded 3 times (x 71B)
Class kotlin.text.StringsKt__StringsKt                                                : loaded 3 times (x 73B)
Class com.android.builder.model.v2.ide.JavaCompileOptions                             : loaded 3 times (x 72B)
Class com.amazon.ion.IonList                                                          : loaded 3 times (x 72B)
Class kotlin.ranges.IntProgression                                                    : loaded 3 times (x 83B)
Class com.android.ide.gradle.model.LegacyAndroidGradlePluginProperties                : loaded 3 times (x 72B)
Class kotlin.enums.EnumEntries                                                        : loaded 3 times (x 72B)
Class kotlin.sequences.SequencesKt                                                    : loaded 3 times (x 73B)
Class kotlin.collections.CollectionsKt__IteratorsKt                                   : loaded 3 times (x 73B)
Class org.jetbrains.plugins.gradle.tooling.serialization.internal.IdeaProjectSerializationService$WriteContext$1: loaded 3 times (x 85B)
Class org.jetbrains.plugins.gradle.model.ExternalProject                              : loaded 3 times (x 72B)
Class org.gradle.tooling.internal.gradle.GradleBuildIdentity                          : loaded 3 times (x 72B)
Class org.jetbrains.plugins.gradle.tooling.serialization.SerializationService         : loaded 3 times (x 72B)
Class kotlin.jvm.KotlinReflectionNotSupportedError                                    : loaded 3 times (x 84B)
Class com.android.builder.model.v2.ide.TestInfo                                       : loaded 3 times (x 72B)
Class com.amazon.ion.impl.LocalSymbolTable                                            : loaded 3 times (x 129B)
Class com.amazon.ion.impl.lite.IonBlobLite                                            : loaded 3 times (x 222B)
Class com.amazon.ion.impl.bin.utf8.Pool                                               : loaded 3 times (x 76B)
Class org.gradle.tooling.model.kotlin.dsl.KotlinDslScriptsModel                       : loaded 3 times (x 72B)
Class org.gradle.internal.time.TimeSource                                             : loaded 3 times (x 72B)
Class gnu.trove.TObjectIntProcedure                                                   : loaded 3 times (x 72B)
Class org.jetbrains.plugins.gradle.tooling.serialization.internal.IdeaProjectSerializationService$WriteContext$8: loaded 3 times (x 85B)
Class [Lcom.android.builder.model.v2.ide.CodeShrinker;                                : loaded 3 times (x 71B)
Class kotlin.text.StringsKt                                                           : loaded 3 times (x 73B)
Class org.gradle.tooling.model.idea.IdeaDependencyScope                               : loaded 3 times (x 72B)
Class com.amazon.ion.impl.bin.IonManagedBinaryWriter$UserState$1                      : loaded 3 times (x 87B)
Class com.amazon.ion.impl.lite.IonFloatLite                                           : loaded 3 times (x 189B)
Class kotlin.ranges.IntRange                                                          : loaded 3 times (x 95B)
Class org.jetbrains.plugins.gradle.tooling.serialization.internal.IdeaProjectSerializationService$WriteContext$2: loaded 3 times (x 85B)
Class com.amazon.ion.impl.bin.IonManagedBinaryWriter                                  : loaded 3 times (x 167B)
Class com.amazon.ion.impl.bin.WriteBuffer                                             : loaded 3 times (x 80B)
Class [Lorg.gradle.api.JavaVersion;                                                   : loaded 3 times (x 71B)
Class org.jetbrains.plugins.gradle.model.RepositoryModels                             : loaded 3 times (x 72B)
Class com.google.gson.Strictness                                                      : loaded 3 times (x 81B)
Class org.jetbrains.plugins.gradle.tooling.serialization.internal.IdeaProjectSerializationService$WriteContext$7: loaded 3 times (x 85B)
Class kotlin.jvm.internal.CallableReference                                           : loaded 3 times (x 112B)
Class kotlin.collections.AbstractList$SubList                                         : loaded 3 times (x 200B)
Class com.amazon.ion.impl._Private_IonSymbol                                          : loaded 3 times (x 72B)
Class com.amazon.ion.impl.lite.IonValueLite                                           : loaded 3 times (x 150B)
Class com.amazon.ion.IonContainer                                                     : loaded 3 times (x 72B)
Class com.amazon.ion.impl.bin.PooledBlockAllocatorProvider                            : loaded 3 times (x 75B)
Class com.google.common.collect.RegularImmutableSortedSet                             : loaded 3 times (x 302B)
Class org.gradle.util.internal.DefaultGradleVersion$Stage                             : loaded 3 times (x 77B)
Class com.amazon.ion.impl.lite.ValueFactoryLite                                       : loaded 3 times (x 220B)
Class kotlin.coroutines.jvm.internal.RestrictedContinuationImpl                       : loaded 3 times (x 89B)
Class org.jetbrains.plugins.gradle.tooling.serialization.AnnotationProcessingModelSerializationService$ReadContext: loaded 3 times (x 74B)
Class org.jetbrains.plugins.gradle.tooling.serialization.internal.IdeaProjectSerializationService$WriteContext$3: loaded 3 times (x 85B)
Class gnu.trove.TObjectHash$NULL                                                      : loaded 3 times (x 73B)
Class [Lio.opentelemetry.context.Scope;                                               : loaded 3 times (x 71B)
Class org.gradle.tooling.model.GradleProject                                          : loaded 3 times (x 72B)
Class org.gradle.tooling.model.gradle.GradleScript                                    : loaded 3 times (x 72B)
Class org.jetbrains.plugins.gradle.tooling.util.IntObjectMap                          : loaded 3 times (x 75B)
Class org.jetbrains.plugins.gradle.tooling.serialization.internal.IdeaProjectSerializationService$WriteContext$6: loaded 3 times (x 85B)
Class com.android.builder.model.v2.ide.LibraryInfo                                    : loaded 3 times (x 72B)
Class org.jetbrains.plugins.gradle.tooling.serialization.RepositoriesModelSerializationService$WriteContext: loaded 3 times (x 74B)
Class com.amazon.ion.IonType                                                          : loaded 3 times (x 81B)
Class com.amazon.ion.impl.lite._Private_LiteDomTrampoline                             : loaded 3 times (x 73B)
Class [Lkotlin.Pair;                                                                  : loaded 3 times (x 71B)
Class kotlin.text.StringsKt__StringNumberConversionsKt                                : loaded 3 times (x 73B)
Class kotlin.io.FilesKt__FileReadWriteKt                                              : loaded 3 times (x 73B)
Class com.amazon.ion.impl.bin.IntList                                                 : loaded 3 times (x 79B)
Class io.opentelemetry.context.ContextStorage                                         : loaded 3 times (x 72B)
Class com.google.common.collect.UsingToStringOrdering                                 : loaded 3 times (x 116B)
Class kotlin.text.MatchNamedGroupCollection                                           : loaded 3 times (x 72B)
Class com.intellij.gradle.toolingExtension.impl.model.sourceSetDependencyModel.GradleSourceSetDependencySerialisationService$SourceSetDependencyModelWriteContext: loaded 3 times (x 74B)
Class kotlin.jvm.internal.markers.KMutableList                                        : loaded 3 times (x 72B)
Class org.jetbrains.plugins.gradle.tooling.serialization.internal.IdeaProjectSerializationService$WriteContext$4: loaded 3 times (x 85B)
Class com.intellij.gradle.toolingExtension.impl.model.sourceSetDependencyModel.GradleSourceSetDependencySerialisationService$Companion: loaded 3 times (x 73B)
Class org.jetbrains.plugins.gradle.tooling.serialization.internal.IdeaProjectSerializationService$WriteContext$5: loaded 3 times (x 85B)
Class com.intellij.gradle.toolingExtension.impl.telemetry.GradleOpenTelemetry         : loaded 3 times (x 74B)
Class org.gradle.internal.time.MonotonicClock                                         : loaded 3 times (x 79B)
Class org.jetbrains.kotlin.idea.gradleTooling.AndroidAwareGradleModelProvider         : loaded 3 times (x 81B)
Class com.intellij.gradle.toolingExtension.util.GradleVersionSpecificsUtil            : loaded 3 times (x 73B)
Class com.google.common.collect.ImmutableSortedSet                                    : loaded 3 times (x 302B)
Class com.google.common.collect.Lists$ReverseList                                     : loaded 3 times (x 202B)
Class com.amazon.ion.BufferConfiguration$Builder                                      : loaded 3 times (x 80B)
Class kotlin.sequences.SequencesKt___SequencesKt$sortedWith$1                         : loaded 3 times (x 77B)
Class com.android.builder.model.v2.models.TestSuiteSourceDependenciesAdjacencyList    : loaded 2 times (x 72B)
Class com.android.tools.idea.gradle.model.impl.IdeProjectPathImpl                     : loaded 2 times (x 79B)
Class org.gradle.internal.service.ServiceLookupException                              : loaded 2 times (x 84B)
Class com.android.tools.idea.gradle.project.sync.GradleModule                         : loaded 2 times (x 80B)
Class com.google.gson.internal.bind.TypeAdapters$4                                    : loaded 2 times (x 77B)
Class com.android.tools.idea.gradle.project.sync.BasicNonAndroidIncompleteGradleModule: loaded 2 times (x 75B)
Class com.google.gson.internal.bind.TypeAdapters$17                                   : loaded 2 times (x 77B)
Class org.gradle.tooling.internal.adapter.ProtocolToModelAdapter$MixInTypeMappingAction: loaded 2 times (x 83B)
Class com.android.tools.idea.gradle.model.impl.IdeCompositeBuildMapImpl               : loaded 2 times (x 78B)
Class [Lcom.android.tools.idea.gradle.project.upgrade.AndroidGradlePluginCompatibility;: loaded 2 times (x 71B)
Class com.intellij.gradle.toolingExtension.impl.model.projectModel.GradleExternalProjectModelProvider: loaded 2 times (x 81B)
Class com.google.gson.annotations.JsonAdapter                                         : loaded 2 times (x 72B)
Class [Lcom.google.common.cache.LocalCache$EntryFactory;                              : loaded 2 times (x 71B)
Class com.google.gson.internal.bind.SerializationDelegatingTypeAdapter                : loaded 2 times (x 76B)
Class com.google.gson.internal.bind.TypeAdapters$18                                   : loaded 2 times (x 77B)
Class com.google.gson.internal.bind.TypeAdapters$5                                    : loaded 2 times (x 77B)
Class org.gradle.internal.classloader.ClassLoaderFactory                              : loaded 2 times (x 72B)
Class com.android.tools.idea.gradle.project.sync.ModelCacheV2ImplKt$modelCacheV2Impl$1: loaded 2 times (x 82B)
Class com.android.tools.idea.gradle.project.sync.VariantDetailsKt                     : loaded 2 times (x 73B)
Class com.google.gson.internal.bind.TypeAdapters$3                                    : loaded 2 times (x 77B)
Class com.google.gson.internal.bind.TypeAdapters$16                                   : loaded 2 times (x 77B)
Class com.android.tools.idea.gradle.model.IdeJavaLibrary                              : loaded 2 times (x 72B)
Class com.android.tools.idea.gradle.model.ClasspathType                               : loaded 2 times (x 81B)
Class com.google.gson.internal.sql.SqlTypesSupport$2                                  : loaded 2 times (x 76B)
Class com.android.tools.idea.gradle.project.sync.AndroidVariantResolver               : loaded 2 times (x 72B)
Class com.android.tools.idea.gradle.model.impl.IdeDependenciesInfoImpl                : loaded 2 times (x 77B)
Class com.google.common.cache.CacheLoader$SupplierToCacheLoader                       : loaded 2 times (x 77B)
Class org.objectweb.asm.RecordComponentVisitor                                        : loaded 2 times (x 79B)
Class org.gradle.tooling.internal.consumer.converters.EclipseProjectHasAutoBuildMixin : loaded 2 times (x 74B)
Class org.gradle.tooling.UnknownModelException                                        : loaded 2 times (x 85B)
Class com.google.common.base.CommonPattern                                            : loaded 2 times (x 76B)
Class com.google.common.cache.LocalCache$LocalManualCache                             : loaded 2 times (x 101B)
Class com.google.gson.internal.bind.ReflectiveTypeAdapterFactory$FieldReflectionAdapter: loaded 2 times (x 79B)
Class com.google.gson.internal.bind.TypeAdapters$19                                   : loaded 2 times (x 77B)
Class com.google.common.collect.ImmutableMultiset                                     : loaded 2 times (x 165B)
Class org.gradle.internal.service.CachingServiceLocator                               : loaded 2 times (x 84B)
Class com.android.tools.idea.gradle.project.sync.AndroidSyncException                 : loaded 2 times (x 84B)
Class com.android.tools.idea.gradle.project.sync.DependencyGraphCompat$AdjacencyList  : loaded 2 times (x 74B)
Class com.android.tools.idea.gradle.model.IdeProjectPath                              : loaded 2 times (x 72B)
Class kotlin.jvm.internal.Intrinsics$Kotlin                                           : loaded 2 times (x 73B)
Class com.android.ide.common.gradle.Module                                            : loaded 2 times (x 74B)
Class com.google.gson.internal.bind.TypeAdapters$15                                   : loaded 2 times (x 77B)
Class com.google.gson.internal.bind.TypeAdapters$2                                    : loaded 2 times (x 77B)
Class org.gradle.tooling.model.idea.IdeaModule                                        : loaded 2 times (x 72B)
Class com.google.gson.internal.sql.SqlTypesSupport$1                                  : loaded 2 times (x 76B)
Class com.google.common.base.FunctionalEquivalence                                    : loaded 2 times (x 85B)
Class com.google.gson.annotations.SerializedName                                      : loaded 2 times (x 72B)
Class com.google.common.collect.AbstractMapBasedMultimap$KeySet                       : loaded 2 times (x 139B)
Class com.google.common.math.IntMath                                                  : loaded 2 times (x 73B)
Class com.google.gson.internal.bind.TypeAdapters$7                                    : loaded 2 times (x 77B)
Class com.google.common.util.concurrent.AbstractFuture                                : loaded 2 times (x 108B)
Class com.google.common.collect.AbstractMapBasedMultimap                              : loaded 2 times (x 140B)
Class org.gradle.tooling.internal.consumer.converters.BackwardsCompatibleIdeaModuleDependency: loaded 2 times (x 72B)
Class com.android.tools.idea.gradle.project.sync.ModelFetchersKt                      : loaded 2 times (x 73B)
Class com.google.common.collect.SortedLists$KeyAbsentBehavior                         : loaded 2 times (x 82B)
Class com.android.tools.idea.gradle.project.sync.ModelResult                          : loaded 2 times (x 74B)
Class com.android.tools.idea.gradle.model.IdeUnresolvedAndroidLibrary                 : loaded 2 times (x 72B)
Class com.intellij.openapi.util.io.FileTooBigException                                : loaded 2 times (x 84B)
Class com.android.tools.idea.gradle.project.sync.GradleProject                        : loaded 2 times (x 77B)
Class [Lcom.google.common.collect.HashBiMap$BiEntry;                                  : loaded 2 times (x 71B)
Class com.google.gson.internal.bind.CollectionTypeAdapterFactory$Adapter              : loaded 2 times (x 76B)
Class com.google.gson.internal.bind.TypeAdapters$8                                    : loaded 2 times (x 77B)
Class com.google.common.collect.ImmutableMapEntry                                     : loaded 2 times (x 87B)
Class com.google.common.base.Converter                                                : loaded 2 times (x 92B)
Class com.google.gson.internal.bind.TypeAdapters$14                                   : loaded 2 times (x 77B)
Class com.android.tools.idea.gradle.project.sync.IdeSyncExecutionReport               : loaded 2 times (x 73B)
Class com.android.tools.idea.gradle.project.sync.FetchedVariantResult$Finished        : loaded 2 times (x 74B)
Class com.android.tools.idea.gradle.model.IdePreResolvedModuleLibraryImpl             : loaded 2 times (x 83B)
Class com.android.tools.idea.gradle.model.IdeAndroidLibraryImpl                       : loaded 2 times (x 108B)
Class com.android.tools.idea.gradle.project.sync.ModelCacheV2ImplKt$WhenMappings      : loaded 2 times (x 73B)
Class com.google.gson.internal.bind.TypeAdapters$1                                    : loaded 2 times (x 77B)
Class com.google.gson.internal.bind.NumberTypeAdapter$1                               : loaded 2 times (x 78B)
Class org.gradle.tooling.model.idea.IdeaSourceDirectory                               : loaded 2 times (x 72B)
Class com.google.common.cache.ReferenceEntry                                          : loaded 2 times (x 72B)
Class com.google.common.util.concurrent.ListenableFuture                              : loaded 2 times (x 72B)
Class com.android.tools.idea.gradle.project.sync.BuildId                              : loaded 2 times (x 74B)
Class com.google.common.collect.ImmutableMultimap                                     : loaded 2 times (x 148B)
Class com.google.common.base.Equivalence                                              : loaded 2 times (x 84B)
Class com.google.gson.internal.bind.TypeAdapters$9                                    : loaded 2 times (x 77B)
Class com.google.common.collect.ImmutableMapEntry$NonTerminalImmutableMapEntry        : loaded 2 times (x 87B)
Class com.android.tools.idea.gradle.model.CodeShrinker                                : loaded 2 times (x 81B)
Class com.android.tools.idea.gradle.project.sync.AndroidProjectResult                 : loaded 2 times (x 78B)
Class com.android.tools.idea.gradle.project.sync.SyncVariantResultSuccess             : loaded 2 times (x 74B)
Class com.android.tools.idea.gradle.project.sync.FetchedVariant                       : loaded 2 times (x 74B)
Class com.android.tools.idea.gradle.model.impl.IdeSigningConfigImpl                   : loaded 2 times (x 80B)
Class com.android.tools.idea.gradle.model.IdeExtraSourceProvider                      : loaded 2 times (x 72B)
Class com.android.builder.model.v2.models.SourceType                                  : loaded 2 times (x 81B)
Class com.android.tools.idea.gradle.project.sync.SyncProjectActionWorker              : loaded 2 times (x 74B)
Class com.android.tools.idea.gradle.project.sync.NativeVariantAbiResult$V2            : loaded 2 times (x 74B)
Class org.jetbrains.plugins.gradle.model.ExternalFilter                               : loaded 2 times (x 72B)
Class org.jetbrains.plugins.gradle.tooling.util.GradleVersionComparator               : loaded 2 times (x 77B)
Class org.gradle.api.internal.classpath.DefaultModuleRegistry                         : loaded 2 times (x 86B)
Class com.google.gson.internal.bind.TypeAdapters$13                                   : loaded 2 times (x 77B)
Class com.android.tools.idea.gradle.project.sync.SingleVariantSyncActionOptions       : loaded 2 times (x 75B)
Class com.google.common.collect.IndexedImmutableSet$1                                 : loaded 2 times (x 215B)
Class com.google.common.cache.CacheBuilder$OneWeigher                                 : loaded 2 times (x 84B)
Class com.google.gson.JsonParseException                                              : loaded 2 times (x 84B)
Class org.gradle.tooling.internal.consumer.versioning.ModelMapping                    : loaded 2 times (x 75B)
Class org.gradle.tooling.internal.consumer.converters.BasicGradleProjectIdentifierMixin: loaded 2 times (x 75B)
Class com.android.tools.idea.gradle.model.IdeDependencyCore                           : loaded 2 times (x 72B)
Class com.android.builder.model.v2.models.BaseTestSuiteSourceIdentity                 : loaded 2 times (x 72B)
Class com.android.tools.idea.gradle.project.sync.AndroidModule                        : loaded 2 times (x 90B)
Class com.google.common.collect.SortedLists$KeyPresentBehavior                        : loaded 2 times (x 82B)
Class com.android.tools.idea.gradle.model.impl.IdeBuildTypeContainerImpl              : loaded 2 times (x 81B)
Class com.android.tools.idea.projectsystem.gradle.sync.Counter$time$1                 : loaded 2 times (x 80B)
Class org.jetbrains.plugins.gradle.model.MavenRepositoryModel                         : loaded 2 times (x 72B)
Class com.android.tools.idea.gradle.model.impl.ThrowingIdeDependencies                : loaded 2 times (x 80B)
Class org.jetbrains.kotlin.gradle.idea.tcs.IdeaKotlinDependency                       : loaded 2 times (x 72B)
Class org.gradle.internal.classloader.ClasspathUtil                                   : loaded 2 times (x 73B)
Class [Lcom.google.gson.ToNumberStrategy;                                             : loaded 2 times (x 71B)
Class com.android.tools.idea.gradle.model.IdeAndroidGradlePluginProjectFlags          : loaded 2 times (x 72B)
Class com.google.gson.internal.bind.TypeAdapters$12                                   : loaded 2 times (x 77B)
Class com.google.common.cache.LocalCache$LocalManualCache$1                           : loaded 2 times (x 77B)
Class com.android.tools.idea.gradle.project.sync.AgpCompatibilityKt$WhenMappings      : loaded 2 times (x 73B)
Class com.google.common.collect.ComparisonChain                                       : loaded 2 times (x 82B)
Class com.android.tools.idea.projectsystem.gradle.sync.Counter$time$2                 : loaded 2 times (x 80B)
Class com.google.common.collect.HashBiMap$Inverse                                     : loaded 2 times (x 144B)
Class org.gradle.tooling.internal.consumer.converters.GradleProjectIdentifierMixin    : loaded 2 times (x 75B)
Class com.intellij.util.ReflectionUtilRt                                              : loaded 2 times (x 73B)
Class com.google.common.collect.ImmutableMultimap$Values                              : loaded 2 times (x 128B)
Class org.jetbrains.kotlin.idea.gradleTooling.KotlinMPPGradleModel$Companion          : loaded 2 times (x 73B)
Class com.google.common.util.concurrent.Uninterruptibles                              : loaded 2 times (x 73B)
Class com.android.tools.idea.gradle.project.sync.LibraryIdentity$LibraryIdentityProvider$Companion: loaded 2 times (x 73B)
Class com.android.tools.idea.gradle.project.sync.FetchedVariantResult                 : loaded 2 times (x 73B)
Class [Lcom.google.gson.FieldNamingPolicy;                                            : loaded 2 times (x 71B)
Class com.google.gson.internal.bind.TypeAdapters$11                                   : loaded 2 times (x 77B)
Class kotlin.sequences.DistinctSequence                                               : loaded 2 times (x 77B)
Class com.android.tools.idea.gradle.project.sync.ModelFetchersKt$findVariantDependenciesV2Model$findModel$1: loaded 2 times (x 77B)
Class com.android.tools.idea.gradle.project.sync.FetchedVariantResult$InProgress      : loaded 2 times (x 73B)
Class com.google.common.util.concurrent.internal.InternalFutureFailureAccess          : loaded 2 times (x 74B)
Class [Lorg.gradle.tooling.internal.adapter.MethodInvoker;                            : loaded 2 times (x 71B)
Class com.google.common.collect.ImmutableSet$JdkBackedSetBuilderImpl                  : loaded 2 times (x 78B)
Class org.gradle.tooling.internal.adapter.ProtocolToModelAdapter$MixInBeanMappingAction: loaded 2 times (x 83B)
Class com.android.tools.idea.gradle.project.sync.AndroidExtraModelProviderKt          : loaded 2 times (x 73B)
Class com.android.tools.idea.gradle.project.sync.SyncActionOptions                    : loaded 2 times (x 74B)
Class com.google.common.util.concurrent.LazyLogger                                    : loaded 2 times (x 74B)
Class com.google.common.collect.Maps                                                  : loaded 2 times (x 73B)
Class org.gradle.api.specs.Spec                                                       : loaded 2 times (x 72B)
Class com.android.tools.idea.gradle.model.IdeProductFlavor                            : loaded 2 times (x 72B)
Class com.android.tools.idea.gradle.project.sync.AdditionalClassifierArtifactsModelCollectorKt: loaded 2 times (x 73B)
Class org.gradle.internal.installation.GradleInstallation$1                           : loaded 2 times (x 77B)
Class org.gradle.api.internal.classpath.ModuleRegistry                                : loaded 2 times (x 72B)
Class com.google.gson.internal.sql.SqlDateTypeAdapter                                 : loaded 2 times (x 76B)
Class [Lcom.google.common.collect.ImmutableEntry;                                     : loaded 2 times (x 71B)
Class com.google.common.collect.ImmutableBiMap                                        : loaded 2 times (x 145B)
Class com.google.gson.internal.bind.TypeAdapters$10                                   : loaded 2 times (x 77B)
Class com.android.tools.idea.gradle.model.IdeUnresolvedLibrary                        : loaded 2 times (x 72B)
Class com.android.tools.idea.gradle.project.sync.ModelCacheV2ImplKt$modelCacheV2Impl$variantCoreFrom$6: loaded 2 times (x 131B)
Class com.android.tools.idea.gradle.model.impl.BuildFolderPaths                       : loaded 2 times (x 74B)
Class com.google.gson.internal.bind.ReflectiveTypeAdapterFactory$Adapter              : loaded 2 times (x 79B)
Class com.intellij.gradle.toolingExtension.impl.modelAction.GradleModelHolderState    : loaded 2 times (x 79B)
Class com.google.common.cache.LocalCache$LoadingValueReference                        : loaded 2 times (x 98B)
Class com.google.common.cache.CacheLoader                                             : loaded 2 times (x 76B)
Class [Lorg.objectweb.asm.SymbolTable$Entry;                                          : loaded 2 times (x 71B)
Class com.google.common.collect.AbstractListMultimap                                  : loaded 2 times (x 173B)
Class com.android.tools.idea.gradle.project.sync.AndroidProjectResult$Companion$RuntimeClasspathBehaviour: loaded 2 times (x 73B)
Class com.intellij.gradle.toolingExtension.impl.modelSerialization.DefaultSerializationService: loaded 2 times (x 78B)
Class com.android.tools.idea.gradle.model.impl.IdeMultiVariantDataImpl                : loaded 2 times (x 79B)
Class com.android.tools.idea.gradle.model.IdeUnresolvedJavaLibrary                    : loaded 2 times (x 72B)
Class com.android.tools.idea.gradle.project.sync.NativeVariantAbiResult               : loaded 2 times (x 73B)
Class org.gradle.tooling.FetchModelResult                                             : loaded 2 times (x 72B)
Class com.android.tools.idea.gradle.project.sync.StandaloneDeliverableModel           : loaded 2 times (x 77B)
Class com.google.common.cache.LocalCache$Segment                                      : loaded 2 times (x 155B)
Class com.intellij.gradle.toolingExtension.impl.modelSerialization.ToolingSerializerConverter: loaded 2 times (x 75B)
Class com.google.common.base.Platform                                                 : loaded 2 times (x 73B)
Class com.google.gson.internal.bind.ReflectiveTypeAdapterFactory$RecordAdapter        : loaded 2 times (x 79B)
Class [Lcom.android.tools.idea.gradle.project.sync.SyncTestMode;                      : loaded 2 times (x 71B)
Class com.android.tools.idea.gradle.project.sync.ResolvedAndroidProjectPath           : loaded 2 times (x 72B)
Class com.android.tools.idea.gradle.model.IdeDependenciesCore                         : loaded 2 times (x 72B)
Class com.android.tools.idea.gradle.model.impl.IdeDependenciesImplKt                  : loaded 2 times (x 73B)
Class io.opentelemetry.context.ContextExecutorService                                 : loaded 2 times (x 106B)
Class [Lcom.android.tools.idea.gradle.project.sync.MeasurementCheckpoint;             : loaded 2 times (x 71B)
Class [Lcom.google.common.collect.SortedLists$KeyAbsentBehavior;                      : loaded 2 times (x 71B)
Class com.android.tools.idea.gradle.project.sync.AgpVersionIncompatible               : loaded 2 times (x 84B)
Class com.android.tools.idea.gradle.project.sync.DefaultVariantsKt                    : loaded 2 times (x 73B)
Class com.android.tools.idea.gradle.project.sync.ModelVersion                         : loaded 2 times (x 77B)
Class com.android.tools.idea.gradle.model.IdeJavaArtifactCore                         : loaded 2 times (x 72B)
Class com.google.common.collect.ImmutableMap$IteratorBasedImmutableMap                : loaded 2 times (x 128B)
Class com.google.gson.internal.sql.SqlDateTypeAdapter$1                               : loaded 2 times (x 77B)
Class com.google.common.cache.LocalCache$ComputingValueReference                      : loaded 2 times (x 98B)
Class com.intellij.gradle.toolingExtension.modelAction.GradleModelFetchPhase          : loaded 2 times (x 72B)
Class com.android.tools.idea.gradle.project.sync.AndroidExtraModelProviderWorker      : loaded 2 times (x 74B)
Class com.android.ide.common.repository.AgpVersion$PreviewKind$WhenMappings           : loaded 2 times (x 73B)
Class com.android.tools.idea.gradle.model.impl.IdeTestOptionsImpl                     : loaded 2 times (x 79B)
Class sync_studio_tooling1809_81ronegimqg3pmmuykzgjwgm4                               : loaded 2 times (x 173B)
Class com.intellij.gradle.toolingExtension.modelAction.GradleProjectLoadedModelFetchPhase: loaded 2 times (x 83B)
Class com.google.gson.internal.reflect.ReflectionHelper$RecordNotSupportedHelper      : loaded 2 times (x 80B)
Class [Lorg.objectweb.asm.AnnotationWriter;                                           : loaded 2 times (x 71B)
Class com.google.gson.JsonIOException                                                 : loaded 2 times (x 84B)
Class com.google.common.collect.Maps$8                                                : loaded 2 times (x 84B)
Class com.google.gson.internal.sql.SqlTimestampTypeAdapter                            : loaded 2 times (x 78B)
Class com.google.gson.internal.bind.ReflectiveTypeAdapterFactory                      : loaded 2 times (x 77B)
Class com.intellij.openapi.util.io.FileUtilRt$SymlinkResolver                         : loaded 2 times (x 72B)
Class com.android.tools.idea.gradle.model.IdeJavaLibraryImpl                          : loaded 2 times (x 94B)
Class com.android.tools.idea.gradle.model.IdeJavaCompileOptions                       : loaded 2 times (x 72B)
Class com.android.tools.idea.gradle.project.sync.ModelCacheV2ImplKt$modelCacheV2Impl$variantCoreFrom$9: loaded 2 times (x 131B)
Class com.google.common.base.Suppliers$SupplierOfInstance                             : loaded 2 times (x 81B)
Class com.android.tools.idea.gradle.model.IdeArtifactName$Companion                   : loaded 2 times (x 73B)
Class org.objectweb.asm.Edge                                                          : loaded 2 times (x 74B)
Class org.gradle.tooling.model.eclipse.EclipseClasspathEntry                          : loaded 2 times (x 72B)
Class org.gradle.internal.impldep.com.google.common.base.Optional                     : loaded 2 times (x 82B)
Class com.android.tools.idea.gradle.project.sync.ActionToRun                          : loaded 2 times (x 74B)
Class com.android.tools.idea.gradle.model.IdeSourceProviderKt                         : loaded 2 times (x 73B)
Class com.android.tools.idea.gradle.model.impl.IdeAndroidGradlePluginProjectFlagsImpl : loaded 2 times (x 89B)
Class [Lcom.intellij.openapi.diagnostic.LogLevel;                                     : loaded 2 times (x 71B)
Class org.gradle.api.internal.classpath.DefaultModuleRegistry$DefaultModuleAlias      : loaded 2 times (x 82B)
Class com.google.gson.internal.JsonReaderInternalAccess                               : loaded 2 times (x 74B)
Class com.google.common.collect.Sets$SetView                                          : loaded 2 times (x 141B)
Class com.google.common.cache.LocalCache$StrongValueReference                         : loaded 2 times (x 92B)
Class org.jetbrains.plugins.gradle.tooling.serialization.internal.IdeaProjectSerializationService$1: loaded 2 times (x 78B)
Class org.jetbrains.plugins.gradle.model.GradleConvention                             : loaded 2 times (x 72B)
Class com.android.tools.idea.gradle.project.sync.LibraryIdentity$LibraryIdentityProvider: loaded 2 times (x 74B)
Class org.gradle.tooling.model.SourceDirectory                                        : loaded 2 times (x 72B)
Class com.intellij.openapi.util.io.FileUtilRt                                         : loaded 2 times (x 73B)
Class org.objectweb.asm.SymbolTable$Entry                                             : loaded 2 times (x 75B)
Class org.jetbrains.plugins.gradle.tooling.serialization.internal.adapter.kotlin.dsl.InternalKotlinDslScriptModel: loaded 2 times (x 86B)
Class org.gradle.internal.impldep.com.google.common.base.Preconditions                : loaded 2 times (x 73B)
Class org.gradle.tooling.model.idea.IdeaSingleEntryLibraryDependency                  : loaded 2 times (x 72B)
Class org.gradle.tooling.model.ExternalDependency                                     : loaded 2 times (x 72B)
Class com.android.tools.idea.gradle.project.sync.ModelConsumerVersion                 : loaded 2 times (x 77B)
Class [Lcom.google.gson.stream.JsonToken;                                             : loaded 2 times (x 71B)
Class org.objectweb.asm.Type                                                          : loaded 2 times (x 74B)
Class com.google.gson.LongSerializationPolicy$1                                       : loaded 2 times (x 82B)
Class org.gradle.internal.classloader.VisitableURLClassLoader$InstrumentingVisitableURLClassLoader: loaded 2 times (x 124B)
Class org.jetbrains.plugins.gradle.tooling.serialization.internal.IdeaProjectSerializationService$2: loaded 2 times (x 79B)
Class com.android.builder.model.v2.ide.TestSuiteVariantTarget                         : loaded 2 times (x 72B)
Class com.android.tools.idea.gradle.model.IdeTestOptions$Execution                    : loaded 2 times (x 81B)
Class com.android.tools.idea.gradle.project.sync.AllVariantsSyncActionOptions         : loaded 2 times (x 75B)
Class com.android.tools.idea.gradle.model.impl.IdeProductFlavorImpl                   : loaded 2 times (x 103B)
Class com.android.builder.model.v2.ide.UnresolvedDependency                           : loaded 2 times (x 72B)
Class com.google.common.base.JdkPattern                                               : loaded 2 times (x 77B)
Class com.android.tools.idea.gradle.project.sync.SwitchVariantRequest                 : loaded 2 times (x 74B)
Class org.gradle.tooling.internal.consumer.connection.StreamingAwareBuildControllerAdapter: loaded 2 times (x 114B)
Class com.android.tools.idea.projectsystem.gradle.sync.PerformanceMeasurementUtilKt   : loaded 2 times (x 73B)
Class com.android.tools.idea.gradle.project.sync.AgpVersionTooNew                     : loaded 2 times (x 84B)
Class com.android.tools.idea.gradle.model.impl.IdeDependenciesCoreDirect              : loaded 2 times (x 81B)
Class org.gradle.internal.classpath.ClassPath                                         : loaded 2 times (x 72B)
Class Settings_gradle$1                                                               : loaded 2 times (x 76B)
Class com.intellij.gradle.toolingExtension.impl.model.taskModel.GradleTaskModelProvider: loaded 2 times (x 80B)
Class com.google.common.math.IntMath$1                                                : loaded 2 times (x 73B)
Class org.objectweb.asm.ByteVector                                                    : loaded 2 times (x 81B)
Class [Lcom.google.common.cache.CacheBuilder$NullListener;                            : loaded 2 times (x 71B)
Class com.google.gson.LongSerializationPolicy$2                                       : loaded 2 times (x 82B)
Class org.gradle.internal.classloader.VisitableURLClassLoader$Spec                    : loaded 2 times (x 76B)
Class org.gradle.internal.classpath.DefaultClassPath                                  : loaded 2 times (x 92B)
Class org.jetbrains.plugins.gradle.tooling.serialization.internal.IdeaProjectSerializationService$3: loaded 2 times (x 79B)
Class com.google.gson.internal.bind.JsonTreeWriter                                    : loaded 2 times (x 100B)
Class com.google.gson.internal.bind.ArrayTypeAdapter$1                                : loaded 2 times (x 77B)
Class com.android.tools.idea.gradle.model.IdeAndroidLibrary                           : loaded 2 times (x 72B)
Class com.google.common.cache.CacheBuilder                                            : loaded 2 times (x 74B)
Class [Lcom.android.tools.idea.gradle.project.sync.AndroidModule$NativeModelVersion;  : loaded 2 times (x 71B)
Class com.android.tools.idea.gradle.model.impl.IdeAndroidProjectImpl$Companion        : loaded 2 times (x 73B)
Class com.android.tools.idea.gradle.model.impl.IdeAaptOptionsImpl                     : loaded 2 times (x 77B)
Class org.gradle.tooling.internal.consumer.versioning.ModelMapping$DefaultModelIdentifier: loaded 2 times (x 78B)
Class com.intellij.openapi.util.io.FileUtilRt$RepeatableIOOperation                   : loaded 2 times (x 72B)
Class com.android.tools.idea.gradle.project.sync.BasicIncompleteGradleModule          : loaded 2 times (x 75B)
Class com.android.builder.model.v2.models.HostJarTestSuiteSource                      : loaded 2 times (x 72B)
Class [Lcom.android.tools.idea.gradle.model.impl.IdeModuleWellKnownSourceSet;         : loaded 2 times (x 71B)
Class com.android.tools.idea.gradle.project.sync.ModelCacheV1ImplKt                   : loaded 2 times (x 73B)
Class com.android.tools.idea.gradle.model.ndk.v2.IdeNativeModule                      : loaded 2 times (x 72B)
Class org.gradle.tooling.model.cpp.CppComponent                                       : loaded 2 times (x 72B)
Class org.gradle.tooling.model.Launchable                                             : loaded 2 times (x 72B)
Class org.gradle.tooling.internal.consumer.versioning.VersionDetails$R26VersionDetails: loaded 2 times (x 82B)
Class org.objectweb.asm.Symbol                                                        : loaded 2 times (x 75B)
Class com.android.tools.idea.gradle.model.impl.IdeBasicVariantImpl                    : loaded 2 times (x 81B)
Class com.android.tools.idea.gradle.model.impl.IdeVariantCoreSerializable             : loaded 2 times (x 72B)
Class com.android.builder.model.v2.models.ndk.NativeBuildSystem                       : loaded 2 times (x 81B)
Class sync_studio_tooling1031_ett9lsr3qlcwv45kjb65c5n23$_run_closure1                 : loaded 2 times (x 140B)
Class com.android.tools.idea.gradle.model.IdeCompositeBuildMap                        : loaded 2 times (x 72B)
Class org.gradle.tooling.model.cpp.CppBinary                                          : loaded 2 times (x 72B)
Class org.gradle.api.internal.ClassPathRegistry                                       : loaded 2 times (x 72B)
Class org.gradle.internal.classpath.DefaultClassPath$ImmutableUniqueList              : loaded 2 times (x 201B)
Class com.google.gson.reflect.TypeToken                                               : loaded 2 times (x 77B)
Class com.google.common.collect.RegularImmutableMap$Values                            : loaded 2 times (x 209B)
Class org.gradle.internal.classloader.ClassLoaderSpec                                 : loaded 2 times (x 73B)
Class com.google.common.primitives.IntsMethodsForWeb                                  : loaded 2 times (x 73B)
Class com.google.common.collect.ImmutableMultimap$Keys                                : loaded 2 times (x 168B)
Class com.android.tools.idea.gradle.model.LibraryReference                            : loaded 2 times (x 74B)
Class com.android.tools.idea.gradle.model.IdeAaptOptions                              : loaded 2 times (x 72B)
Class com.android.builder.model.v2.ide.TestSuite                                      : loaded 2 times (x 72B)
Class com.google.common.collect.SortedLists$KeyAbsentBehavior$1                       : loaded 2 times (x 82B)
Class org.gradle.tooling.internal.consumer.connection.UnparameterizedBuildController  : loaded 2 times (x 114B)
Class com.intellij.gradle.toolingExtension.impl.modelSerialization.SerializationServiceNotFoundException: loaded 2 times (x 84B)
Class org.jetbrains.kotlin.idea.gradleTooling.IdeaKpmProjectProvider                  : loaded 2 times (x 80B)
Class org.objectweb.asm.AnnotationWriter                                              : loaded 2 times (x 80B)
Class com.google.common.cache.CacheStats                                              : loaded 2 times (x 73B)
Class com.google.gson.internal.sql.SqlTimestampTypeAdapter$1                          : loaded 2 times (x 77B)
Class com.google.gson.JsonPrimitive                                                   : loaded 2 times (x 95B)
Class org.jetbrains.plugins.gradle.tooling.serialization.internal.IdeaProjectSerializationService$6: loaded 2 times (x 78B)
Class com.android.tools.idea.projectsystem.gradle.sync.Counter                        : loaded 2 times (x 74B)
Class com.android.builder.model.ProjectSyncIssues                                     : loaded 2 times (x 72B)
Class [Lcom.android.tools.idea.gradle.model.ClasspathType;                            : loaded 2 times (x 71B)
Class [Lcom.android.builder.model.v2.models.ndk.NativeBuildSystem;                    : loaded 2 times (x 71B)
Class com.android.tools.idea.gradle.project.sync.ArtifactDependenciesCompat$AdjacencyList: loaded 2 times (x 74B)
Class [Lcom.android.tools.idea.gradle.model.IdeArtifactName;                          : loaded 2 times (x 71B)
Class com.google.common.collect.SortedLists$KeyAbsentBehavior$2                       : loaded 2 times (x 82B)
Class com.google.common.collect.Cut$AboveAll                                          : loaded 2 times (x 90B)
Class com.android.tools.idea.gradle.project.sync.ModelCacheV2ImplKt$modelCacheV2Impl$createFromDependencies$1$LibrariesByType: loaded 2 times (x 74B)
Class org.jetbrains.plugins.gradle.tooling.serialization.internal.IdeaProjectSerializationService$JavaHomePathGetter: loaded 2 times (x 77B)
Class org.gradle.api.internal.DefaultClassPathRegistry                                : loaded 2 times (x 78B)
Class com.google.gson.ToNumberPolicy                                                  : loaded 2 times (x 85B)
Class com.android.tools.idea.gradle.project.sync.SyncCounters                         : loaded 2 times (x 74B)
Class org.jetbrains.plugins.gradle.model.DefaultBuildController                       : loaded 2 times (x 108B)
Class [Lcom.google.gson.ToNumberPolicy;                                               : loaded 2 times (x 71B)
Class com.google.common.cache.RemovalListener                                         : loaded 2 times (x 72B)
Class org.gradle.tooling.internal.consumer.connection.FetchAwareBuildControllerAdapter: loaded 2 times (x 114B)
Class com.intellij.gradle.toolingExtension.modelProvider.GradleClassBuildModelProvider: loaded 2 times (x 82B)
Class com.google.common.collect.ImmutableMultisetGwtSerializationDependencies         : loaded 2 times (x 127B)
Class [Lcom.google.gson.ReflectionAccessFilter$FilterResult;                          : loaded 2 times (x 71B)
Class org.objectweb.asm.RecordComponentWriter                                         : loaded 2 times (x 79B)
Class com.google.common.util.concurrent.AbstractFuture$Listener                       : loaded 2 times (x 74B)
Class com.google.gson.JsonElement                                                     : loaded 2 times (x 94B)
Class Settings_gradle$1$1                                                             : loaded 2 times (x 76B)
Class org.gradle.api.internal.classpath.Module$ModuleAlias                            : loaded 2 times (x 72B)
Class org.jetbrains.plugins.gradle.tooling.serialization.internal.IdeaProjectSerializationService$7: loaded 2 times (x 78B)
Class com.android.tools.idea.gradle.project.sync.DeliverableJavaModule                : loaded 2 times (x 78B)
Class com.intellij.openapi.util.io.FileUtil                                           : loaded 2 times (x 73B)
Class com.android.tools.idea.gradle.project.sync.SyncActionRunnerKt                   : loaded 2 times (x 73B)
Class com.android.builder.model.Variant                                               : loaded 2 times (x 72B)
Class com.android.builder.model.v2.ide.TestSuiteArtifact                              : loaded 2 times (x 72B)
Class com.google.common.collect.SortedLists$KeyAbsentBehavior$3                       : loaded 2 times (x 82B)
Class com.android.tools.idea.gradle.project.sync.ModelCacheKt                         : loaded 2 times (x 73B)
Class com.intellij.gradle.toolingExtension.impl.modelAction.GradleDaemonModelHolder$1 : loaded 2 times (x 80B)
Class com.google.common.collect.ImmutableMap$Builder                                  : loaded 2 times (x 84B)
Class com.google.common.util.concurrent.AbstractFuture$Cancellation                   : loaded 2 times (x 74B)
Class org.gradle.tooling.internal.adapter.ProtocolToModelAdapter$BeanMixInMethodInvoker: loaded 2 times (x 78B)
Class com.intellij.gradle.toolingExtension.impl.modelAction.GradleModelId             : loaded 2 times (x 74B)
Class com.android.tools.idea.gradle.project.sync.AndroidExtraModelProviderImpl        : loaded 2 times (x 74B)
Class org.objectweb.asm.Attribute                                                     : loaded 2 times (x 79B)
Class com.google.common.base.Supplier                                                 : loaded 2 times (x 72B)
Class com.google.gson.internal.bind.CollectionTypeAdapterFactory                      : loaded 2 times (x 77B)
Class org.gradle.internal.classloader.VisitableURLClassLoader                         : loaded 2 times (x 118B)
Class org.jetbrains.plugins.gradle.tooling.serialization.internal.IdeaProjectSerializationService$8: loaded 2 times (x 78B)
Class com.android.builder.model.v2.ide.JUnitEngineInfo                                : loaded 2 times (x 72B)
Class com.android.tools.idea.gradle.project.sync.AndroidModule$V2                     : loaded 2 times (x 90B)
Class com.google.gson.stream.JsonReader$1                                             : loaded 2 times (x 74B)
Class com.intellij.openapi.util.io.FileUtil$1                                         : loaded 2 times (x 79B)
Class com.google.common.cache.Cache                                                   : loaded 2 times (x 72B)
Class com.google.common.cache.LocalCache$Strength                                     : loaded 2 times (x 83B)
Class com.google.common.base.Stopwatch                                                : loaded 2 times (x 74B)
Class org.jetbrains.plugins.gradle.model.GradleLightBuild                             : loaded 2 times (x 72B)
Class org.jetbrains.plugins.gradle.model.DefaultGradleLightProject                    : loaded 2 times (x 86B)
Class com.intellij.gradle.toolingExtension.impl.modelSerialization.ToolingSerializer  : loaded 2 times (x 74B)
Class com.android.tools.idea.gradle.project.sync.AndroidModule$V1                     : loaded 2 times (x 90B)
Class com.intellij.openapi.util.SystemInfoRt                                          : loaded 2 times (x 73B)
Class com.intellij.openapi.diagnostic.Logger                                          : loaded 2 times (x 101B)
Class kotlin.sequences.DistinctIterator                                               : loaded 2 times (x 85B)
Class Settings_gradle                                                                 : loaded 2 times (x 126B)
Class com.android.tools.idea.gradle.project.sync.DeliverableAndroidModule             : loaded 2 times (x 78B)
Class org.jetbrains.kotlin.gradle.idea.kpm.IdeaKpmProjectContainer                    : loaded 2 times (x 72B)
Class com.android.tools.idea.gradle.project.sync.IndexedModels                        : loaded 2 times (x 74B)
Class org.gradle.api.internal.classpath.UnknownModuleException                        : loaded 2 times (x 84B)
Class com.intellij.openapi.util.io.FileUtil$2                                         : loaded 2 times (x 84B)
Class com.android.tools.idea.gradle.model.IdeUnresolvedUnknownLibrary                 : loaded 2 times (x 72B)
Class com.google.common.cache.Weigher                                                 : loaded 2 times (x 72B)
Class com.android.tools.idea.gradle.model.IdeAndroidProject                           : loaded 2 times (x 72B)
Class com.android.tools.idea.gradle.project.sync.AndroidExtraModelProvider            : loaded 2 times (x 81B)
Class org.gradle.tooling.internal.consumer.versioning.VersionDetails$R48VersionDetails: loaded 2 times (x 82B)
Class com.android.tools.idea.gradle.project.sync.BuildModelsAndMap                    : loaded 2 times (x 74B)
Class com.android.builder.model.v2.models.BasicTestSuite                              : loaded 2 times (x 72B)
Class com.google.common.collect.HashBiMap                                             : loaded 2 times (x 144B)
Class com.google.common.base.Strings                                                  : loaded 2 times (x 73B)
Class com.google.common.collect.Sets                                                  : loaded 2 times (x 73B)
Class org.objectweb.asm.Handler                                                       : loaded 2 times (x 74B)
Class com.google.common.base.Ticker                                                   : loaded 2 times (x 74B)
Class com.google.gson.internal.bind.TreeTypeAdapter                                   : loaded 2 times (x 77B)
Class com.google.gson.internal.sql.SqlTimeTypeAdapter                                 : loaded 2 times (x 76B)
Class [Lcom.android.tools.idea.gradle.model.IdeAaptOptions$Namespacing;               : loaded 2 times (x 71B)
Class com.android.tools.idea.gradle.model.impl.IdeDependencyCoreImpl                  : loaded 2 times (x 78B)
Class com.intellij.openapi.util.Comparing                                             : loaded 2 times (x 73B)
Class com.intellij.util.containers.UtilKt                                             : loaded 2 times (x 73B)
Class com.android.tools.idea.gradle.model.impl.IdeSourceProviderContainerImpl         : loaded 2 times (x 78B)
Class com.android.tools.idea.gradle.model.impl.IdeCustomSourceDirectoryImpl           : loaded 2 times (x 78B)
Class com.android.tools.idea.gradle.project.sync.BasicModulesKt                       : loaded 2 times (x 73B)
Class com.android.tools.idea.gradle.project.upgrade.AndroidGradlePluginCompatibility  : loaded 2 times (x 81B)
Class com.google.common.collect.Cut$AboveValue                                        : loaded 2 times (x 90B)
Class org.gradle.api.internal.classpath.Module                                        : loaded 2 times (x 72B)
Class com.android.tools.idea.gradle.project.sync.ModelVersions                        : loaded 2 times (x 74B)
Class com.google.common.collect.ImmutableMapEntrySet                                  : loaded 2 times (x 154B)
Class com.google.gson.internal.ObjectConstructor                                      : loaded 2 times (x 72B)
Class org.gradle.tooling.model.java.InstalledJdk                                      : loaded 2 times (x 72B)
Class com.intellij.openapi.diagnostic.Logger$Factory                                  : loaded 2 times (x 72B)
Class com.google.common.collect.ArrayListMultimapGwtSerializationDependencies         : loaded 2 times (x 173B)
Class com.android.tools.idea.gradle.project.sync.SyncProjectActionOptions             : loaded 2 times (x 75B)
Class org.gradle.tooling.BuildController                                              : loaded 2 times (x 72B)
Class [Lcom.google.common.cache.LocalCache$Segment;                                   : loaded 2 times (x 71B)
Class [Lcom.google.common.cache.LocalCache$Strength;                                  : loaded 2 times (x 71B)
Class com.google.common.cache.CacheBuilder$1                                          : loaded 2 times (x 87B)
Class com.google.gson.internal.bind.TypeAdapters$20                                   : loaded 2 times (x 77B)
Class com.google.common.collect.ImmutableMap                                          : loaded 2 times (x 122B)
Class org.gradle.internal.classpath.DefaultClassPath$ImmutableUniqueList$Builder      : loaded 2 times (x 77B)
Class com.google.common.collect.Multiset                                              : loaded 2 times (x 72B)
Class com.google.common.math.MathPreconditions                                        : loaded 2 times (x 73B)
Class com.google.common.collect.ObjectArrays                                          : loaded 2 times (x 73B)
Class org.jetbrains.kotlin.idea.projectModel.KotlinTarget                             : loaded 2 times (x 72B)
Class com.android.tools.idea.gradle.project.sync.ModelCacheV2ImplKt$modelCacheV2Impl$createFromDependencies$1$LibraryWithDependencies: loaded 2 times (x 74B)
Class com.android.tools.idea.gradle.model.impl.IdeViewBindingOptionsImpl              : loaded 2 times (x 76B)
Class com.android.tools.idea.gradle.model.ResolverType                                : loaded 2 times (x 81B)
Class com.google.common.primitives.Ints                                               : loaded 2 times (x 73B)
Class org.gradle.tooling.internal.consumer.connection.InternalPhasedActionAdapter     : loaded 2 times (x 80B)
Class com.intellij.gradle.toolingExtension.impl.util.GradleTreeTraverserUtil          : loaded 2 times (x 73B)
Class com.android.tools.idea.gradle.model.impl.FileImplKt                             : loaded 2 times (x 73B)
Class com.google.gson.stream.JsonToken                                                : loaded 2 times (x 81B)
Class com.google.common.cache.LocalCache                                              : loaded 2 times (x 188B)
Class com.google.common.cache.CacheBuilder$2                                          : loaded 2 times (x 81B)
Class com.google.gson.internal.bind.TypeAdapters$21                                   : loaded 2 times (x 77B)
Class com.google.gson.FieldNamingPolicy$1                                             : loaded 2 times (x 85B)
Class com.android.tools.idea.gradle.model.IdeCustomSourceDirectory                    : loaded 2 times (x 72B)
Class com.android.tools.idea.gradle.project.sync.VariantSelectionKt                   : loaded 2 times (x 73B)
Class org.gradle.api.internal.classpath.DefaultModuleRegistry$DefaultModule           : loaded 2 times (x 84B)
Class com.android.tools.idea.gradle.project.sync.AndroidProjectResult$V2Project       : loaded 2 times (x 79B)
Class com.google.common.collect.BiMap                                                 : loaded 2 times (x 72B)
Class com.android.tools.idea.gradle.project.sync.LibraryIdentity$LibraryIdentityProvider$special$$inlined$thenBy$1: loaded 2 times (x 92B)
Class com.google.common.collect.ImmutableMap$1                                        : loaded 2 times (x 83B)
Class com.google.common.collect.IndexedImmutableSet                                   : loaded 2 times (x 154B)
Class com.google.gson.TypeAdapter                                                     : loaded 2 times (x 75B)
Class com.google.gson.ToNumberStrategy                                                : loaded 2 times (x 72B)
Class org.objectweb.asm.FieldVisitor                                                  : loaded 2 times (x 79B)
Class com.android.tools.idea.gradle.project.sync.ModuleId                             : loaded 2 times (x 74B)
Class com.android.tools.idea.gradle.model.IdeBuildType                                : loaded 2 times (x 72B)
Class com.android.tools.idea.gradle.project.sync.ArtifactRef                          : loaded 2 times (x 73B)
Class com.android.tools.idea.gradle.project.sync.VariantSelectionChange               : loaded 2 times (x 74B)
Class com.google.common.collect.ArrayListMultimap                                     : loaded 2 times (x 173B)
Class com.google.common.cache.CacheBuilder$3                                          : loaded 2 times (x 74B)
Class com.google.gson.internal.bind.TypeAdapters$22                                   : loaded 2 times (x 77B)
Class com.google.gson.FieldNamingPolicy$2                                             : loaded 2 times (x 85B)
Class com.google.gson.internal.Excluder$1                                             : loaded 2 times (x 76B)
Class [Lcom.google.common.collect.AbstractMapEntry;                                   : loaded 2 times (x 71B)
Class com.google.common.collect.ImmutableEntry                                        : loaded 2 times (x 84B)
Class com.android.tools.idea.gradle.project.sync.InternedModels$nameLibraries$IdeModelAndReferenceAndIdentity: loaded 2 times (x 77B)
Class com.android.tools.idea.gradle.project.sync.GradleModulesKt                      : loaded 2 times (x 73B)
Class com.android.ide.common.gradle.NonNumeric                                        : loaded 2 times (x 79B)
Class org.jetbrains.plugins.gradle.tooling.serialization.internal.IdeaProjectSerializationService$WriteContext$FilePathComparator: loaded 2 times (x 93B)
Class com.google.gson.internal.bind.ReflectiveTypeAdapterFactory$2                    : loaded 2 times (x 80B)
Class com.android.tools.idea.gradle.model.IdeAaptOptions$Namespacing                  : loaded 2 times (x 81B)
Class com.google.common.cache.CacheLoader$UnsupportedLoadingOperationException        : loaded 2 times (x 84B)
Class com.android.tools.idea.gradle.model.IdeApiVersion                               : loaded 2 times (x 72B)
Class org.objectweb.asm.ClassWriter                                                   : loaded 2 times (x 107B)
Class com.google.common.collect.AbstractMapBasedMultimap$KeySet$1                     : loaded 2 times (x 84B)
Class com.android.tools.idea.gradle.project.sync.MeasurementCheckpoint                : loaded 2 times (x 81B)
Class com.google.gson.internal.bind.ReflectiveTypeAdapterFactory$1                    : loaded 2 times (x 76B)
Class org.gradle.tooling.model.eclipse.EclipseExternalDependency                      : loaded 2 times (x 72B)
Class org.gradle.tooling.internal.adapter.ProtocolToModelAdapter$TypeSpecificMappingAction: loaded 2 times (x 83B)
Class org.jetbrains.plugins.gradle.model.DefaultGradleLightBuild                      : loaded 2 times (x 84B)
Class com.android.tools.idea.gradle.project.sync.Modules                              : loaded 2 times (x 73B)
Class org.gradle.tooling.internal.consumer.versioning.VersionDetails$R35VersionDetails: loaded 2 times (x 82B)
Class com.android.builder.model.v2.ide.BasicTestSuiteArtifact                         : loaded 2 times (x 72B)
Class com.google.gson.internal.bind.TypeAdapters$23                                   : loaded 2 times (x 77B)
Class com.google.gson.FieldNamingPolicy$3                                             : loaded 2 times (x 85B)
Class com.google.common.collect.CollectPreconditions                                  : loaded 2 times (x 73B)
Class com.android.builder.model.v2.ide.TestSuiteTestInfo                              : loaded 2 times (x 72B)
Class com.android.tools.idea.gradle.project.sync.IdeModelFactoryV2Kt                  : loaded 2 times (x 73B)
Class com.android.tools.idea.gradle.model.impl.IdeUnresolvedLibraryTableImpl          : loaded 2 times (x 77B)
Class org.gradle.kotlin.dsl.VersionCatalogAccessorsKt                                 : loaded 2 times (x 73B)
Class com.google.gson.internal.bind.DefaultDateTypeAdapter$DateType                   : loaded 2 times (x 75B)
Class com.google.common.util.concurrent.UncheckedExecutionException                   : loaded 2 times (x 84B)
Class org.jetbrains.kotlin.tooling.core.KotlinToolingVersion                          : loaded 2 times (x 77B)
Class org.gradle.tooling.internal.consumer.converters.FixedBuildIdentifierProvider    : loaded 2 times (x 77B)
Class com.google.gson.internal.bind.TypeAdapters$24                                   : loaded 2 times (x 77B)
Class com.google.gson.FieldNamingPolicy$4                                             : loaded 2 times (x 85B)
Class com.google.common.collect.SortedMapDifference                                   : loaded 2 times (x 72B)
Class io.opentelemetry.context.ForwardingExecutorService                              : loaded 2 times (x 106B)
Class com.android.tools.idea.gradle.project.sync.HasBasicGradleProject                : loaded 2 times (x 72B)
Class com.google.common.util.concurrent.AbstractFuture$Trusted                        : loaded 2 times (x 72B)
Class com.android.tools.idea.gradle.project.sync.IdeAndroidModels                     : loaded 2 times (x 74B)
Class com.android.tools.idea.gradle.project.sync.SyncProjectActionWorker$populateAndroidModels$3$1: loaded 2 times (x 131B)
Class com.android.tools.idea.gradle.model.IdeUnresolvedArtifactLibrary                : loaded 2 times (x 72B)
Class com.android.tools.idea.gradle.model.IdeBuildTasksAndOutputInformation           : loaded 2 times (x 72B)
Class [Lcom.android.tools.idea.gradle.model.IdeAndroidProjectType;                    : loaded 2 times (x 71B)
Class com.android.tools.idea.gradle.model.impl.IdeBuildImpl                           : loaded 2 times (x 78B)
Class kotlin.collections.AbstractIterator                                             : loaded 2 times (x 85B)
Class com.google.gson.internal.sql.SqlTimeTypeAdapter$1                               : loaded 2 times (x 77B)
Class org.jetbrains.kotlin.idea.gradleTooling.KotlinDslScriptModelProvider            : loaded 2 times (x 80B)
Class com.google.common.cache.LocalCache$WriteThroughEntry                            : loaded 2 times (x 81B)
Class com.google.common.cache.LocalCache$HashIterator                                 : loaded 2 times (x 88B)
Class com.google.common.cache.LocalCache$EntryFactory                                 : loaded 2 times (x 85B)
Class com.google.gson.internal.bind.TypeAdapters$25                                   : loaded 2 times (x 77B)
Class com.google.gson.FieldNamingPolicy$5                                             : loaded 2 times (x 85B)
Class com.google.gson.internal.bind.MapTypeAdapterFactory$Adapter                     : loaded 2 times (x 76B)
Class com.android.tools.idea.gradle.model.IdeBasicVariant                             : loaded 2 times (x 72B)
Class com.android.tools.idea.gradle.model.impl.IdeJavaCompileOptionsImpl              : loaded 2 times (x 80B)
Class com.android.ide.common.gradle.Component                                         : loaded 2 times (x 74B)
Class com.android.tools.idea.gradle.model.impl.IdeModuleSourceSet                     : loaded 2 times (x 72B)
Class org.jetbrains.plugins.gradle.tooling.serialization.internal.IdeaProjectSerializationService$TestResourceDirectoriesGetter: loaded 2 times (x 77B)
Class com.google.common.cache.LocalCache$2                                            : loaded 2 times (x 144B)
Class org.gradle.tooling.model.Task                                                   : loaded 2 times (x 72B)
Class com.google.common.collect.AbstractMultimap                                      : loaded 2 times (x 125B)
Class com.google.common.collect.Sets$ImprovedAbstractSet                              : loaded 2 times (x 137B)
Class com.google.common.collect.AbstractMapEntry                                      : loaded 2 times (x 83B)
Class com.google.gson.internal.bind.TypeAdapterRuntimeTypeWrapper                     : loaded 2 times (x 76B)
Class org.jetbrains.kotlin.idea.projectModel.ExtraFeatures                            : loaded 2 times (x 72B)
Class com.google.common.cache.LocalCache$AbstractReferenceEntry                       : loaded 2 times (x 109B)
Class com.google.gson.internal.bind.ArrayTypeAdapter                                  : loaded 2 times (x 76B)
Class com.google.gson.internal.bind.TypeAdapters$26                                   : loaded 2 times (x 77B)
Class com.google.gson.FieldNamingPolicy$6                                             : loaded 2 times (x 85B)
Class com.google.common.cache.LocalCache$1                                            : loaded 2 times (x 91B)
Class com.android.tools.idea.gradle.model.impl.IdeBuildTasksAndOutputInformationImpl  : loaded 2 times (x 82B)
Class com.android.tools.idea.gradle.model.IdeMultiVariantData                         : loaded 2 times (x 72B)
Class com.android.tools.idea.gradle.project.sync.BuildTypeDef                         : loaded 2 times (x 74B)
Class com.android.tools.idea.gradle.project.sync.IdeModelFactoryV2                    : loaded 2 times (x 74B)
Class com.google.common.collect.SingletonImmutableBiMap                               : loaded 2 times (x 145B)
Class com.google.common.base.Ascii                                                    : loaded 2 times (x 73B)
Class com.google.common.collect.HashBiMap$BiEntry                                     : loaded 2 times (x 84B)
Class com.android.tools.idea.gradle.project.sync.SyncActionRunner$Companion           : loaded 2 times (x 73B)
Class com.android.tools.idea.gradle.project.sync.SyncActionRunner                     : loaded 2 times (x 78B)
Class com.intellij.gradle.toolingExtension.impl.util.GradleExecutorServiceUtil        : loaded 2 times (x 73B)
Class com.android.tools.idea.gradle.project.sync.VariantDependenciesCompat$AdjacencyList: loaded 2 times (x 74B)
Class org.gradle.internal.service.ServiceLocator                                      : loaded 2 times (x 72B)
Class com.android.tools.idea.gradle.project.sync.GradleSyncStudioFlags                : loaded 2 times (x 74B)
Class com.google.gson.stream.JsonWriter                                               : loaded 2 times (x 100B)
Class com.intellij.gradle.toolingExtension.modelAction.GradleBuildFinishedModelFetchPhase: loaded 2 times (x 83B)
Class com.google.gson.internal.reflect.ReflectionHelper                               : loaded 2 times (x 73B)
Class org.objectweb.asm.SymbolTable                                                   : loaded 2 times (x 74B)
Class com.google.common.cache.CacheLoader$InvalidCacheLoadException                   : loaded 2 times (x 84B)
Class com.google.gson.internal.bind.TypeAdapters$27                                   : loaded 2 times (x 77B)
Class com.google.gson.FieldNamingPolicy$7                                             : loaded 2 times (x 85B)
Class [Lorg.objectweb.asm.Type;                                                       : loaded 2 times (x 71B)
Class com.android.tools.idea.gradle.project.sync.AndroidArtifactRef                   : loaded 2 times (x 74B)
Class com.google.common.collect.Platform                                              : loaded 2 times (x 73B)
Class com.google.gson.internal.Primitives                                             : loaded 2 times (x 73B)
Class org.gradle.tooling.internal.consumer.connection.ParameterAwareBuildControllerAdapter: loaded 2 times (x 114B)
Class com.android.tools.idea.gradle.project.sync.ModelConverter                       : loaded 2 times (x 73B)
Class com.android.tools.idea.gradle.project.sync.SyncActionRunnerKt$toMeasuringController$1: loaded 2 times (x 92B)
Class com.google.common.collect.TreeRangeSet$AsRanges                                 : loaded 2 times (x 151B)
Class com.android.tools.idea.gradle.project.sync.AndroidModule$NativeModelVersion     : loaded 2 times (x 81B)
Class com.android.tools.idea.gradle.project.sync.IdeModelWithPostProcessor            : loaded 2 times (x 74B)
Class com.android.tools.idea.gradle.model.impl.IdeModuleWellKnownSourceSet$Companion  : loaded 2 times (x 73B)
Class com.android.ide.common.gradle.Version$Companion$ParseState$NONNUMERIC           : loaded 2 times (x 76B)
Class com.google.common.cache.LocalCache$StrongEntry                                  : loaded 2 times (x 110B)
Class com.google.common.util.concurrent.AbstractFuture$TrustedFuture                  : loaded 2 times (x 116B)
Class com.google.common.cache.LoadingCache                                            : loaded 2 times (x 72B)
Class [Lcom.google.gson.LongSerializationPolicy;                                      : loaded 2 times (x 71B)
Class com.android.tools.idea.gradle.project.sync.ModelFetchersKt$findKotlinModelsForAndroidProject$kaptModel$1: loaded 2 times (x 77B)
Class com.intellij.openapi.diagnostic.Logger$DefaultFactory                           : loaded 2 times (x 76B)
Class com.android.tools.idea.gradle.project.sync.LibraryIdentity$Companion            : loaded 2 times (x 73B)
Class com.android.tools.idea.gradle.model.impl.IdeModuleWellKnownSourceSet            : loaded 2 times (x 85B)
Class com.android.tools.idea.gradle.project.sync.InternedModels                       : loaded 2 times (x 74B)
Class com.android.tools.idea.gradle.project.sync.BasicV2AndroidModuleGradleProject    : loaded 2 times (x 75B)
Class com.android.tools.idea.gradle.project.sync.NativeVariantAbiResult$None          : loaded 2 times (x 73B)
Class com.android.tools.idea.gradle.project.sync.VariantSelectionChange$Companion     : loaded 2 times (x 73B)
Class com.google.gson.GsonBuilder                                                     : loaded 2 times (x 74B)
Class com.google.gson.internal.bind.DefaultDateTypeAdapter                            : loaded 2 times (x 76B)
Class com.google.common.base.MoreObjects                                              : loaded 2 times (x 73B)
Class com.google.common.collect.BaseImmutableMultimap                                 : loaded 2 times (x 125B)
Class org.gradle.tooling.internal.consumer.connection.NestedActionAwareBuildControllerAdapter: loaded 2 times (x 114B)
Class org.gradle.tooling.internal.consumer.versioning.VersionDetails$R51VersionDetails: loaded 2 times (x 82B)
Class com.google.common.collect.EmptyImmutableListMultimap                            : loaded 2 times (x 178B)
Class org.gradle.tooling.internal.consumer.converters.IdeaProjectJavaLanguageSettingsMixin: loaded 2 times (x 75B)
Class org.gradle.tooling.internal.consumer.versioning.VersionDetails                  : loaded 2 times (x 82B)
Class org.objectweb.asm.MethodWriter                                                  : loaded 2 times (x 107B)
Class [Lcom.google.common.cache.Weigher;                                              : loaded 2 times (x 71B)
Class com.google.gson.internal.bind.MapTypeAdapterFactory                             : loaded 2 times (x 77B)
Class com.google.gson.internal.bind.TypeAdapters$29                                   : loaded 2 times (x 77B)
Class com.google.gson.JsonNull                                                        : loaded 2 times (x 94B)
Class com.google.common.collect.RegularImmutableMap$BucketOverflowException           : loaded 2 times (x 84B)
Class com.android.tools.idea.gradle.project.sync.BuildInfo                            : loaded 2 times (x 74B)
Class com.android.builder.model.v2.models.TestApkTestSuiteSource                      : loaded 2 times (x 72B)
Class com.android.tools.idea.gradle.project.sync.ModelCacheV2ImplKt                   : loaded 2 times (x 73B)
Class com.android.tools.idea.gradle.model.IdeSigningConfig                            : loaded 2 times (x 72B)
Class com.android.tools.idea.gradle.project.sync.DeliverableGradleModule              : loaded 2 times (x 78B)
Class com.intellij.openapi.diagnostic.LogLevel                                        : loaded 2 times (x 81B)
Class com.android.tools.idea.gradle.model.IdeUnknownLibraryImpl                       : loaded 2 times (x 85B)
Class com.android.tools.idea.gradle.model.IdeLibrary                                  : loaded 2 times (x 72B)
Class com.android.tools.idea.gradle.project.sync.VariantDiscoveryKt                   : loaded 2 times (x 73B)
Class com.android.tools.idea.gradle.project.sync.HasAndroidVariantResolver            : loaded 2 times (x 72B)
Class com.google.common.cache.CacheLoader$FunctionToCacheLoader                       : loaded 2 times (x 77B)
Class com.google.common.collect.Cut                                                   : loaded 2 times (x 90B)
Class com.google.common.collect.ImmutableListMultimap                                 : loaded 2 times (x 178B)
Class com.android.tools.idea.gradle.project.sync.SelectedVariants                     : loaded 2 times (x 74B)
Class com.google.common.collect.ImmutableMultimap$1                                   : loaded 2 times (x 84B)
Class com.intellij.gradle.toolingExtension.impl.modelSerialization.ToolingSerializer$1: loaded 2 times (x 78B)
Class com.android.tools.idea.gradle.model.IdeBuild                                    : loaded 2 times (x 72B)
Class com.android.tools.idea.gradle.project.sync.ModelCache                           : loaded 2 times (x 72B)
Class com.android.tools.idea.gradle.project.sync.VariantDetails                       : loaded 2 times (x 74B)
Class com.android.tools.idea.gradle.model.impl.IdeVariantCoreImpl$Companion           : loaded 2 times (x 73B)
Class com.google.common.collect.Range$RangeLexOrdering                                : loaded 2 times (x 116B)
Class com.android.tools.idea.gradle.model.impl.IdeDependenciesCoreImpl                : loaded 2 times (x 72B)
Class com.android.tools.idea.gradle.project.sync.AndroidProjectPathResolver           : loaded 2 times (x 72B)
Class com.android.tools.idea.gradle.project.sync.VariantDiscovery$prepareRequestedOrDefaultModuleConfigurations$$inlined$sortedBy$1: loaded 2 times (x 91B)
Class com.android.tools.idea.gradle.model.IdeArtifactName$Companion$WhenMappings      : loaded 2 times (x 73B)
Class org.gradle.internal.classloader.InstrumentingClassLoader                        : loaded 2 times (x 72B)
Class org.gradle.internal.classpath.TransformedClassPath                              : loaded 2 times (x 98B)
Class ijInit2_8ck5gpwvuop3ihflsdk7de0x1$_run_closure1                                 : loaded 2 times (x 141B)
Class com.google.gson.LongSerializationPolicy                                         : loaded 2 times (x 82B)
Class com.google.common.collect.ImmutableMultimap$2                                   : loaded 2 times (x 83B)
Class com.google.common.collect.RegularImmutableBiMap                                 : loaded 2 times (x 150B)
Class com.google.common.cache.LocalCache$ValueReference                               : loaded 2 times (x 72B)
Class com.google.gson.internal.bind.DefaultDateTypeAdapter$DateType$1                 : loaded 2 times (x 75B)
Class sync_studio_tooling1809_81ronegimqg3pmmuykzgjwgm4$_run_closure1                 : loaded 2 times (x 140B)
Class com.google.common.cache.CacheBuilder$NullListener                               : loaded 2 times (x 84B)
Class org.objectweb.asm.FieldWriter                                                   : loaded 2 times (x 79B)
Class org.jetbrains.plugins.gradle.model.tests.ExternalTestSourceMapping              : loaded 2 times (x 72B)
Class com.android.tools.idea.gradle.project.sync.VariantDependenciesCompat            : loaded 2 times (x 74B)
Class kotlin.coroutines.jvm.internal.CoroutineDumpState                               : loaded 2 times (x 73B)
Class com.android.tools.idea.gradle.model.IdeDependenciesInfo                         : loaded 2 times (x 72B)
Class org.gradle.tooling.model.idea.IdeaContentRoot                                   : loaded 2 times (x 72B)
Class com.android.tools.idea.gradle.model.IdeArtifactName                             : loaded 2 times (x 81B)
Class org.jetbrains.plugins.gradle.tooling.serialization.internal.IdeaProjectSerializationService$JdkGetter: loaded 2 times (x 77B)
Class org.jetbrains.plugins.gradle.tooling.serialization.internal.IdeaProjectSerializationService$ResourceDirectoriesGetter: loaded 2 times (x 77B)
Class com.google.common.collect.MapDifference                                         : loaded 2 times (x 72B)
Class com.google.common.cache.LocalCache$Strength$3                                   : loaded 2 times (x 83B)
Class com.intellij.openapi.util.Pair                                                  : loaded 2 times (x 74B)
Class com.google.common.hash.PrimitiveSink                                            : loaded 2 times (x 72B)
Class com.google.common.base.PatternCompiler                                          : loaded 2 times (x 72B)
Class com.google.common.util.concurrent.AbstractFuture$Failure                        : loaded 2 times (x 74B)
Class com.google.common.base.Equivalence$Equals                                       : loaded 2 times (x 84B)
Class com.google.gson.internal.LazilyParsedNumber                                     : loaded 2 times (x 80B)
Class com.google.common.collect.Hashing                                               : loaded 2 times (x 73B)
Class com.google.common.collect.ComparisonChain$1                                     : loaded 2 times (x 83B)
Class com.android.tools.idea.gradle.model.IdeAndroidProjectType                       : loaded 2 times (x 81B)
Class com.android.tools.idea.gradle.project.sync.ModelCacheV2ImplKt$modelCacheV2Impl$variantCoreFrom$15: loaded 2 times (x 131B)
Class com.android.tools.idea.gradle.project.sync.ModelResult$Context                  : loaded 2 times (x 72B)
Class com.android.tools.idea.gradle.project.sync.DeliverableGradleModule$ModelConsumer: loaded 2 times (x 74B)
Class [Lcom.android.tools.idea.gradle.model.ResolverType;                             : loaded 2 times (x 71B)
Class com.android.tools.idea.gradle.project.sync.LibraryIdentity                      : loaded 2 times (x 74B)
Class com.android.tools.idea.gradle.model.IdeVariantCore                              : loaded 2 times (x 72B)
Class com.google.common.cache.LocalCache$Strength$2                                   : loaded 2 times (x 83B)
Class com.google.common.util.concurrent.SettableFuture                                : loaded 2 times (x 116B)
Class com.android.tools.idea.gradle.project.upgrade.AndroidGradlePluginCompatibilityKt: loaded 2 times (x 73B)
Class com.android.tools.idea.gradle.project.sync.BasicIncompleteAndroidModule         : loaded 2 times (x 75B)
Class org.jetbrains.kotlin.idea.gradleTooling.IdeaKotlinDependenciesContainer         : loaded 2 times (x 72B)
Class org.jetbrains.plugins.gradle.model.ProjectImportModelProvider$GradleModelConsumer$1: loaded 2 times (x 79B)
Class com.android.tools.idea.gradle.project.sync.ActionToRun$toSafeController$1       : loaded 2 times (x 92B)
Class org.gradle.tooling.model.GradleTask                                             : loaded 2 times (x 72B)
Class com.android.tools.idea.gradle.project.sync.AndroidExtraModelProviderKt$flattenDag$2: loaded 2 times (x 97B)
Class com.android.tools.idea.gradle.model.IdeVariantBuildInformation                  : loaded 2 times (x 72B)
Class com.google.common.cache.LocalCache$Strength$1                                   : loaded 2 times (x 83B)
Class org.objectweb.asm.ModuleVisitor                                                 : loaded 2 times (x 83B)
Class com.google.common.collect.Sets$4                                                : loaded 2 times (x 143B)
Class org.objectweb.asm.Label                                                         : loaded 2 times (x 75B)
Class org.objectweb.asm.CurrentFrame                                                  : loaded 2 times (x 75B)
Class org.objectweb.asm.ClassTooLargeException                                        : loaded 2 times (x 84B)
Class com.android.tools.idea.gradle.model.IdeVariantHeader                            : loaded 2 times (x 72B)
Class org.gradle.internal.service.UnknownServiceException                             : loaded 2 times (x 85B)
Class com.google.common.cache.LocalCache$LocalLoadingCache                            : loaded 2 times (x 136B)
Class com.google.common.collect.Sets$3                                                : loaded 2 times (x 143B)
Class [Lorg.objectweb.asm.AnnotationVisitor;                                          : loaded 2 times (x 71B)
Class com.android.tools.idea.gradle.project.sync.ModelProviderCachedData              : loaded 2 times (x 74B)
Class com.android.tools.idea.gradle.project.sync.ModelFetchersKt$findKotlinModelsForAndroidProject$kotlinModel$1: loaded 2 times (x 77B)
Class com.android.tools.idea.gradle.project.sync.SyncTestMode                         : loaded 2 times (x 81B)
Class com.android.tools.idea.gradle.project.sync.VariantNameResolutionKt$buildVariantNameResolver$1: loaded 2 times (x 77B)
Class com.android.tools.idea.gradle.model.impl.IdeVariantBuildInformationImpl         : loaded 2 times (x 78B)
Class org.jetbrains.plugins.gradle.model.ExternalSourceDirectorySet                   : loaded 2 times (x 72B)
Class com.android.tools.idea.gradle.project.sync.ModelCacheV2ImplKt$modelCacheV2Impl$variantCoreFrom$12: loaded 2 times (x 131B)
Class com.android.tools.idea.gradle.project.sync.ModelResult$Companion                : loaded 2 times (x 73B)
Class com.android.tools.idea.gradle.project.sync.AndroidProjectResultKt               : loaded 2 times (x 73B)
Class com.intellij.gradle.toolingExtension.impl.util.GradleModelProviderUtil          : loaded 2 times (x 73B)
Class com.android.tools.idea.gradle.project.sync.ModuleConfiguration                  : loaded 2 times (x 74B)
Class com.google.gson.internal.reflect.ReflectionHelper$RecordSupportedHelper         : loaded 2 times (x 80B)
Class com.google.common.collect.Maps$IteratorBasedAbstractMap                         : loaded 2 times (x 127B)
Class org.objectweb.asm.Frame                                                         : loaded 2 times (x 75B)
Class org.objectweb.asm.MethodVisitor                                                 : loaded 2 times (x 107B)
Class com.google.common.cache.LocalCache$EntryFactory$1                               : loaded 2 times (x 85B)
Class [Lcom.google.common.cache.RemovalListener;                                      : loaded 2 times (x 71B)
Class org.gradle.api.internal.ClassPathProvider                                       : loaded 2 times (x 72B)
Class com.android.tools.idea.gradle.project.sync.SyncVariantResult                    : loaded 2 times (x 74B)
Class [Lorg.gradle.api.internal.ClassPathProvider;                                    : loaded 2 times (x 71B)
Class com.android.tools.idea.gradle.model.impl.IdeVectorDrawablesOptionsImpl          : loaded 2 times (x 77B)
Class org.jetbrains.kotlin.idea.gradleTooling.model.kapt.KaptSourceSetModel           : loaded 2 times (x 72B)
Class com.google.gson.FieldNamingStrategy                                             : loaded 2 times (x 72B)
Class com.google.gson.JsonArray                                                       : loaded 2 times (x 102B)
Class com.google.common.collect.Sets$2                                                : loaded 2 times (x 143B)
Class com.android.builder.model.AndroidProject                                        : loaded 2 times (x 72B)
Class org.gradle.tooling.internal.consumer.versioning.VersionDetails$R28VersionDetails: loaded 2 times (x 82B)
Class com.google.common.collect.TreeRangeSet                                          : loaded 2 times (x 117B)
Class com.google.common.cache.LocalCache$EntryFactory$2                               : loaded 2 times (x 85B)
Class com.google.gson.internal.bind.JsonAdapterAnnotationTypeAdapterFactory           : loaded 2 times (x 77B)
Class com.android.tools.idea.gradle.project.sync.DefaultVariantsKt$getDefaultVariant$$inlined$thenBy$2: loaded 2 times (x 92B)
Class com.android.tools.idea.gradle.model.impl.IdeAndroidProjectImpl                  : loaded 2 times (x 109B)
Class com.android.tools.idea.gradle.project.sync.VariantDiscovery                     : loaded 2 times (x 74B)
Class com.android.tools.idea.gradle.project.sync.DependencyGraphCompat                : loaded 2 times (x 73B)
Class com.android.ide.common.gradle.Component$Companion                               : loaded 2 times (x 73B)
Class com.android.tools.idea.gradle.model.IdeLintOptions                              : loaded 2 times (x 72B)
Class com.android.tools.idea.gradle.project.sync.VariantAssetSourceProviderContext    : loaded 2 times (x 74B)
Class com.android.tools.idea.gradle.project.sync.DefaultVariantsKt$getDefaultVariant$$inlined$compareBy$1: loaded 2 times (x 92B)
Class com.android.builder.model.v2.dsl.ClassField                                     : loaded 2 times (x 72B)
Class com.google.common.collect.Cut$BelowAll                                          : loaded 2 times (x 90B)
Class com.android.tools.idea.gradle.project.sync.AndroidExtraModelProviderWorkerKt    : loaded 2 times (x 73B)
Class org.gradle.api.internal.DefaultClassPathProvider                                : loaded 2 times (x 78B)
Class org.jetbrains.plugins.gradle.tooling.util.ClassMap                              : loaded 2 times (x 74B)
Class com.google.gson.FieldNamingPolicy                                               : loaded 2 times (x 85B)
Class com.google.gson.FormattingStyle                                                 : loaded 2 times (x 80B)
Class com.google.gson.internal.bind.TypeAdapters                                      : loaded 2 times (x 73B)
Class org.objectweb.asm.AnnotationVisitor                                             : loaded 2 times (x 80B)
Class org.objectweb.asm.ModuleWriter                                                  : loaded 2 times (x 83B)
Class com.google.common.cache.LocalCache$EntryFactory$3                               : loaded 2 times (x 85B)
Class com.google.common.base.Ticker$1                                                 : loaded 2 times (x 74B)
Class com.google.gson.internal.bind.NumberTypeAdapter                                 : loaded 2 times (x 76B)
Class com.google.common.collect.Maps$BiMapConverter                                   : loaded 2 times (x 92B)
Class com.google.common.collect.ImmutableMapEntrySet$RegularEntrySet                  : loaded 2 times (x 154B)
Class com.google.common.collect.Sets$1                                                : loaded 2 times (x 143B)
Class org.jetbrains.kotlin.idea.projectModel.KotlinSwiftExportModel                   : loaded 2 times (x 72B)
Class org.gradle.tooling.internal.consumer.converters.ConsumerTargetTypeProvider      : loaded 2 times (x 78B)
Class com.android.tools.idea.gradle.model.IdeAndroidLibraryImpl$Companion             : loaded 2 times (x 73B)
Class com.android.tools.idea.gradle.model.IdeAndroidArtifactCore                      : loaded 2 times (x 72B)
Class com.android.tools.idea.gradle.model.impl.IdeApiVersionImpl                      : loaded 2 times (x 79B)
Class com.android.tools.idea.gradle.project.sync.AndroidProjectResult$Companion       : loaded 2 times (x 73B)
Class com.google.common.collect.Cut$BelowValue                                        : loaded 2 times (x 90B)
Class com.google.common.collect.SortedLists$KeyPresentBehavior$1                      : loaded 2 times (x 82B)
Class org.gradle.tooling.model.kotlin.dsl.EditorReportSeverity                        : loaded 2 times (x 81B)
Class com.intellij.gradle.toolingExtension.impl.modelAction.GradleDaemonModelHolder$ConvertedModel: loaded 2 times (x 74B)
Class org.gradle.tooling.internal.consumer.converters.EclipseExternalDependencyUnresolvedMixin: loaded 2 times (x 75B)
Class com.android.tools.idea.gradle.project.sync.JavaModule                           : loaded 2 times (x 80B)
Class com.android.tools.idea.gradle.project.sync.DefaultVariantsKt$getDefaultVariant$$inlined$thenBy$1: loaded 2 times (x 92B)
Class org.gradle.tooling.internal.consumer.versioning.VersionDetails$R44VersionDetails: loaded 2 times (x 82B)
Class org.jetbrains.kotlin.idea.projectModel.KotlinPlatform                           : loaded 2 times (x 81B)
Class com.android.builder.model.v2.models.TestSuiteDependenciesAdjacencyList          : loaded 2 times (x 72B)
Class com.google.common.collect.ImmutableSet$Builder                                  : loaded 2 times (x 87B)
Class com.google.common.cache.LocalCache$EntryFactory$4                               : loaded 2 times (x 85B)
Class com.google.gson.ToNumberPolicy$1                                                : loaded 2 times (x 85B)
Class [Lcom.google.gson.FieldNamingStrategy;                                          : loaded 2 times (x 71B)
Class com.google.gson.internal.Excluder                                               : loaded 2 times (x 77B)
Class [Lcom.android.tools.idea.gradle.model.impl.IdeModuleSourceSet;                  : loaded 2 times (x 71B)
Class com.android.tools.idea.gradle.model.IdeAndroidLibraryImplKt                     : loaded 2 times (x 73B)
Class com.android.tools.idea.gradle.model.IdeArtifactLibrary                          : loaded 2 times (x 72B)
Class com.google.common.collect.ImmutableEnumMap                                      : loaded 2 times (x 128B)
Class com.android.tools.idea.gradle.model.impl.IdeLintOptionsImpl                     : loaded 2 times (x 105B)
Class com.android.tools.idea.gradle.model.IdeSourceProviderContainer                  : loaded 2 times (x 72B)
Class com.google.common.collect.SortedLists$KeyPresentBehavior$2                      : loaded 2 times (x 82B)
Class com.google.common.collect.ListMultimap                                          : loaded 2 times (x 72B)
Class com.intellij.gradle.toolingExtension.modelAction.GradleModelFetchPhase$BuildFinished: loaded 2 times (x 72B)
Class org.jetbrains.kotlin.idea.projectModel.KotlinTarget$Companion                   : loaded 2 times (x 73B)
Class org.gradle.tooling.internal.adapter.ProtocolToModelAdapter$ClassMixInMethodInvoker: loaded 2 times (x 78B)
Class org.gradle.tooling.model.build.BuildEnvironment                                 : loaded 2 times (x 72B)
Class com.intellij.gradle.toolingExtension.impl.model.sourceSetModel.GradleSourceSetModelProvider: loaded 2 times (x 81B)
Class com.google.gson.internal.ReflectionAccessFilterHelper                           : loaded 2 times (x 73B)
Class com.google.gson.internal.reflect.ReflectionHelper$RecordHelper                  : loaded 2 times (x 77B)
Class com.google.common.cache.LocalCache$EntryFactory$5                               : loaded 2 times (x 85B)
Class com.google.gson.ToNumberPolicy$2                                                : loaded 2 times (x 85B)
Class org.jetbrains.plugins.gradle.tooling.serialization.internal.IdeaProjectSerializationService$TargetBytecodeVersionGetter: loaded 2 times (x 77B)
Class org.jetbrains.kotlin.idea.gradleTooling.AndroidAwareGradleModelProvider$populateModels$1: loaded 2 times (x 76B)
Class com.android.tools.idea.gradle.model.IdeBaseArtifactCore                         : loaded 2 times (x 72B)
Class com.android.tools.idea.gradle.model.IdeViewBindingOptions                       : loaded 2 times (x 72B)
Class [Lcom.android.tools.idea.gradle.model.IdeTestOptions$Execution;                 : loaded 2 times (x 71B)
Class com.android.builder.model.v2.models.AssetsTestSuiteSource                       : loaded 2 times (x 72B)
Class com.android.tools.idea.gradle.project.sync.SyncProjectActionWorker$populateAndroidModels$2$variantDiscovery$1: loaded 2 times (x 80B)
Class com.google.common.collect.SortedLists$KeyPresentBehavior$3                      : loaded 2 times (x 82B)
Class org.gradle.internal.impldep.com.google.common.base.Present                      : loaded 2 times (x 83B)
Class org.gradle.tooling.internal.consumer.connection.HasCompatibilityMapping         : loaded 2 times (x 75B)
Class com.android.tools.idea.gradle.model.impl.IdeUnresolvedLibraryTable              : loaded 2 times (x 72B)
Class [Lcom.google.common.collect.ImmutableMapEntry;                                  : loaded 2 times (x 71B)
Class org.gradle.tooling.internal.consumer.connection.InternalBuildActionAdapter      : loaded 2 times (x 82B)
Class com.google.gson.internal.bind.ObjectTypeAdapter                                 : loaded 2 times (x 76B)
Class com.google.gson.internal.bind.ReflectiveTypeAdapterFactory$FieldsData           : loaded 2 times (x 74B)
Class com.google.common.cache.LocalCache$EntryFactory$6                               : loaded 2 times (x 85B)
Class com.google.gson.ToNumberPolicy$3                                                : loaded 2 times (x 85B)
Class org.gradle.internal.installation.CurrentGradleInstallationLocator               : loaded 2 times (x 73B)
Class com.intellij.gradle.toolingExtension.impl.model.sourceSetDependencyModel.GradleSourceSetDependencyModelProvider: loaded 2 times (x 81B)
Class com.android.tools.idea.gradle.project.sync.AllKotlinModels                      : loaded 2 times (x 74B)
Class org.jetbrains.kotlin.gradle.idea.tcs.IdeaKotlinDependencyCoordinates            : loaded 2 times (x 72B)
Class com.google.common.collect.SortedLists                                           : loaded 2 times (x 73B)
Class [Lcom.google.common.collect.SortedLists$KeyPresentBehavior;                     : loaded 2 times (x 71B)
Class com.google.common.collect.SortedLists$KeyPresentBehavior$4                      : loaded 2 times (x 82B)
Class com.intellij.gradle.toolingExtension.model.repositoryModel.RepositoryModel      : loaded 2 times (x 72B)
Class org.gradle.tooling.model.idea.IdeaJavaLanguageSettings                          : loaded 2 times (x 72B)
Class com.android.builder.model.v2.models.TestSuiteSource                             : loaded 2 times (x 72B)
Class org.jetbrains.plugins.gradle.tooling.serialization.internal.adapter.kotlin.dsl.InternalKotlinDslScriptsModel: loaded 2 times (x 78B)
Class org.gradle.tooling.internal.adapter.ProtocolToModelAdapter$ChainedMethodInvoker : loaded 2 times (x 78B)
Class com.android.tools.idea.gradle.model.IdeBuildTypeContainer                       : loaded 2 times (x 72B)
Class com.android.tools.idea.gradle.model.impl.IdeJavaArtifactCoreImpl                : loaded 2 times (x 93B)
Class com.google.gson.internal.bind.TypeAdapters$32                                   : loaded 2 times (x 78B)
Class com.google.common.collect.ImmutableMultimap$Builder                             : loaded 2 times (x 88B)
Class com.google.common.collect.Maps$KeySet                                           : loaded 2 times (x 139B)
Class com.google.common.collect.ImmutableSet$EmptySetBuilderImpl                      : loaded 2 times (x 78B)
Class com.google.common.cache.LocalCache$EntryFactory$7                               : loaded 2 times (x 85B)
Class com.google.gson.ToNumberPolicy$4                                                : loaded 2 times (x 85B)
Class org.gradle.internal.service.DefaultServiceLocator                               : loaded 2 times (x 85B)
Class org.gradle.tooling.model.kotlin.dsl.EditorPosition                              : loaded 2 times (x 72B)
Class com.android.tools.idea.gradle.model.IdePreResolvedModuleLibrary                 : loaded 2 times (x 72B)
Class sync_studio_tooling1031_ett9lsr3qlcwv45kjb65c5n23                               : loaded 2 times (x 173B)
Class org.gradle.internal.classloader.DefaultClassLoaderFactory                       : loaded 2 times (x 84B)
Class com.google.gson.JsonSyntaxException                                             : loaded 2 times (x 84B)
Class com.android.tools.idea.gradle.project.sync.VariantNameResolutionKt              : loaded 2 times (x 73B)
Class com.google.gson.internal.bind.TypeAdapters$31                                   : loaded 2 times (x 78B)
Class com.google.common.collect.SortedLists$KeyPresentBehavior$5                      : loaded 2 times (x 82B)
Class com.google.common.collect.ComparisonChain$InactiveComparisonChain               : loaded 2 times (x 82B)
Class com.google.gson.internal.bind.JsonAdapterAnnotationTypeAdapterFactory$DummyTypeAdapterFactory: loaded 2 times (x 77B)
Class com.google.common.base.Suppliers                                                : loaded 2 times (x 73B)
Class org.jetbrains.plugins.gradle.model.FilePatternSet                               : loaded 2 times (x 72B)
Class org.jetbrains.plugins.gradle.model.GradleLightProject                           : loaded 2 times (x 72B)
Class [Lcom.google.common.cache.CacheBuilder$OneWeigher;                              : loaded 2 times (x 71B)
Class com.android.tools.idea.gradle.project.sync.AdditionalClassifierArtifactsActionOptions: loaded 2 times (x 74B)
Class org.objectweb.asm.MethodTooLargeException                                       : loaded 2 times (x 84B)
Class com.google.common.collect.ImmutableMultimap$EntryCollection                     : loaded 2 times (x 130B)
Class com.google.common.cache.LocalCache$EntryFactory$8                               : loaded 2 times (x 85B)
Class com.google.gson.internal.sql.SqlTypesSupport                                    : loaded 2 times (x 73B)
Class com.google.gson.Gson                                                            : loaded 2 times (x 74B)
Class org.gradle.internal.installation.CurrentGradleInstallation                      : loaded 2 times (x 75B)
Class com.google.common.base.Platform$JdkPatternCompiler                              : loaded 2 times (x 77B)
Class com.intellij.gradle.toolingExtension.impl.modelAction.GradleDaemonModelHolder   : loaded 2 times (x 78B)
Class com.android.tools.idea.gradle.model.IdeUnknownLibrary                           : loaded 2 times (x 72B)
Class org.gradle.tooling.model.kotlin.dsl.EditorReport                                : loaded 2 times (x 72B)
Class com.android.tools.idea.gradle.project.sync.LibraryIdentity$LibraryIdentityProvider$special$$inlined$compareBy$1: loaded 2 times (x 92B)
Class com.android.tools.idea.gradle.model.IdeBaseConfig                               : loaded 2 times (x 72B)
Class com.android.tools.idea.gradle.project.sync.GradleModelCollection                : loaded 2 times (x 72B)
Class com.google.gson.TypeAdapterFactory                                              : loaded 2 times (x 72B)
Class com.android.tools.idea.gradle.project.sync.GradleInjectedSyncActionRunner       : loaded 2 times (x 72B)
Class com.google.gson.internal.bind.JsonTreeReader                                    : loaded 2 times (x 99B)
Class com.google.gson.internal.bind.TypeAdapters$30                                   : loaded 2 times (x 78B)
Class org.objectweb.asm.ClassVisitor                                                  : loaded 2 times (x 90B)
Class [Lorg.objectweb.asm.Symbol;                                                     : loaded 2 times (x 71B)
Class org.gradle.tooling.internal.consumer.converters.IdeaModuleDependencyTargetNameMixin: loaded 2 times (x 75B)
Class com.android.tools.idea.gradle.project.sync.AgpVersionsMismatch                  : loaded 2 times (x 84B)
Class [Lcom.android.tools.idea.gradle.project.sync.ModelFeature;                      : loaded 2 times (x 71B)
Class org.jetbrains.kotlin.idea.projectModel.KotlinTargetJar                          : loaded 2 times (x 72B)
Class com.google.common.cache.CacheLoader$1                                           : loaded 2 times (x 77B)
Class com.google.gson.Gson$1                                                          : loaded 2 times (x 78B)
Class org.gradle.util.internal.GUtil                                                  : loaded 2 times (x 73B)
Class com.android.tools.idea.gradle.project.sync.ModelCache$V2                        : loaded 2 times (x 72B)
Class kotlin.jvm.internal.FunctionAdapter                                             : loaded 2 times (x 72B)
Class com.android.ide.common.gradle.Module$Companion                                  : loaded 2 times (x 73B)
Class com.google.common.collect.ImmutableMap$MapViewOfValuesAsSingletonSets           : loaded 2 times (x 128B)
Class com.google.common.collect.RegularImmutableMap                                   : loaded 2 times (x 122B)
Class com.android.tools.idea.gradle.project.sync.AndroidSdkBootClasspathUtilKt        : loaded 2 times (x 73B)
Class com.android.tools.idea.gradle.model.impl.IdeVariantCoreImpl                     : loaded 2 times (x 110B)
Class com.android.tools.idea.gradle.model.impl.IdeExtraSourceProviderImpl             : loaded 2 times (x 78B)
Class org.gradle.tooling.internal.consumer.connection.ToolingParameterProxy           : loaded 2 times (x 78B)
Class com.android.tools.idea.gradle.project.sync.AgpVersionTooOld                     : loaded 2 times (x 84B)
Class com.android.tools.idea.gradle.project.sync.VariantDef                           : loaded 2 times (x 74B)
Class com.android.tools.idea.gradle.project.sync.ClasspathIdentifier                  : loaded 2 times (x 74B)
Class com.android.tools.idea.gradle.project.sync.VariantDiscovery$toTraverseAction$1$1$moduleDependencies$1: loaded 2 times (x 131B)
Class com.google.gson.JsonObject                                                      : loaded 2 times (x 95B)
Class com.google.common.cache.AbstractCache$StatsCounter                              : loaded 2 times (x 72B)
Class com.google.gson.Gson$2                                                          : loaded 2 times (x 78B)
Class com.google.common.util.concurrent.ExecutionError                                : loaded 2 times (x 84B)
Class com.google.common.collect.ImmutableEnumSet                                      : loaded 2 times (x 148B)
Class com.android.builder.model.v2.ide.TestSuiteTarget                                : loaded 2 times (x 72B)
Class com.intellij.gradle.toolingExtension.modelAction.GradleModelFetchPhase$ProjectLoaded: loaded 2 times (x 72B)
Class com.intellij.gradle.toolingExtension.modelProvider.GradleClassProjectModelProvider: loaded 2 times (x 82B)
Class com.android.tools.idea.gradle.model.impl.FileImpl                               : loaded 2 times (x 123B)
Class com.android.tools.idea.gradle.model.IdeVectorDrawablesOptions                   : loaded 2 times (x 72B)
Class com.android.tools.idea.gradle.model.IdeSourceProvider                           : loaded 2 times (x 74B)
Class org.gradle.tooling.internal.consumer.converters.IncludedBuildsMixin             : loaded 2 times (x 76B)
Class com.android.tools.idea.gradle.model.IdeTestOptions                              : loaded 2 times (x 72B)
Class com.intellij.openapi.diagnostic.DefaultLogger                                   : loaded 2 times (x 103B)
Class com.intellij.openapi.diagnostic.Attachment                                      : loaded 2 times (x 74B)
Class com.android.tools.idea.gradle.project.sync.GradleProject$ModelConsumer          : loaded 2 times (x 74B)
Class org.gradle.internal.classloader.ClassLoaderHierarchy                            : loaded 2 times (x 72B)
Class com.google.gson.internal.bind.ReflectiveTypeAdapterFactory$BoundField           : loaded 2 times (x 77B)
Class com.google.gson.Gson$3                                                          : loaded 2 times (x 77B)
Class org.gradle.internal.installation.GradleInstallation                             : loaded 2 times (x 77B)
Class org.gradle.tooling.model.gradle.BasicGradleProject                              : loaded 2 times (x 72B)
Class com.android.tools.idea.gradle.project.sync.StandaloneDeliverableModel$Companion : loaded 2 times (x 73B)
Class com.android.tools.idea.gradle.project.sync.AgpCompatibilityKt                   : loaded 2 times (x 73B)
Class com.google.common.collect.ForwardingCollection                                  : loaded 2 times (x 132B)
Class com.android.tools.idea.gradle.project.sync.HasLintJar                           : loaded 2 times (x 72B)
Class com.android.tools.idea.gradle.project.sync.ModelFetchersKt$findNativeModuleModel$1: loaded 2 times (x 76B)
Class com.android.tools.idea.gradle.project.sync.VariantDiscovery$toProjectGraphAction$1$projectGraph$1: loaded 2 times (x 77B)
Class org.gradle.tooling.internal.adapter.ProtocolToModelAdapter$2                    : loaded 2 times (x 80B)
Class com.android.tools.idea.gradle.project.sync.VariantSelectionKt$getModuleDependencyConfigurations$generateDirectModuleDependencies$allDependencies$1: loaded 2 times (x 97B)
Class com.google.common.collect.Iterables                                             : loaded 2 times (x 73B)
Class com.google.gson.internal.bind.DefaultDateTypeAdapter$1                          : loaded 2 times (x 77B)
Class com.google.gson.Gson$4                                                          : loaded 2 times (x 78B)
Class com.google.gson.internal.ConstructorConstructor                                 : loaded 2 times (x 74B)
Class ijInit2_8ck5gpwvuop3ihflsdk7de0x1                                               : loaded 2 times (x 173B)
Class org.jetbrains.plugins.gradle.tooling.serialization.internal.IdeaProjectSerializationService$11: loaded 2 times (x 78B)
Class org.gradle.internal.classloader.FilteringClassLoader                            : loaded 2 times (x 106B)
Class com.google.common.collect.RegularImmutableMap$KeySet                            : loaded 2 times (x 154B)
Class com.google.gson.internal.bind.ObjectTypeAdapter$1                               : loaded 2 times (x 78B)
Class com.google.common.base.Equivalence$Identity                                     : loaded 2 times (x 84B)
Class com.google.common.base.PairwiseEquivalence                                      : loaded 2 times (x 85B)
Class com.google.gson.Gson$FutureTypeAdapter                                          : loaded 2 times (x 78B)
Class org.jetbrains.plugins.gradle.model.ProjectImportModelProvider$GradleModelConsumer: loaded 2 times (x 72B)
Class com.android.tools.idea.gradle.project.sync.ModelFeature                         : loaded 2 times (x 81B)
Class com.android.tools.idea.gradle.model.impl.IdeBuildTypeImpl                       : loaded 2 times (x 95B)
Class com.android.tools.idea.gradle.model.impl.IdeAndroidArtifactCoreImpl             : loaded 2 times (x 105B)
Class com.android.tools.idea.gradle.project.sync.ArtifactDependenciesCompat           : loaded 2 times (x 74B)
Class com.google.gson.internal.bind.TypeAdapters$6                                    : loaded 2 times (x 77B)
Class org.gradle.tooling.model.internal.Exceptions                                    : loaded 2 times (x 73B)
Class org.jetbrains.plugins.gradle.tooling.serialization.internal.IdeaProjectSerializationService$10: loaded 2 times (x 78B)
Class org.gradle.tooling.UnsupportedVersionException                                  : loaded 2 times (x 85B)
Class com.intellij.gradle.toolingExtension.impl.model.buildScriptClasspathModel.GradleBuildScriptClasspathModelProvider: loaded 2 times (x 81B)
Class com.intellij.gradle.toolingExtension.impl.modelAction.GradleModelFetchAction    : loaded 2 times (x 88B)
Class org.gradle.tooling.BuildAction                                                  : loaded 2 times (x 72B)
Class com.google.gson.ReflectionAccessFilter$FilterResult                             : loaded 2 times (x 81B)
Class com.google.gson.Gson$5                                                          : loaded 2 times (x 78B)

---------------  S Y S T E M  ---------------

OS:
 Windows 11 , 64 bit Build 22621 (10.0.22621.457)
OS uptime: 0 days 1:21 hours
Hyper-V role detected

CPU: total 4 (initial active 4) (4 cores per cpu, 2 threads per core) family 23 model 24 stepping 1 microcode 0x0, cx8, cmov, fxsr, ht, mmx, 3dnowpref, sse, sse2, sse3, ssse3, sse4a, sse4.1, sse4.2, popcnt, lzcnt, tsc, tscinvbit, avx, avx2, aes, clmul, bmi1, bmi2, adx, sha, fma, vzeroupper, clflush, clflushopt, hv, rdtscp, f16c
Processor Information for the first 4 processors :
  Max Mhz: 2600, Current Mhz: 2600, Mhz Limit: 2600

Memory: 4k page, system-wide physical 6020M (224M free)
TotalPageFile size 12692M (AvailPageFile size 350M)
current process WorkingSet (physical memory assigned to process): 526M, peak: 526M
current process commit charge ("private bytes"): 730M, peak: 1295M

vm_info: OpenJDK 64-Bit Server VM (25.0.2+-15348964-b329.117) for windows-amd64 JRE (25.0.2+-15348964-b329.117), built on 2026-05-05T18:25:19Z with MS VC++ 16.10 / 16.11 (VS2019)

END.
